季节（D）,商品,大类,二级类,销售额,订单量
4,东鹏特饮,饮料,功能饮料,700.0,199
4,怡宝纯净水,饮料,水,393.0,196
4,阿萨姆奶茶,饮料,茶饮料,735.5,184
4,统一冰红茶,饮料,茶饮料,515.5,171
4,营养快线,饮料,乳制品,608.0,151
4,脉动,饮料,功能饮料,564.5,139
3,东鹏特饮,饮料,功能饮料,456.5,130
4,雪碧最新款,饮料,碳酸饮料,331.5,110
3,阿萨姆奶茶,饮料,茶饮料,440.0,110
3,怡宝纯净水,饮料,水,212.5,106
4,卫龙大面筋,非饮料,肉干/豆制品/蛋,325.0,106
4,红牛,饮料,功能饮料,631.5,105
3,营养快线,饮料,乳制品,397.0,99
2,30g无穷农场盐_鸡蛋,非饮料,肉干/豆制品/蛋,312.5,98
4,王老吉（罐）,饮料,茶饮料,330.5,94
4,可口可乐（500ml）,饮料,碳酸饮料,282.0,94
4,香豆干,非饮料,肉干/豆制品/蛋,99.0,92
4,果粒橙,饮料,果蔬饮料,275.5,91
3,统一冰红茶,饮料,茶饮料,256.0,85
4,统一绿茶,饮料,茶饮料,235.5,77
4,鸭翅,非饮料,肉干/豆制品/蛋,138.0,75
4,雪碧（500ml）,饮料,碳酸饮料,222.5,74
4,可口可乐最新款,饮料,碳酸饮料,219.5,73
3,脉动,饮料,功能饮料,288.5,72
2,40g双汇玉米热狗肠,非饮料,肉干/豆制品/蛋,139.5,68
4,30g无穷农场盐_鸡蛋,非饮料,肉干/豆制品/蛋,215.5,66
3,统一绿茶,饮料,茶饮料,192.0,64
2,20g咪咪虾条马来西亚风味,非饮料,膨化食品,148.4,62
4,熊字饼,非饮料,饼干糕点,186.0,62
3,卫龙大面筋,非饮料,肉干/豆制品/蛋,186.0,62
4,小鱼仔,非饮料,海味零食,66.5,61
2,怡宝纯净水,饮料,水,118.0,59
2,东鹏特饮,饮料,功能饮料,199.5,57
3,香豆干,非饮料,肉干/豆制品/蛋,60.0,57
2,阿萨姆奶茶,饮料,茶饮料,218.5,54
3,可口可乐（500ml）,饮料,碳酸饮料,162.0,54
2,营养快线,饮料,乳制品,216.0,53
3,王老吉（罐）,饮料,茶饮料,187.0,53
4,王老吉（500ml）,饮料,茶饮料,208.0,52
4,40g双汇玉米热狗肠,非饮料,肉干/豆制品/蛋,99.5,51
3,鸭翅,非饮料,肉干/豆制品/蛋,88.0,50
4,13g无穷烤鸡小腿蜂蜜味,非饮料,肉干/豆制品/蛋,211.5,49
2,脉动,饮料,功能饮料,206.0,49
3,红牛,饮料,功能饮料,289.5,48
4,20g咪咪虾条马来西亚风味,非饮料,膨化食品,87.1,47
4,250ml维他柠檬茶,饮料,茶饮料,176.0,46
3,果粒橙,饮料,果蔬饮料,136.0,45
4,伊利纯牛奶,饮料,乳制品,135.5,45
4,伊利优酸乳,饮料,乳制品,109.0,44
4,美年达（罐）,饮料,碳酸饮料,127.0,43
3,熊字饼,非饮料,饼干糕点,126.0,42
2,250ml维他柠檬茶,饮料,茶饮料,188.5,42
2,13g无穷烤鸡小腿蜂蜜味,非饮料,肉干/豆制品/蛋,154.0,41
2,85g统一老坛酸菜牛肉面,非饮料,方便速食,229.5,41
3,雪碧（500ml）,饮料,碳酸饮料,120.0,40
3,雪碧最新款,饮料,碳酸饮料,119.5,40
3,可口可乐最新款,饮料,碳酸饮料,120.0,40
2,32g卫龙亲嘴烧,非饮料,肉干/豆制品/蛋,88.2,40
4,250ml红牛,饮料,功能饮料,363.0,36
2,250ml维他原味豆奶,饮料,植物蛋白,111.0,36
2,145ml旺仔牛奶盒装,饮料,乳制品,140.0,36
3,伊利优酸乳,饮料,乳制品,87.0,35
4,250ml维他原味豆奶,饮料,植物蛋白,114.3,35
4,250ml燕塘甜牛奶,饮料,乳制品,162.5,34
2,统一冰红茶,饮料,茶饮料,98.5,33
4,145ml旺仔牛奶盒装,饮料,乳制品,113.5,33
2,统一绿茶,饮料,茶饮料,97.0,32
3,银鹭八宝粥,饮料,方便速食,128.5,32
4,可口可乐330ml,饮料,碳酸饮料,90.5,32
4,银鹭八宝粥,饮料,方便速食,124.5,31
4,430g泰奇八宝粥,非饮料,方便速食,232.5,31
4,维他奶,饮料,植物蛋白,93.0,31
3,小鱼仔,非饮料,海味零食,32.5,31
4,600ml可口可乐,饮料,碳酸饮料,124.0,31
2,85g新麦潮北海道吐司,非饮料,饼干糕点,103.0,30
2,250ml燕塘原味酸奶,饮料,乳制品,135.0,30
4,维他柠檬茶,饮料,茶饮料,88.5,29
2,55g奥利奥原味芝士饼干,非饮料,饼干糕点,143.5,27
3,美年达（罐）,饮料,碳酸饮料,81.0,27
2,卫龙大面筋,非饮料,肉干/豆制品/蛋,81.0,27
4,250ml燕塘红枣牛奶,饮料,乳制品,114.0,26
2,45g双汇泡面拍挡,非饮料,肉干/豆制品/蛋,52.5,26
1,怡宝纯净水,饮料,水,54.0,26
4,85g新麦潮北海道吐司,非饮料,饼干糕点,82.5,26
4,250ml燕塘原味酸奶,饮料,乳制品,132.0,26
2,250ml燕塘红枣牛奶,饮料,乳制品,134.0,26
4,32g卫龙亲嘴烧,非饮料,肉干/豆制品/蛋,55.78,26
1,东鹏特饮,饮料,功能饮料,87.5,25
2,250ml燕塘甜牛奶,饮料,乳制品,139.5,25
2,85g新麦潮手撕面包（提子味）,非饮料,饼干糕点,73.0,25
4,85g统一老坛酸菜牛肉面,非饮料,方便速食,138.5,25
4,268ml雀巢咖啡丝滑拿铁,饮料,咖啡,156.0,25
4,12g劲仔小鱼麻辣味,非饮料,肉干/豆制品/蛋,68.0,25
2,鸭翅,非饮料,肉干/豆制品/蛋,41.0,24
1,脉动,饮料,功能饮料,93.5,23
3,40g双汇玉米热狗肠,非饮料,肉干/豆制品/蛋,57.0,23
2,52g旺旺仙贝,非饮料,膨化食品,103.5,23
2,10g卫龙亲嘴烧香辣味,非饮料,肉干/豆制品/蛋,39.4,22
4,86g合味道海鲜风味,非饮料,方便速食,144.0,22
2,香豆干,非饮料,肉干/豆制品/蛋,23.0,22
2,果粒橙,饮料,果蔬饮料,66.0,22
3,维他柠檬茶,饮料,茶饮料,67.0,22
3,口味王槟榔（绿）,非饮料,蜜饯/果干,210.0,21
3,王老吉（500ml）,饮料,茶饮料,80.0,20
4,口味王槟榔（绿）,非饮料,蜜饯/果干,200.0,20
2,86g合味道海鲜风味,非饮料,方便速食,120.0,20
1,统一冰红茶,饮料,茶饮料,60.5,20
3,伊利纯牛奶,饮料,乳制品,60.0,20
2,2g韩国海牌海苔,非饮料,海味零食,84.8,20
2,85g嘉士利果乐果香夹心饼干蓝莓味,非饮料,饼干糕点,90.0,20
4,10g卫龙亲嘴烧香辣味,非饮料,肉干/豆制品/蛋,34.9,19
4,85g新麦潮手撕面包（提子味）,非饮料,饼干糕点,65.5,19
4,香脆肠,非饮料,肉干/豆制品/蛋,28.0,19
2,红牛,饮料,功能饮料,114.0,19
2,430g泰奇八宝粥,非饮料,方便速食,162.5,19
4,茉莉蜜茶,饮料,茶饮料,58.5,19
2,58g丽芝士纳宝帝奶酪威化饼干,非饮料,饼干糕点,83.5,19
4,250ml维他奶巧克力味,饮料,植物蛋白,70.0,18
4,百事可乐330ml,饮料,碳酸饮料,53.0,18
2,600ml可口可乐,饮料,碳酸饮料,69.5,18
3,13g无穷烤鸡小腿蜂蜜味,非饮料,肉干/豆制品/蛋,79.0,18
4,32g卫龙亲嘴烧红烧牛肉味,非饮料,肉干/豆制品/蛋,57.6,18
2,268ml雀巢咖啡丝滑拿铁,饮料,咖啡,121.5,18
2,330ml伊利畅意乳酸菌原味,饮料,乳制品,119.5,18
4,55g奥利奥原味芝士饼干,非饮料,饼干糕点,87.0,18
2,可口可乐最新款,饮料,碳酸饮料,54.0,18
2,可口可乐（500ml）,饮料,碳酸饮料,51.0,17
2,78g卫龙亲嘴语辣条,非饮料,肉干/豆制品/蛋,74.5,17
2,12g劲仔小鱼麻辣味,非饮料,肉干/豆制品/蛋,34.5,17
4,2g韩国海牌海苔,非饮料,海味零食,59.2,17
1,阿萨姆奶茶,饮料,茶饮料,67.5,17
2,王老吉（罐）,饮料,茶饮料,59.5,17
1,香豆干,非饮料,肉干/豆制品/蛋,18.0,17
2,伊利优酸乳,饮料,乳制品,40.0,16
2,雪碧最新款,饮料,碳酸饮料,47.5,16
4,20g马来西亚风味咪咪蟹味粒0219,非饮料,膨化食品,30.8,16
3,30g无穷农场盐_鸡蛋,非饮料,肉干/豆制品/蛋,66.0,16
4,500ml统一阿萨姆奶茶,饮料,茶饮料,110.0,16
2,250ML东鹏特饮,饮料,功能饮料,81.0,16
2,250ml红牛,饮料,功能饮料,143.0,16
4,480ml小茗同学冷泡青柠红茶,饮料,茶饮料,86.5,16
1,营养快线,饮料,乳制品,64.5,16
4,咪咪,非饮料,膨化食品,16.0,16
4,78g卫龙亲嘴语辣条,非饮料,肉干/豆制品/蛋,71.0,16
3,85g统一老坛酸菜牛肉面,非饮料,方便速食,76.0,15
2,40g乐事美国经典原味,非饮料,膨化食品,72.0,15
4,45g双汇泡面拍挡,非饮料,肉干/豆制品/蛋,37.5,15
1,统一绿茶,饮料,茶饮料,46.5,15
2,32g卫龙亲嘴烧红烧牛肉味,非饮料,肉干/豆制品/蛋,52.2,15
2,600ml脉动青柠,饮料,功能饮料,92.5,14
4,58g丽芝士纳宝帝奶酪威化饼干,非饮料,饼干糕点,49.5,14
3,250ml维他原味豆奶,饮料,植物蛋白,54.8,14
1,香脆肠,非饮料,肉干/豆制品/蛋,19.0,14
1,可口可乐最新款,饮料,碳酸饮料,39.0,13
2,银鹭八宝粥,饮料,方便速食,52.5,13
2,雪碧（500ml）,饮料,碳酸饮料,39.0,13
1,王老吉（罐）,饮料,茶饮料,46.5,13
4,205g伊利安慕希原味,饮料,乳制品,71.5,13
3,维他奶,饮料,植物蛋白,39.0,13
3,可口可乐330ml,饮料,碳酸饮料,38.0,13
4,600ml雪碧,饮料,碳酸饮料,46.5,12
4,85g嘉士利果乐果香夹心饼干蓝莓味,非饮料,饼干糕点,54.0,12
4,450ml美汁源果粒橙,饮料,果蔬饮料,51.0,12
4,330ml伊利畅意乳酸菌原味,饮料,乳制品,82.5,12
2,500ml统一阿萨姆奶茶,饮料,茶饮料,85.0,12
1,雪碧最新款,饮料,碳酸饮料,35.0,12
4,180ml雀巢咖啡罐装,饮料,咖啡,63.0,12
3,250ml维他柠檬茶,饮料,茶饮料,60.5,12
2,20g马来西亚风味咪咪蟹味粒0219,非饮料,膨化食品,21.6,12
3,600ml脉动青柠,饮料,功能饮料,58.4,12
3,250ml燕塘甜牛奶,饮料,乳制品,52.0,12
3,250ml红牛,饮料,功能饮料,193.5,12
1,30g无穷农场盐_鸡蛋,非饮料,肉干/豆制品/蛋,34.5,12
2,205g伊利安慕希原味,饮料,乳制品,71.5,12
4,500ml加多宝,饮料,茶饮料,52.5,11
3,咪咪,非饮料,膨化食品,11.0,11
1,250ml维他原味豆奶,饮料,植物蛋白,38.0,11
4,150g健能酸奶原味,饮料,乳制品,44.0,11
3,百事可乐330ml,饮料,碳酸饮料,33.0,11
1,可口可乐（500ml）,饮料,碳酸饮料,33.0,11
3,145ml旺仔牛奶盒装,饮料,乳制品,36.5,11
3,12g劲仔小鱼麻辣味,非饮料,肉干/豆制品/蛋,25.5,11
2,40g呀土豆薯片滋香烤鸡味,非饮料,膨化食品,49.5,11
4,103g康师傅红烧牛肉面,非饮料,方便速食,60.5,11
3,86g合味道海鲜风味,非饮料,方便速食,70.5,11
4,70g乖媳妇野山泡椒凤爪,非饮料,肉干/豆制品/蛋,74.5,11
4,65g卫龙亲嘴豆皮,非饮料,肉干/豆制品/蛋,49.5,11
2,78g卫龙亲语,非饮料,肉干/豆制品/蛋,45.0,10
3,32g卫龙亲嘴烧,非饮料,肉干/豆制品/蛋,19.8,10
4,口味王槟榔（红）,非饮料,蜜饯/果干,150.0,10
4,160g盼盼手撕面包,非饮料,饼干糕点,79.0,10
1,果粒橙,饮料,果蔬饮料,30.0,10
4,40g乐事薯片黄瓜味,非饮料,膨化食品,53.5,10
3,250ml燕塘原味酸奶,饮料,乳制品,60.5,10
1,卫龙大面筋,非饮料,肉干/豆制品/蛋,30.0,10
4,雀巢咖啡,饮料,咖啡,70.5,10
2,480ml小茗同学冷泡青柠红茶,饮料,茶饮料,55.0,10
2,180ml雀巢咖啡罐装,饮料,咖啡,63.0,10
2,148g富甲一方紫薯仔,非饮料,蜜饯/果干,58.5,9
3,150g健能酸奶原味,饮料,乳制品,33.0,9
4,乐虎（380ml）,饮料,功能饮料,36.0,9
3,雀巢咖啡,饮料,咖啡,61.5,9
2,可口可乐330ml,饮料,碳酸饮料,24.5,9
2,维他柠檬茶,饮料,茶饮料,29.5,9
2,450ml美汁源果粒橙,饮料,果蔬饮料,39.0,9
2,维他奶,饮料,植物蛋白,26.0,9
4,冰糖雪梨,饮料,果蔬饮料,32.0,9
4,凤爪,非饮料,肉干/豆制品/蛋,18.0,9
4,148g富甲一方紫薯仔,非饮料,蜜饯/果干,65.0,9
2,100g*5瓶益力多,饮料,乳制品,137.5,9
1,40g双汇玉米热狗肠,非饮料,肉干/豆制品/蛋,21.0,9
1,鸭翅,非饮料,肉干/豆制品/蛋,15.0,9
2,150g健能酸奶原味,饮料,乳制品,44.0,9
3,268ml雀巢咖啡丝滑拿铁,饮料,咖啡,55.5,9
2,小鱼仔,非饮料,海味零食,10.0,9
4,52g旺旺仙贝,非饮料,膨化食品,40.5,9
4,双汇玉米热狗肠,非饮料,肉干/豆制品/蛋,22.0,9
4,100g*5瓶益力多,饮料,乳制品,111.0,9
2,伊利纯牛奶,饮料,乳制品,23.5,8
4,600ml脉动青柠,饮料,功能饮料,54.0,8
3,600ml可口可乐,饮料,碳酸饮料,31.0,8
2,劲仔小鱼（麻辣味）,非饮料,肉干/豆制品/蛋,12.0,8
1,伊利纯牛奶,饮料,乳制品,24.0,8
3,430g泰奇八宝粥,非饮料,方便速食,62.5,8
2,70g乐事薯片黄瓜味,非饮料,膨化食品,52.5,8
1,王老吉（500ml）,饮料,茶饮料,32.0,8
1,红牛,饮料,功能饮料,48.0,8
1,55g奥利奥原味芝士饼干,非饮料,饼干糕点,40.5,8
4,40g乐事美国经典原味,非饮料,膨化食品,36.0,8
1,250ml维他柠檬茶,饮料,茶饮料,30.0,8
2,70g乖媳妇野山泡椒凤爪,非饮料,肉干/豆制品/蛋,45.0,8
3,10g卫龙亲嘴烧香辣味,非饮料,肉干/豆制品/蛋,9.0,8
3,雪碧330ml,饮料,碳酸饮料,23.5,8
3,20g咪咪虾条马来西亚风味,非饮料,膨化食品,12.7,8
4,75g新麦潮天然酵母面包（北海道牛奶风味）,非饮料,饼干糕点,19.5,7
3,250ml燕塘红枣牛奶,饮料,乳制品,31.0,7
1,2g韩国海牌海苔,非饮料,海味零食,17.6,7
2,12g劲仔小鱼卤香味,非饮料,肉干/豆制品/蛋,34.5,7
1,伊利优酸乳,饮料,乳制品,17.0,7
4,80g四洲粟一烧烧烤味,非饮料,膨化食品,58.0,7
1,20g咪咪虾条马来西亚风味,非饮料,膨化食品,16.0,7
3,330ml伊利畅意乳酸菌原味,饮料,乳制品,53.5,7
2,160g盼盼手撕面包,非饮料,饼干糕点,60.0,7
4,68g好丽友巧克力派2枚,非饮料,饼干糕点,31.0,7
2,熊字饼,非饮料,饼干糕点,21.5,7
4,80g香飘飘椰果奶茶麦香味,饮料,茶饮料,31.5,7
2,王老吉（500ml）,饮料,茶饮料,28.0,7
4,湘潭铺子(羽泉版),非饮料,蜜饯/果干,70.0,7
2,美年达（罐）,饮料,碳酸饮料,20.5,7
4,咪咪虾条马来西亚风味,非饮料,膨化食品,16.8,7
4,康师傅矿泉水,饮料,水,12.7,7
2,40g呀土豆番茄酱味,非饮料,膨化食品,36.0,7
2,75g新麦潮天然酵母面包（北海道牛奶风味）,非饮料,饼干糕点,24.0,7
2,印尼芝士威化饼干,非饮料,饼干糕点,21.0,7
1,小鱼仔,非饮料,海味零食,8.0,7
4,50g上好佳田园薯片番茄味,非饮料,膨化食品,31.5,7
1,银鹭八宝粥,饮料,方便速食,28.0,7
1,可乐可乐,饮料,碳酸饮料,24.0,7
4,500ml农夫果园 (芒果+菠萝+番石榴),饮料,果蔬饮料,39.5,7
2,91g徐福记凤梨酥,非饮料,饼干糕点,45.5,7
2,68g好丽友巧克力派2枚,非饮料,饼干糕点,36.0,7
4,91g徐福记凤梨酥,非饮料,饼干糕点,45.5,7
2,40g乐事薯片黄瓜味,非饮料,膨化食品,31.5,7
4,55g奥利奥原味夹心饼干,非饮料,饼干糕点,40.5,7
1,250ml燕塘甜牛奶,饮料,乳制品,25.0,6
2,雪碧330ml,饮料,碳酸饮料,16.0,6
3,55g奥利奥原味芝士饼干,非饮料,饼干糕点,28.5,6
1,熊字饼,非饮料,饼干糕点,18.0,6
4,奥利奥原味芝士,非饮料,饼干糕点,28.0,6
2,370g泰奇八宝粥,非饮料,方便速食,36.0,6
2,250ml维他奶巧克力味,饮料,植物蛋白,20.5,6
3,500ml统一阿萨姆奶茶,饮料,茶饮料,40.0,6
3,香脆肠,非饮料,肉干/豆制品/蛋,7.0,6
4,无穷农场盐_鸡蛋,非饮料,肉干/豆制品/蛋,15.0,6
4,怡宝,饮料,水,12.0,6
2,80g香飘飘椰果奶茶麦香味,饮料,茶饮料,36.0,6
3,茉莉蜜茶,饮料,茶饮料,18.0,6
3,100g*5瓶益力多,饮料,乳制品,75.0,6
2,80g四洲粟一烧烧烤味,非饮料,膨化食品,50.0,6
4,370g泰奇八宝粥,非饮料,方便速食,42.0,6
1,250ml燕塘原味酸奶,饮料,乳制品,25.0,6
3,205g伊利安慕希原味,饮料,乳制品,32.0,6
3,芬达330ml,饮料,碳酸饮料,17.0,6
4,阿萨姆煎茶奶绿,饮料,茶饮料,24.0,6
2,220g宝丰龙龟苓膏,非饮料,果冻/龟苓膏,30.0,6
4,雪力矿泉水,饮料,水,12.0,6
3,78g卫龙亲嘴语辣条,非饮料,肉干/豆制品/蛋,27.0,6
3,85g嘉士利果乐果香夹心饼干蓝莓味,非饮料,饼干糕点,31.5,6
4,加多宝,饮料,茶饮料,44.0,6
2,乖媳妇野山椒风爪,非饮料,肉干/豆制品/蛋,21.0,6
4,可乐可乐,饮料,碳酸饮料,24.5,6
1,85g新麦潮北海道吐司,非饮料,饼干糕点,17.0,6
4,劲仔小鱼（麻辣味）,非饮料,肉干/豆制品/蛋,12.0,6
1,85g新麦潮手撕面包（提子味）,非饮料,饼干糕点,19.5,6
1,美年达（罐）,饮料,碳酸饮料,15.5,6
3,乐虎（380ml）,饮料,功能饮料,24.0,6
4,70g乐事薯片黄瓜味,非饮料,膨化食品,33.5,5
3,91g徐福记凤梨酥,非饮料,饼干糕点,32.5,5
4,80g香飘飘椰果奶茶原味,饮料,茶饮料,27.0,5
3,148g富甲一方紫薯仔,非饮料,蜜饯/果干,32.5,5
1,10g卫龙亲嘴烧香辣味,非饮料,肉干/豆制品/蛋,7.2,5
1,口味王槟榔（绿）,非饮料,蜜饯/果干,50.0,5
1,430g泰奇八宝粥,非饮料,方便速食,32.5,5
4,维他原味豆奶,饮料,植物蛋白,21.0,5
4,250ml王老吉盒装,饮料,茶饮料,12.5,5
3,维他原味豆奶,饮料,植物蛋白,24.5,5
4,40g呀土豆番茄酱味,非饮料,膨化食品,22.5,5
2,110g顺宝九制话梅,非饮料,蜜饯/果干,23.8,5
4,250ML东鹏特饮,饮料,功能饮料,21.5,5
2,65g卫龙亲嘴豆皮,非饮料,肉干/豆制品/蛋,22.5,5
1,250ml燕塘红枣牛奶,饮料,乳制品,20.5,5
4,芙蓉王,非饮料,香烟,125.0,5
2,口味王槟榔（绿）,非饮料,蜜饯/果干,50.0,5
1,雪碧（500ml）,饮料,碳酸饮料,15.0,5
3,85g新麦潮北海道吐司,非饮料,饼干糕点,11.5,5
3,80g香飘飘椰果奶茶麦香味,饮料,茶饮料,31.5,5
2,86g合味道浓猪骨味,非饮料,方便速食,30.0,5
3,65g卫龙亲嘴豆皮,非饮料,肉干/豆制品/蛋,22.5,5
2,500ml加多宝,饮料,茶饮料,27.0,5
3,68g好丽友巧克力派2枚,非饮料,饼干糕点,22.5,5
2,统一来一桶香辣老坛酸菜牛肉面,非饮料,方便速食,27.5,5
4,健能酸奶,饮料,乳制品,32.0,5
3,70g乖媳妇野山泡椒凤爪,非饮料,肉干/豆制品/蛋,24.0,5
1,85g统一老坛酸菜牛肉面,非饮料,方便速食,26.0,5
4,乖媳妇野山椒风爪,非饮料,肉干/豆制品/蛋,17.5,5
4,37.5g费列罗榛果威化巧克力3颗,非饮料,糖果/巧克力,59.0,5
1,维他柠檬茶,饮料,茶饮料,15.0,5
4,150g洽洽原香瓜子,非饮料,坚果炒货,35.0,5
2,48g好丽友薯愿香烤原味,非饮料,膨化食品,25.0,5
3,480ml小茗同学冷泡青柠红茶,饮料,茶饮料,25.0,5
2,80g香飘飘椰果奶茶原味,饮料,茶饮料,27.0,5
4,雪碧330ml,饮料,碳酸饮料,13.5,5
3,阿萨姆煎茶奶绿,饮料,茶饮料,20.0,5
1,85g嘉士利果乐果香夹心饼干蓝莓味,非饮料,饼干糕点,22.5,5
3,45g双汇泡面拍挡,非饮料,肉干/豆制品/蛋,7.5,4
4,70g乐事薯片（黄瓜味）,非饮料,膨化食品,25.0,4
3,58g丽芝士纳宝帝奶酪威化饼干,非饮料,饼干糕点,15.0,4
3,500ml加多宝,饮料,茶饮料,18.0,4
3,52g旺旺仙贝,非饮料,膨化食品,18.0,4
3,2g韩国海牌海苔,非饮料,海味零食,7.9,4
3,椰树牌椰汁,饮料,植物蛋白,18.0,4
3,85g新麦潮手撕面包（提子味）,非饮料,饼干糕点,12.0,4
3,冰糖雪梨,饮料,果蔬饮料,13.5,4
3,600ml雪碧,饮料,碳酸饮料,19.6,4
2,100g果王咸柑桔罐装,非饮料,蜜饯/果干,26.0,4
4,86g合味道浓猪骨味,非饮料,方便速食,25.0,4
4,燕塘原味酸奶,饮料,乳制品,18.0,4
1,70g乖媳妇野山泡椒凤爪,非饮料,肉干/豆制品/蛋,13.0,4
2,维他原味豆奶,饮料,植物蛋白,14.0,4
4,68g好丽友蛋黄派2枚,非饮料,饼干糕点,18.0,4
1,维他原味豆奶,饮料,植物蛋白,14.0,4
1,86g合味道海鲜风味,非饮料,方便速食,30.0,4
4,80g马赛克香蕉片,非饮料,蜜饯/果干,26.5,4
1,600ml可口可乐,饮料,碳酸饮料,17.5,4
2,雀巢咖啡,饮料,咖啡,25.5,4
4,220g宝丰龙龟苓膏,非饮料,果冻/龟苓膏,20.0,4
4,40g上好佳日式鱼果,非饮料,膨化食品,17.0,4
4,250ml维他奶低糖原味,饮料,植物蛋白,12.0,4
4,益力多100g*5瓶,饮料,乳制品,48.5,4
2,双汇玉米热狗肠,非饮料,肉干/豆制品/蛋,8.0,4
2,225g味之不规则饼干芝士味,非饮料,饼干糕点,38.5,4
4,78g卫龙亲语,非饮料,肉干/豆制品/蛋,18.0,4
1,32g卫龙亲嘴烧,非饮料,肉干/豆制品/蛋,9.0,4
3,250ML东鹏特饮,饮料,功能饮料,21.5,4
1,印尼芝士威化饼干,非饮料,饼干糕点,12.0,4
1,78g卫龙亲嘴语辣条,非饮料,肉干/豆制品/蛋,18.0,4
4,印尼芝士威化饼干,非饮料,饼干糕点,12.0,4
3,180ml雀巢咖啡罐装,饮料,咖啡,18.0,4
2,70g乐事薯片原味,非饮料,膨化食品,34.0,4
4,雪碧,饮料,碳酸饮料,14.0,3
4,180g统一满汉全席台式半筋半肉牛肉面,非饮料,方便速食,118.8,3
4,30g元朗小蛋卷,非饮料,饼干糕点,7.5,3
4,12g劲仔小鱼卤香味,非饮料,肉干/豆制品/蛋,4.5,3
4,劲仔小鱼（卤香味）,非饮料,肉干/豆制品/蛋,7.5,3
4,123gUFO炒面XO酱海鲜风味,非饮料,方便速食,19.5,3
3,口味王槟榔（红）,非饮料,蜜饯/果干,33.0,3
4,225g味之不规则饼干芝士味,非饮料,饼干糕点,22.5,3
4,好吃点,非饮料,饼干糕点,8.5,3
4,110g顺宝九制话梅,非饮料,蜜饯/果干,15.0,3
4,合味道（海鲜风味）,非饮料,方便速食,21.0,3
4,50g上好佳日式鱼果,非饮料,膨化食品,12.5,3
4,丽芝士纳宝帝奶酪威化饼干,非饮料,饼干糕点,10.5,3
4,好吃点小饼干,非饮料,饼干糕点,3.0,3
4,诗竹竹纤维面巾纸,非饮料,纸巾,14.41,3
3,合味道（海鲜风味）,非饮料,方便速食,21.0,3
4,70g乐事薯片原味,非饮料,膨化食品,19.5,3
3,奥利奥原味芝士,非饮料,饼干糕点,16.0,3
4,泰奇八宝粥,非饮料,方便速食,21.0,3
3,好吃点小饼干,非饮料,饼干糕点,3.0,3
4,百事可乐500ml,饮料,碳酸饮料,9.0,3
3,怡宝,饮料,水,6.0,3
3,美汁源果粒橙,饮料,果蔬饮料,14.0,3
4,芬达330ml,饮料,碳酸饮料,8.0,3
4,卫龙亲嘴烧红烧牛肉味,非饮料,肉干/豆制品/蛋,4.5,3
3,250ml维他奶巧克力味,饮料,植物蛋白,18.0,3
1,凤爪,非饮料,肉干/豆制品/蛋,6.5,3
2,30g元朗小蛋卷,非饮料,饼干糕点,10.0,3
1,500ml加多宝,饮料,茶饮料,13.5,3
2,34g公仔迷你杯牛肉味,非饮料,方便速食,10.5,3
1,20g马来西亚风味咪咪蟹味粒0219,非饮料,膨化食品,7.2,3
3,450ml美汁源果粒橙,饮料,果蔬饮料,16.0,3
2,合味道（海鲜风味）,非饮料,方便速食,21.0,3
2,可乐可乐,饮料,碳酸饮料,10.5,3
3,40g呀土豆番茄酱味,非饮料,膨化食品,13.5,3
1,250ml红牛,饮料,功能饮料,19.5,3
1,40g乐事薯片黄瓜味,非饮料,膨化食品,18.0,3
3,40g乐事薯片黄瓜味,非饮料,膨化食品,13.5,3
2,百事可乐330ml,饮料,碳酸饮料,8.5,3
2,55g奥利奥原味夹心饼干,非饮料,饼干糕点,13.0,3
3,220g宝丰龙龟苓膏,非饮料,果冻/龟苓膏,14.0,3
3,37.5g费列罗榛果威化巧克力3颗,非饮料,糖果/巧克力,33.6,3
3,32g卫龙亲嘴烧红烧牛肉味,非饮料,肉干/豆制品/蛋,10.8,3
2,68g好丽友蛋黄派2枚,非饮料,饼干糕点,13.5,3
2,70g乐事薯片（黄瓜味）,非饮料,膨化食品,19.5,3
1,68g好丽友巧克力派2枚,非饮料,饼干糕点,13.5,3
2,83g汤达人酸辣豚骨拉面,非饮料,方便速食,19.5,3
2,好吃点,非饮料,饼干糕点,14.5,3
1,330ml伊利畅意乳酸菌原味,饮料,乳制品,30.0,3
3,55g奥利奥原味夹心饼干,非饮料,饼干糕点,13.5,3
1,茉莉蜜茶,饮料,茶饮料,9.0,3
1,13g无穷烤鸡小腿蜂蜜味,非饮料,肉干/豆制品/蛋,9.0,3
2,无穷农场盐_鸡蛋,非饮料,肉干/豆制品/蛋,7.5,3
2,香脆肠,非饮料,肉干/豆制品/蛋,5.5,3
2,250ml王老吉盒装,饮料,茶饮料,10.0,3
2,150g洽洽原香瓜子,非饮料,坚果炒货,21.0,3
1,怡宝,饮料,水,6.0,3
1,维他奶,饮料,植物蛋白,9.0,3
2,阿萨姆煎茶奶绿,饮料,茶饮料,12.0,3
2,茉莉蜜茶,饮料,茶饮料,9.0,3
2,117gUFO炒面铁板色拉鱿鱼风味,非饮料,方便速食,19.5,3
1,12g劲仔小鱼麻辣味,非饮料,肉干/豆制品/蛋,12.0,3
4,260g马来西亚进口茱蒂丝口口香饼干,非饮料,饼干糕点,72.0,2
4,怡宝矿泉水,饮料,水,4.0,2
4,旺仔牛奶,饮料,乳制品,5.6,2
4,145g果王迷你山楂包装,非饮料,蜜饯/果干,13.0,2
2,健能酸奶,饮料,乳制品,7.0,2
2,燕塘原味酸奶,饮料,乳制品,9.0,2
1,65g卫龙亲嘴豆皮,非饮料,肉干/豆制品/蛋,9.0,2
4,新麦潮北海道吐司,非饮料,饼干糕点,6.0,2
4,150抽诗竹竹纤维面巾纸,非饮料,纸巾,9.6,2
4,安慕希酸奶,饮料,乳制品,12.0,2
2,劲仔小鱼（卤香味）,非饮料,肉干/豆制品/蛋,4.5,2
2,口味王槟榔（红）,非饮料,蜜饯/果干,30.0,2
4,尖叫,饮料,功能饮料,8.0,2
2,和成天下（黄）,非饮料,香烟,20.0,2
2,咪咪虾条马来西亚风味,非饮料,膨化食品,6.4,2
2,丽芝士纳宝帝奶酪威化饼干,非饮料,饼干糕点,7.0,2
1,58g丽芝士纳宝帝奶酪威化饼干,非饮料,饼干糕点,6.5,2
2,怡宝,饮料,水,4.0,2
3,上好佳田园薯片,非饮料,膨化食品,12.0,2
2,50g马赛克手撕鱿鱼条,非饮料,海味零食,18.0,2
2,80g马赛克香蕉片,非饮料,蜜饯/果干,14.0,2
4,5片装益达绿箭口香糖,非饮料,糖果/巧克力,4.0,2
1,湘潭铺子(羽泉版),非饮料,蜜饯/果干,20.0,2
1,无穷农场盐_鸡蛋,非饮料,肉干/豆制品/蛋,5.0,2
4,农夫果园,饮料,果蔬饮料,9.5,2
2,100g卫龙点心面黑椒牛排味,非饮料,肉干/豆制品/蛋,11.6,2
2,103g康师傅红烧牛肉面,非饮料,方便速食,11.0,2
2,107g出前一丁桶面酱香牛肉王,非饮料,方便速食,12.0,2
4,78g合味道杯面香菇炖鸡风味,非饮料,方便速食,12.0,2
2,145g果王迷你山楂包装,非饮料,蜜饯/果干,14.0,2
2,250ml维他奶低糖原味,饮料,植物蛋白,6.0,2
2,250ml维他奶黑豆奶饮品,饮料,植物蛋白,6.0,2
2,260g马来西亚进口茱蒂丝口口香饼干,非饮料,饼干糕点,72.0,2
2,32g卫龙亲嘴烧川香味,非饮料,肉干/豆制品/蛋,3.6,2
4,55g奥利奥迷你杯夹心小饼干杯装原味,非饮料,饼干糕点,11.0,2
2,78g合味道杯面香菇炖鸡风味,非饮料,方便速食,12.0,2
2,40g上好佳日式鱼果,非饮料,膨化食品,9.0,2
1,冰糖雪梨,饮料,果蔬饮料,6.5,2
2,480ml小茗同学冷泡溜溜哒茶,饮料,茶饮料,18.0,2
2,500ml农夫果园 (芒果+菠萝+番石榴),饮料,果蔬饮料,10.0,2
4,500ml康师傅冰糖雪梨,饮料,果蔬饮料,7.0,2
3,86g合味道浓猪骨味,非饮料,方便速食,12.0,2
1,91g徐福记凤梨酥,非饮料,饼干糕点,13.0,2
2,500ml营养快线原味,饮料,乳制品,18.0,2
4,480ml小茗同学冷泡溜溜哒茶,饮料,茶饮料,18.0,2
2,55g奥利奥迷你杯夹心小饼干杯装原味,非饮料,饼干糕点,11.0,2
2,600ml雪碧,饮料,碳酸饮料,14.3,2
1,75g新麦潮天然酵母面包（北海道牛奶风味）,非饮料,饼干糕点,6.0,2
2,燕塘红枣牛奶,饮料,乳制品,9.0,2
1,泰奇八宝粥,非饮料,方便速食,14.0,2
3,湘潭铺子(羽泉版),非饮料,蜜饯/果干,20.0,2
3,可乐可乐,饮料,碳酸饮料,7.0,2
3,怡宝矿泉水,饮料,水,4.0,2
3,225g味之不规则饼干芝士味,非饮料,饼干糕点,20.0,2
3,250ml王老吉盒装,饮料,茶饮料,7.5,2
1,370g泰奇八宝粥,非饮料,方便速食,12.0,2
1,180ml雀巢咖啡罐装,饮料,咖啡,13.5,2
3,50g上好佳日式鱼果,非饮料,膨化食品,9.0,2
4,统一阿萨姆奶茶,饮料,茶饮料,16.5,2
3,500ml农夫果园 (芒果+菠萝+番石榴),饮料,果蔬饮料,9.0,2
3,咪咪虾条马来西亚风味,非饮料,膨化食品,8.0,2
3,四洲粟一烧烧烤味,非饮料,膨化食品,18.0,2
3,30g元朗小蛋卷,非饮料,饼干糕点,5.0,2
3,48g好丽友薯愿香烤原味,非饮料,膨化食品,9.0,2
3,480ml小茗同学冷泡溜溜哒茶,饮料,茶饮料,12.0,2
3,370g泰奇八宝粥,非饮料,方便速食,12.0,2
3,安慕希酸奶,饮料,乳制品,6.0,2
3,尖叫,饮料,功能饮料,8.0,2
3,40g乐事美国经典原味,非饮料,膨化食品,13.5,2
1,250ml维他奶巧克力味,饮料,植物蛋白,6.5,2
3,无穷烤鸡小腿（蜂蜜）,非饮料,肉干/豆制品/蛋,6.0,2
4,美汁源果粒橙,饮料,果蔬饮料,8.0,2
1,250ml维他奶低糖原味,饮料,植物蛋白,6.0,2
3,芙蓉王,非饮料,香烟,50.0,2
3,40g呀土豆薯片滋香烤鸡味,非饮料,膨化食品,9.0,2
1,45g双汇泡面拍挡,非饮料,肉干/豆制品/蛋,3.0,2
1,150g健能酸奶原味,饮料,乳制品,8.0,2
4,椰树牌椰汁,饮料,植物蛋白,9.0,2
2,美汁源果粒橙,饮料,果蔬饮料,24.0,2
1,110g顺宝九制话梅,非饮料,蜜饯/果干,10.0,2
3,80g四洲粟一烧烧烤味,非饮料,膨化食品,18.0,2
4,100g果王咸柑桔罐装,非饮料,蜜饯/果干,13.0,2
3,凤爪,非饮料,肉干/豆制品/蛋,4.0,2
1,145g果王迷你山楂包装,非饮料,蜜饯/果干,14.0,2
1,148g富甲一方紫薯仔,非饮料,蜜饯/果干,13.0,2
3,100g果王咸柑桔罐装,非饮料,蜜饯/果干,13.0,2
3,双汇玉米热狗肠,非饮料,肉干/豆制品/蛋,8.0,2
3,12g劲仔小鱼卤香味,非饮料,肉干/豆制品/蛋,6.0,2
4,燕塘红枣牛奶,饮料,乳制品,9.0,2
1,480ml小茗同学冷泡青柠红茶,饮料,茶饮料,66.0,2
1,150g洽洽原香瓜子,非饮料,坚果炒货,14.0,2
1,205g伊利安慕希原味,饮料,乳制品,5.5,1
1,180g统一满汉全席台式半筋半肉牛肉面,非饮料,方便速食,39.6,1
1,健能酸奶,饮料,乳制品,4.0,1
1,103g康师傅红烧牛肉面,非饮料,方便速食,5.5,1
4,冰红茶（罐）,饮料,茶饮料,2.5,1
1,汤达人桶面,非饮料,方便速食,3.0,1
1,好吃点小饼干,非饮料,饼干糕点,1.0,1
1,250ml王老吉盒装,饮料,茶饮料,2.5,1
4,韩国海牌海苔,非饮料,海味零食,1.6,1
1,劲仔小鱼（麻辣味）,非饮料,肉干/豆制品/蛋,1.5,1
1,205ml安慕希蓝莓味,饮料,乳制品,5.8,1
1,康师傅矿泉水,饮料,水,2.0,1
1,尖叫,饮料,功能饮料,4.0,1
1,145ml旺仔牛奶盒装,饮料,乳制品,2.5,1
1,威化饼干,非饮料,饼干糕点,3.0,1
1,可乐（500ml）,饮料,碳酸饮料,3.0,1
1,双汇玉米热狗肠,非饮料,肉干/豆制品/蛋,2.0,1
1,口味王槟榔（红）,非饮料,蜜饯/果干,15.0,1
1,咪咪,非饮料,膨化食品,1.0,1
4,旺仔牛奶145ml,饮料,乳制品,6.0,1
1,乖媳妇野山椒风爪,非饮料,肉干/豆制品/蛋,3.5,1
4,手撕素肉排,非饮料,肉干/豆制品/蛋,1.3,1
1,600ml脉动青柠,饮料,功能饮料,9.0,1
1,450ml美汁源果粒橙,饮料,果蔬饮料,4.0,1
1,480ml小茗同学冷泡溜溜哒茶,饮料,茶饮料,6.0,1
1,5片装益达绿箭口香糖,非饮料,糖果/巧克力,2.0,1
4,燕塘甜牛奶,饮料,乳制品,4.5,1
1,500ml统一冰糖雪梨,饮料,果蔬饮料,3.5,1
1,55g奥利奥迷你杯夹心小饼干杯装原味,非饮料,饼干糕点,5.5,1
1,500ml统一阿萨姆奶茶,饮料,茶饮料,5.0,1
4,威化饼干,非饮料,饼干糕点,4.0,1
1,500ml营养快线原味,饮料,乳制品,4.5,1
4,汤达人桶面,非饮料,方便速食,3.0,1
4,新麦潮天然酵母面包（牛奶风味）,非饮料,饼干糕点,4.0,1
4,乐虎,饮料,功能饮料,3.5,1
1,50g上好佳田园薯片番茄味,非饮料,膨化食品,4.5,1
4,日式鱼果,非饮料,膨化食品,4.0,1
4,汤达人方便面,非饮料,方便速食,5.0,1
4,盼盼手撕面包,非饮料,饼干糕点,4.0,1
1,600ml雪碧,饮料,碳酸饮料,7.0,1
1,丽芝士纳宝帝奶酪威化饼干,非饮料,饼干糕点,3.5,1
1,70g乐事薯片（黄瓜味）,非饮料,膨化食品,6.5,1
4,可口可乐330ml（罐）,饮料,碳酸饮料,3.0,1
1,250ml维他椰子植物蛋白饮料9374,饮料,植物蛋白,4.0,1
1,50g上好佳日式鱼果,非饮料,膨化食品,4.5,1
1,83g汤达人酸辣豚骨拉面,非饮料,方便速食,6.5,1
4,维他奶（巧克力味）,饮料,植物蛋白,3.5,1
1,268ml雀巢咖啡丝滑拿铁,饮料,咖啡,5.5,1
4,合味道（浓猪骨）,非饮料,方便速食,7.0,1
1,30g元朗小蛋卷,非饮料,饼干糕点,2.5,1
4,红利群（硬）,非饮料,香烟,15.0,1
1,32g卫龙亲嘴烧红烧牛肉味,非饮料,肉干/豆制品/蛋,3.6,1
4,统一来一桶香辣老坛酸菜牛肉面,非饮料,方便速食,5.5,1
4,味之不规则饼干（韩国泡菜味）,非饮料,膨化食品,10.0,1
1,70g乐事薯片黄瓜味,非饮料,膨化食品,7.0,1
4,经典奶茶,饮料,茶饮料,4.0,1
1,70g乐事薯片原味,非饮料,膨化食品,6.5,1
4,多芙利香草奶油味蛋糕,非饮料,饼干糕点,6.0,1
4,新麦潮手撕面包（提子味）,非饮料,饼干糕点,4.0,1
2,500ml统一冰糖雪梨,饮料,果蔬饮料,3.5,1
4,乐事薯片（黄瓜味）,非饮料,膨化食品,7.0,1
2,益力多100g*5瓶,饮料,乳制品,12.5,1
3,250ml维他椰子植物蛋白饮料,饮料,植物蛋白,4.0,1
3,统一来一桶香辣老坛酸菜牛肉面,非饮料,方便速食,11.0,1
1,100g果王咸柑桔罐装,非饮料,蜜饯/果干,6.5,1
3,统一阿萨姆奶茶,饮料,茶饮料,5.5,1
3,250ml维他奶低糖原味,饮料,植物蛋白,3.0,1
3,250ml统一麦香奶茶,饮料,茶饮料,5.0,1
3,20g马来西亚风味咪咪蟹味粒0219,非饮料,膨化食品,1.6,1
3,脉动（椰子菠萝口味）,饮料,功能饮料,10.0,1
3,脉动（青柠）,饮料,功能饮料,5.0,1
3,180g统一满汉全席台式半筋半肉牛肉面,非饮料,方便速食,59.4,1
3,160g盼盼手撕面包,非饮料,饼干糕点,6.0,1
3,150g洽洽原香瓜子,非饮料,坚果炒货,7.0,1
3,贡美苹果数据线,非饮料,其他,19.0,1
3,145g果王迷你山楂包装,非饮料,蜜饯/果干,7.0,1
3,110g顺宝九制话梅,非饮料,蜜饯/果干,5.0,1
3,107g出前一丁桶面酱香牛肉王,非饮料,方便速食,6.0,1
3,103g康师傅红烧牛肉面,非饮料,方便速食,5.5,1
2,雪力矿泉水,饮料,水,2.0,1
2,芦荟汁,饮料,果蔬饮料,6.0,1
4,100g卫龙点心面黑椒牛排味,非饮料,肉干/豆制品/蛋,5.8,1
2,维他奶（巧克力味）,饮料,植物蛋白,3.5,1
3,260g马来西亚进口茱蒂丝口口香饼干,非饮料,饼干糕点,54.0,1
3,燕塘红枣牛奶,饮料,乳制品,4.5,1
3,燕塘甜牛奶,饮料,乳制品,4.5,1
3,70g乐事薯片黄瓜味,非饮料,膨化食品,7.0,1
3,乐事薯片（黄瓜味）,非饮料,膨化食品,7.0,1
3,80g马赛克香蕉片,非饮料,蜜饯/果干,7.0,1
3,78g卫龙亲语,非饮料,肉干/豆制品/蛋,4.5,1
3,75g新麦潮天然酵母面包（北海道牛奶风味）,非饮料,饼干糕点,2.0,1
3,加多宝,饮料,茶饮料,4.5,1
3,劲仔小鱼（麻辣味）,非饮料,肉干/豆制品/蛋,1.5,1
3,卫龙亲嘴烧红烧牛肉味,非饮料,肉干/豆制品/蛋,1.5,1
3,70g乐事薯片（黄瓜味）,非饮料,膨化食品,6.5,1
3,印尼芝士威化饼干,非饮料,饼干糕点,3.0,1
3,可乐（500ml）,饮料,碳酸饮料,3.0,1
3,每日特惠,非饮料,其他,1.0,1
3,50g马赛克手撕鱿鱼条,非饮料,海味零食,9.0,1
3,50g双层百力滋奶咖味,非饮料,饼干糕点,4.5,1
3,50g上好佳田园薯片番茄味,非饮料,膨化食品,4.5,1
3,小茗同学冷泡茶（乳酸菌味）,饮料,茶饮料,6.0,1
3,康师傅矿泉水,饮料,水,1.0,1
3,新麦潮北海道吐司,非饮料,饼干糕点,4.0,1
3,新麦潮手撕面包（提子味）,非饮料,饼干糕点,4.0,1
3,无穷农场盐_鸡蛋,非饮料,肉干/豆制品/蛋,2.5,1
3,日式鱼果,非饮料,膨化食品,4.0,1
4,10g越南LIPO奶味面包干0046,非饮料,饼干糕点,1.0,1
2,百事可乐500ml,饮料,碳酸饮料,3.0,1
4,上好佳田园薯片,非饮料,膨化食品,4.0,1
2,湘潭铺子(羽泉版),非饮料,蜜饯/果干,10.0,1
4,40g呀土豆薯片滋香烤鸡味,非饮料,膨化食品,9.0,1
2,50g上好佳田园薯片番茄味,非饮料,膨化食品,4.5,1
4,500ML宝矿力,饮料,功能饮料,5.0,1
2,500ml恒大冰泉矿泉水,饮料,水,2.5,1
2,500ml康师傅冰糖雪梨,饮料,果蔬饮料,3.5,1
4,50g双层百力滋特浓番茄味,非饮料,饼干糕点,9.0,1
4,50g马赛克手撕鱿鱼条,非饮料,海味零食,18.0,1
2,37.5g费列罗榛果威化巧克力3颗,非饮料,糖果/巧克力,11.8,1
2,34g公仔迷你杯风味排骨味,非饮料,方便速食,3.5,1
2,250ml维他椰子植物蛋白饮料,饮料,植物蛋白,4.0,1
2,250ml维他椰子味豆奶7716,饮料,植物蛋白,2.5,1
4,70g乐事薯片青柠味,非饮料,膨化食品,6.5,1
4,70g乐事薯片（原味）,非饮料,膨化食品,6.5,1
2,205ml安慕希蓝莓味,饮料,乳制品,5.8,1
2,150抽诗竹竹纤维面巾纸,非饮料,纸巾,4.8,1
2,145ml旺仔牛奶罐装,饮料,乳制品,3.0,1
1,雀巢咖啡,饮料,咖啡,7.5,1
1,芙蓉王,非饮料,香烟,25.0,1
1,美汁源果粒橙,饮料,果蔬饮料,4.0,1
1,红利群（硬）,非饮料,香烟,15.0,1
1,百事可乐500ml,饮料,碳酸饮料,3.0,1
4,40g卫龙点心面黑椒牛排味,非饮料,肉干/豆制品/蛋,7.0,1
4,40g乐事薯片墨西哥鸡汁番茄味,非饮料,膨化食品,4.5,1
2,70g乐事薯片（原味）,非饮料,膨化食品,6.5,1
2,可口可乐330ml（罐）,饮料,碳酸饮料,2.5,1
2,泰奇八宝粥,非饮料,方便速食,7.0,1
2,汤达人方便面,非饮料,方便速食,5.0,1
2,椰树牌椰汁,饮料,植物蛋白,4.5,1
2,无穷烤鸡小腿（蜂蜜）,非饮料,肉干/豆制品/蛋,3.0,1
2,新麦潮北海道吐司,非饮料,饼干糕点,3.0,1
2,康师傅矿泉水,饮料,水,1.0,1
2,尖叫,饮料,功能饮料,4.5,1
2,威化饼干,非饮料,饼干糕点,3.0,1
2,奥利奥原味芝士,非饮料,饼干糕点,4.0,1
4,250ml统一麦香奶茶,饮料,茶饮料,2.5,1
2,上好佳洋葱圈,非饮料,膨化食品,4.0,1
2,凤爪,非饮料,肉干/豆制品/蛋,2.5,1
4,250ml维他奶黑豆奶饮品,饮料,植物蛋白,3.0,1
2,冰红茶（罐）,饮料,茶饮料,2.5,1
4,250ml维他椰子味豆奶7716,饮料,植物蛋白,2.5,1
4,250ml香满楼纯牛奶,饮料,乳制品,7.0,1
2,冰糖雪梨,饮料,果蔬饮料,3.5,1
2,乐虎,饮料,功能饮料,4.5,1
2,乐事薯片（黄瓜味）,非饮料,膨化食品,7.0,1
4,32g卫龙亲嘴烧川香味,非饮料,肉干/豆制品/蛋,3.6,1
1,100g*5瓶益力多,饮料,乳制品,12.5,1
