季节（E）,商品,大类,二级类,销售额,订单量
4,怡宝纯净水,饮料,水,1824.0,692
3,怡宝纯净水,饮料,水,1562.0,576
4,脉动,饮料,功能饮料,2632.0,576
4,营养快线,饮料,乳制品,1917.0,432
4,阿萨姆奶茶,饮料,茶饮料,1898.0,428
2,怡宝纯净水,饮料,水,1200.0,422
4,东鹏特饮,饮料,功能饮料,1182.0,321
3,脉动,饮料,功能饮料,1369.0,302
4,统一冰红茶,饮料,茶饮料,1046.0,301
3,营养快线,饮料,乳制品,1211.0,277
4,统一绿茶,饮料,茶饮料,877.0,251
3,阿萨姆奶茶,饮料,茶饮料,1071.0,241
4,果粒橙,饮料,果蔬饮料,894.5,241
3,统一冰红茶,饮料,茶饮料,805.0,226
4,王老吉（500ml）,饮料,茶饮料,1022.0,225
3,东鹏特饮,饮料,功能饮料,828.0,221
4,250ml维他原味豆奶,饮料,植物蛋白,657.0,197
4,250ml维他柠檬茶,饮料,茶饮料,727.5,188
4,王老吉（罐）,饮料,茶饮料,719.0,186
4,30g无穷农场盐_鸡蛋,非饮料,肉干/豆制品/蛋,558.0,178
3,果粒橙,饮料,果蔬饮料,651.5,172
3,统一绿茶,饮料,茶饮料,612.0,172
4,伊利优酸乳,饮料,乳制品,438.0,164
4,40g双汇玉米热狗肠,非饮料,肉干/豆制品/蛋,344.0,164
4,红牛,饮料,功能饮料,1083.0,163
4,鸭翅,非饮料,肉干/豆制品/蛋,282.5,157
4,芬达330ml,饮料,碳酸饮料,465.5,146
3,王老吉（500ml）,饮料,茶饮料,658.0,144
4,雪碧最新款,饮料,碳酸饮料,456.0,142
4,20g咪咪虾条马来西亚风味,非饮料,膨化食品,259.0,140
3,王老吉（罐）,饮料,茶饮料,537.5,138
2,40g双汇玉米热狗肠,非饮料,肉干/豆制品/蛋,290.5,133
4,145ml旺仔牛奶盒装,饮料,乳制品,442.5,125
4,250ml燕塘原味酸奶,饮料,乳制品,551.0,121
3,芬达330ml,饮料,碳酸饮料,380.5,118
4,香豆干,非饮料,肉干/豆制品/蛋,143.5,117
4,12g劲仔小鱼麻辣味,非饮料,肉干/豆制品/蛋,264.5,117
4,可口可乐（500ml）,饮料,碳酸饮料,430.0,117
3,伊利优酸乳,饮料,乳制品,319.0,117
3,40g双汇玉米热狗肠,非饮料,肉干/豆制品/蛋,229.5,116
4,可口可乐330ml,饮料,碳酸饮料,352.5,114
4,250ml燕塘甜牛奶,饮料,乳制品,501.5,111
2,东鹏特饮,饮料,功能饮料,393.5,109
4,伊利纯牛奶,饮料,乳制品,336.5,109
2,芬达330ml,饮料,碳酸饮料,352.0,107
3,雪碧最新款,饮料,碳酸饮料,342.0,106
4,银鹭八宝粥,饮料,方便速食,441.5,104
3,250ml维他柠檬茶,饮料,茶饮料,382.0,104
4,13g无穷烤鸡小腿蜂蜜味,非饮料,肉干/豆制品/蛋,407.0,101
3,30g无穷农场盐_鸡蛋,非饮料,肉干/豆制品/蛋,306.5,99
4,熊字饼,非饮料,饼干糕点,326.0,96
4,250ml燕塘红枣牛奶,饮料,乳制品,419.5,95
3,250ml维他原味豆奶,饮料,植物蛋白,294.2,93
4,268ml雀巢咖啡丝滑拿铁,饮料,咖啡,598.0,91
4,85g新麦潮北海道吐司,非饮料,饼干糕点,290.0,89
2,250ml维他柠檬茶,饮料,茶饮料,313.5,87
4,250ml红牛,饮料,功能饮料,737.0,86
4,雪碧（500ml）,饮料,碳酸饮料,315.5,84
4,85g统一老坛酸菜牛肉面,非饮料,方便速食,495.0,83
4,32g卫龙亲嘴烧,非饮料,肉干/豆制品/蛋,201.6,83
4,冰糖雪梨,饮料,果蔬饮料,294.5,83
2,250ml维他原味豆奶,饮料,植物蛋白,269.8,82
2,伊利优酸乳,饮料,乳制品,229.0,82
4,86g合味道海鲜风味,非饮料,方便速食,495.5,80
3,可口可乐330ml,饮料,碳酸饮料,251.5,80
4,雪碧330ml,饮料,碳酸饮料,237.5,79
2,86g合味道海鲜风味,非饮料,方便速食,469.0,78
3,伊利纯牛奶,饮料,乳制品,233.0,75
3,香豆干,非饮料,肉干/豆制品/蛋,86.5,73
3,20g咪咪虾条马来西亚风味,非饮料,膨化食品,117.6,73
4,330ml伊利畅意乳酸菌原味,饮料,乳制品,439.5,73
4,小鱼仔,非饮料,海味零食,98.0,73
4,维他奶,饮料,植物蛋白,220.0,73
4,500ml统一阿萨姆奶茶,饮料,茶饮料,355.5,71
4,85g新麦潮手撕面包（提子味）,非饮料,饼干糕点,213.5,71
4,美年达（罐）,饮料,碳酸饮料,208.5,70
2,王老吉（罐）,饮料,茶饮料,259.0,69
3,银鹭八宝粥,饮料,方便速食,287.5,69
2,统一冰红茶,饮料,茶饮料,219.5,67
4,250ml维他奶巧克力味,饮料,植物蛋白,217.2,66
3,鸭翅,非饮料,肉干/豆制品/蛋,114.0,66
4,卫龙大面筋,非饮料,肉干/豆制品/蛋,208.0,65
2,阿萨姆奶茶,饮料,茶饮料,275.0,65
2,脉动,饮料,功能饮料,280.0,65
3,13g无穷烤鸡小腿蜂蜜味,非饮料,肉干/豆制品/蛋,251.5,63
4,78g卫龙亲嘴语辣条,非饮料,肉干/豆制品/蛋,287.5,63
4,维他柠檬茶,饮料,茶饮料,197.5,62
3,雪碧330ml,饮料,碳酸饮料,186.5,60
2,营养快线,饮料,乳制品,254.0,60
3,熊字饼,非饮料,饼干糕点,205.5,60
4,430g泰奇八宝粥,非饮料,方便速食,388.0,59
1,阿萨姆奶茶,饮料,茶饮料,241.5,58
2,250ml燕塘原味酸奶,饮料,乳制品,256.0,58
4,450ml美汁源果粒橙,饮料,果蔬饮料,250.5,58
3,145ml旺仔牛奶盒装,饮料,乳制品,191.0,58
4,2g韩国海牌海苔,非饮料,海味零食,151.1,58
2,红牛,饮料,功能饮料,442.5,58
1,东鹏特饮,饮料,功能饮料,211.0,58
3,可口可乐（500ml）,饮料,碳酸饮料,213.0,57
2,维他柠檬茶,饮料,茶饮料,191.0,57
2,500ml加多宝,饮料,茶饮料,227.5,57
2,250ml燕塘甜牛奶,饮料,乳制品,231.5,56
4,600ml可口可乐,饮料,碳酸饮料,206.0,56
3,红牛,饮料,功能饮料,357.0,56
3,卫龙大面筋,非饮料,肉干/豆制品/蛋,178.5,55
2,430g泰奇八宝粥,非饮料,方便速食,351.0,55
3,可口可乐最新款,饮料,碳酸饮料,170.0,54
2,45g双汇泡面拍挡,非饮料,肉干/豆制品/蛋,97.5,54
2,30g无穷农场盐_鸡蛋,非饮料,肉干/豆制品/蛋,172.5,53
3,250ml燕塘红枣牛奶,饮料,乳制品,264.0,53
1,脉动,饮料,功能饮料,229.0,53
3,雪碧（500ml）,饮料,碳酸饮料,195.0,53
2,伊利纯牛奶,饮料,乳制品,163.0,52
2,鸭翅,非饮料,肉干/豆制品/蛋,92.0,51
4,雀巢咖啡,饮料,咖啡,367.5,51
4,600ml脉动青柠,饮料,功能饮料,243.8,51
2,58g丽芝士纳宝帝奶酪威化饼干,非饮料,饼干糕点,151.0,51
4,600ml雪碧,饮料,碳酸饮料,145.8,51
3,250ml燕塘原味酸奶,饮料,乳制品,250.5,50
4,咪咪虾条马来西亚风味,非饮料,膨化食品,83.4,50
3,600ml雪碧,饮料,碳酸饮料,136.6,50
4,32g卫龙亲嘴烧红烧牛肉味,非饮料,肉干/豆制品/蛋,127.8,49
3,250ml燕塘甜牛奶,饮料,乳制品,221.0,49
4,双汇玉米热狗肠,非饮料,肉干/豆制品/蛋,130.0,49
3,85g新麦潮北海道吐司,非饮料,饼干糕点,145.0,48
4,可口可乐最新款,饮料,碳酸饮料,152.5,48
3,330ml伊利畅意乳酸菌原味,饮料,乳制品,310.5,48
4,秒充,非饮料,其他,288.0,48
4,茉莉蜜茶,饮料,茶饮料,153.0,47
3,85g新麦潮手撕面包（提子味）,非饮料,饼干糕点,143.5,47
3,600ml可口可乐,饮料,碳酸饮料,163.0,47
3,美年达（罐）,饮料,碳酸饮料,141.0,47
3,维他柠檬茶,饮料,茶饮料,143.0,46
3,450ml美汁源果粒橙,饮料,果蔬饮料,179.0,46
2,55g奥利奥原味芝士饼干,非饮料,饼干糕点,181.0,46
3,85g统一老坛酸菜牛肉面,非饮料,方便速食,254.5,45
4,148g富甲一方紫薯仔,非饮料,蜜饯/果干,305.5,44
2,85g统一老坛酸菜牛肉面,非饮料,方便速食,219.5,44
2,250ml燕塘红枣牛奶,饮料,乳制品,208.0,43
4,香脆肠,非饮料,肉干/豆制品/蛋,79.0,43
2,雪碧最新款,饮料,碳酸饮料,133.5,43
2,500ml统一阿萨姆奶茶,饮料,茶饮料,192.0,43
3,268ml雀巢咖啡丝滑拿铁,饮料,咖啡,308.0,43
2,85g新麦潮北海道吐司,非饮料,饼干糕点,136.0,43
4,55g奥利奥原味芝士饼干,非饮料,饼干糕点,189.0,43
4,口味王槟榔（绿）,非饮料,蜜饯/果干,420.0,42
2,268ml雀巢咖啡丝滑拿铁,饮料,咖啡,276.5,42
3,86g合味道海鲜风味,非饮料,方便速食,252.5,42
2,70g乖媳妇野山泡椒凤爪,非饮料,肉干/豆制品/蛋,152.0,42
3,250ml红牛,饮料,功能饮料,339.0,41
2,维他原味豆奶,饮料,植物蛋白,168.0,41
2,香豆干,非饮料,肉干/豆制品/蛋,48.5,41
4,70g乖媳妇野山泡椒凤爪,非饮料,肉干/豆制品/蛋,153.0,40
2,600ml可口可乐,饮料,碳酸饮料,130.5,40
3,430g泰奇八宝粥,非饮料,方便速食,248.5,40
3,32g卫龙亲嘴烧,非饮料,肉干/豆制品/蛋,106.2,40
2,20g咪咪虾条马来西亚风味,非饮料,膨化食品,88.1,40
4,205g伊利安慕希原味,饮料,乳制品,256.0,40
4,10g卫龙亲嘴烧香辣味,非饮料,肉干/豆制品/蛋,69.3,39
2,咪咪虾条马来西亚风味,非饮料,膨化食品,60.6,39
3,78g卫龙亲嘴语辣条,非饮料,肉干/豆制品/蛋,174.0,39
4,85g嘉士利果乐果香夹心饼干蓝莓味,非饮料,饼干糕点,184.0,39
2,78g卫龙亲嘴语辣条,非饮料,肉干/豆制品/蛋,158.0,38
2,600ml雪碧,饮料,碳酸饮料,94.56,38
2,可口可乐330ml,饮料,碳酸饮料,122.5,38
3,58g丽芝士纳宝帝奶酪威化饼干,非饮料,饼干糕点,123.5,38
3,250ml维他奶巧克力味,饮料,植物蛋白,114.5,38
2,王老吉（500ml）,饮料,茶饮料,159.5,38
3,维他奶,饮料,植物蛋白,113.5,37
2,600ml脉动青柠,饮料,功能饮料,167.2,37
4,维他原味豆奶,饮料,植物蛋白,143.5,37
4,尖叫,饮料,功能饮料,160.5,37
2,可口可乐最新款,饮料,碳酸饮料,108.5,36
1,营养快线,饮料,乳制品,150.5,36
2,450ml美汁源果粒橙,饮料,果蔬饮料,127.0,35
4,75g新麦潮天然酵母面包（北海道牛奶风味）,非饮料,饼干糕点,97.5,35
2,250ml红牛,饮料,功能饮料,284.0,35
3,500ml统一阿萨姆奶茶,饮料,茶饮料,174.0,35
3,小鱼仔,非饮料,海味零食,45.0,34
2,统一绿茶,饮料,茶饮料,111.5,34
2,雪碧330ml,饮料,碳酸饮料,109.0,34
3,冰糖雪梨,饮料,果蔬饮料,119.0,33
1,统一绿茶,饮料,茶饮料,115.5,33
4,乐虎,饮料,功能饮料,164.0,33
3,70g乖媳妇野山泡椒凤爪,非饮料,肉干/豆制品/蛋,115.0,33
2,75g新麦潮天然酵母面包（北海道牛奶风味）,非饮料,饼干糕点,105.0,33
4,500ml加多宝,饮料,茶饮料,146.5,33
2,13g无穷烤鸡小腿蜂蜜味,非饮料,肉干/豆制品/蛋,137.5,33
4,150g健能酸奶原味,饮料,乳制品,123.0,32
2,银鹭八宝粥,饮料,方便速食,128.5,32
2,双汇玉米热狗肠,非饮料,肉干/豆制品/蛋,76.0,32
1,统一冰红茶,饮料,茶饮料,104.5,32
4,椰树牌椰汁,饮料,植物蛋白,149.5,32
3,600ml脉动青柠,饮料,功能饮料,158.2,32
3,咪咪虾条马来西亚风味,非饮料,膨化食品,44.6,32
3,55g奥利奥原味芝士饼干,非饮料,饼干糕点,124.5,31
3,无穷农场盐_鸡蛋,非饮料,肉干/豆制品/蛋,114.5,31
2,无穷烤鸡小腿（蜂蜜）,非饮料,肉干/豆制品/蛋,186.0,31
2,480ml小茗同学冷泡青柠红茶,饮料,茶饮料,151.0,31
2,145ml旺仔牛奶盒装,饮料,乳制品,102.5,31
2,卫龙大面筋,非饮料,肉干/豆制品/蛋,94.5,31
4,58g丽芝士纳宝帝奶酪威化饼干,非饮料,饼干糕点,92.5,30
4,可乐可乐,饮料,碳酸饮料,148.5,30
2,果粒橙,饮料,果蔬饮料,102.5,30
4,无穷农场盐_鸡蛋,非饮料,肉干/豆制品/蛋,95.5,30
4,30g元朗小蛋卷,非饮料,饼干糕点,75.0,30
3,12g劲仔小鱼麻辣味,非饮料,肉干/豆制品/蛋,76.0,29
2,65g卫龙亲嘴豆皮,非饮料,肉干/豆制品/蛋,126.0,27
4,芦荟汁,饮料,果蔬饮料,157.0,27
4,160g盼盼手撕面包,非饮料,饼干糕点,184.0,27
1,果粒橙,饮料,果蔬饮料,94.5,27
3,32g卫龙亲嘴烧红烧牛肉味,非饮料,肉干/豆制品/蛋,70.2,27
2,250ml维他奶巧克力味,饮料,植物蛋白,81.5,27
2,雪碧（500ml）,饮料,碳酸饮料,91.0,27
4,250ML东鹏特饮,饮料,功能饮料,127.5,27
4,480ml小茗同学冷泡青柠红茶,饮料,茶饮料,177.5,26
3,雀巢咖啡,饮料,咖啡,180.0,26
2,85g嘉士利果乐果香夹心饼干蓝莓味,非饮料,饼干糕点,116.5,26
4,雪力矿泉水,饮料,水,52.0,26
4,65g卫龙亲嘴豆皮,非饮料,肉干/豆制品/蛋,121.5,26
4,110g顺宝九制话梅,非饮料,蜜饯/果干,122.8,26
2,可乐可乐,饮料,碳酸饮料,87.5,26
3,205g伊利安慕希原味,饮料,乳制品,163.5,26
3,75g新麦潮天然酵母面包（北海道牛奶风味）,非饮料,饼干糕点,68.0,25
2,330ml伊利畅意乳酸菌原味,饮料,乳制品,148.5,25
2,卫龙亲嘴烧红烧牛肉味,非饮料,肉干/豆制品/蛋,73.5,25
3,500ml加多宝,饮料,茶饮料,106.5,24
2,32g卫龙亲嘴烧红烧牛肉味,非饮料,肉干/豆制品/蛋,61.2,24
4,52g旺旺仙贝,非饮料,膨化食品,108.0,24
2,85g新麦潮手撕面包（提子味）,非饮料,饼干糕点,78.5,24
4,100g*5瓶益力多,饮料,乳制品,295.5,24
4,500ml农夫果园 (芒果+菠萝+番石榴),饮料,果蔬饮料,106.0,23
3,85g嘉士利果乐果香夹心饼干蓝莓味,非饮料,饼干糕点,121.0,23
2,32g卫龙亲嘴烧,非饮料,肉干/豆制品/蛋,66.56,23
2,韩国海牌海苔,非饮料,海味零食,44.78,23
3,茉莉蜜茶,饮料,茶饮料,72.0,22
2,加多宝,饮料,茶饮料,111.0,22
4,225g味之不规则饼干芝士味,非饮料,饼干糕点,196.0,22
4,无穷烤鸡小腿（蜂蜜）,非饮料,肉干/豆制品/蛋,72.0,22
4,奥利奥原味芝士,非饮料,饼干糕点,91.0,22
4,250ml维他奶低糖原味,饮料,植物蛋白,74.8,22
2,维他奶（巧克力味）,饮料,植物蛋白,73.5,21
4,康师傅矿泉水,饮料,水,30.0,21
4,68g好丽友巧克力派2枚,非饮料,饼干糕点,93.0,21
3,口味王槟榔（绿）,非饮料,蜜饯/果干,210.5,21
4,91g徐福记凤梨酥,非饮料,饼干糕点,136.5,20
3,双汇玉米热狗肠,非饮料,肉干/豆制品/蛋,60.0,20
4,250ml统一麦香奶茶,饮料,茶饮料,57.5,20
2,500ml农夫果园 (芒果+菠萝+番石榴),饮料,果蔬饮料,83.5,20
2,雀巢咖啡,饮料,咖啡,184.5,20
1,268ml雀巢咖啡丝滑拿铁,饮料,咖啡,108.5,20
1,香豆干,非饮料,肉干/豆制品/蛋,21.5,20
4,40g乐事薯片黄瓜味,非饮料,膨化食品,90.0,20
2,12g劲仔小鱼麻辣味,非饮料,肉干/豆制品/蛋,41.0,20
3,110g顺宝九制话梅,非饮料,蜜饯/果干,93.2,20
2,250ml维他奶低糖原味,饮料,植物蛋白,63.0,19
3,500ml农夫果园 (芒果+菠萝+番石榴),饮料,果蔬饮料,105.0,19
3,2g韩国海牌海苔,非饮料,海味零食,50.78,19
4,80g四洲粟一烧烧烤味,非饮料,膨化食品,153.0,19
3,香脆肠,非饮料,肉干/豆制品/蛋,32.5,19
1,250ml维他原味豆奶,饮料,植物蛋白,75.1,19
1,250ml燕塘原味酸奶,饮料,乳制品,74.5,19
2,68g好丽友巧克力派2枚,非饮料,饼干糕点,85.5,19
1,熊字饼,非饮料,饼干糕点,57.5,18
2,冰糖雪梨,饮料,果蔬饮料,63.5,18
2,52g旺旺仙贝,非饮料,膨化食品,81.0,18
4,合味道（海鲜风味）,非饮料,方便速食,123.0,18
3,100g*5瓶益力多,饮料,乳制品,223.5,18
4,手撕素肉排,非饮料,肉干/豆制品/蛋,25.1,18
2,旺仔牛奶,饮料,乳制品,114.8,18
4,湘潭铺子(羽泉版),非饮料,蜜饯/果干,185.0,18
4,燕塘红枣牛奶,饮料,乳制品,85.5,18
2,燕塘甜牛奶,饮料,乳制品,81.0,18
2,燕塘红枣牛奶,饮料,乳制品,94.5,18
1,雪碧最新款,饮料,碳酸饮料,59.0,18
3,45g双汇泡面拍挡,非饮料,肉干/豆制品/蛋,36.0,18
2,205g伊利安慕希原味,饮料,乳制品,152.5,18
3,10g卫龙亲嘴烧香辣味,非饮料,肉干/豆制品/蛋,22.5,18
4,37.5g费列罗榛果威化巧克力3颗,非饮料,糖果/巧克力,226.1,18
4,20g马来西亚风味咪咪蟹味粒0219,非饮料,膨化食品,26.0,18
3,雪碧,饮料,碳酸饮料,129.5,17
1,250ml维他柠檬茶,饮料,茶饮料,79.0,17
2,熊字饼,非饮料,饼干糕点,52.0,17
2,无穷农场盐_鸡蛋,非饮料,肉干/豆制品/蛋,52.5,17
2,小鱼仔,非饮料,海味零食,24.5,17
4,卫龙亲嘴烧红烧牛肉味,非饮料,肉干/豆制品/蛋,48.0,17
4,加多宝,饮料,茶饮料,98.5,17
1,卫龙大面筋,非饮料,肉干/豆制品/蛋,53.0,17
3,康师傅矿泉水,饮料,水,24.5,17
1,王老吉（罐）,饮料,茶饮料,63.5,17
3,秒充,非饮料,其他,96.0,16
4,45g双汇泡面拍挡,非饮料,肉干/豆制品/蛋,42.0,16
4,旺仔牛奶,饮料,乳制品,78.4,16
3,52g旺旺仙贝,非饮料,膨化食品,72.0,16
4,34g公仔迷你杯牛肉味,非饮料,方便速食,61.5,16
2,2g韩国海牌海苔,非饮料,海味零食,39.6,16
4,好吃点小饼干,非饮料,饼干糕点,21.0,16
4,咪咪,非饮料,膨化食品,19.0,16
1,250ml燕塘甜牛奶,饮料,乳制品,67.0,16
4,燕塘甜牛奶,饮料,乳制品,72.0,16
3,480ml小茗同学冷泡青柠红茶,饮料,茶饮料,93.5,16
4,丽芝士纳宝帝奶酪威化饼干,非饮料,饼干糕点,55.5,16
4,乐事薯片（黄瓜味）,非饮料,膨化食品,124.0,16
2,可口可乐（500ml）,饮料,碳酸饮料,53.5,16
4,40g乐事薯片墨西哥鸡汁番茄味,非饮料,膨化食品,71.5,16
4,86g合味道浓猪骨味,非饮料,方便速食,96.0,16
1,12g劲仔小鱼麻辣味,非饮料,肉干/豆制品/蛋,43.0,16
2,统一阿萨姆奶茶,饮料,茶饮料,82.5,15
2,维他奶,饮料,植物蛋白,44.5,15
4,益力多100g*5瓶,饮料,乳制品,194.0,15
3,65g卫龙亲嘴豆皮,非饮料,肉干/豆制品/蛋,67.5,15
4,260g马来西亚进口茱蒂丝口口香饼干,非饮料,饼干糕点,576.0,15
1,银鹭八宝粥,饮料,方便速食,61.5,15
2,美年达（罐）,饮料,碳酸饮料,42.5,15
2,70g乐事薯片黄瓜味,非饮料,膨化食品,101.5,15
1,250ml燕塘红枣牛奶,饮料,乳制品,66.0,15
2,80g四洲粟一烧烧烤味,非饮料,膨化食品,109.0,15
4,美汁源果粒橙,饮料,果蔬饮料,62.0,15
2,100g*5瓶益力多,饮料,乳制品,183.0,15
1,13g无穷烤鸡小腿蜂蜜味,非饮料,肉干/豆制品/蛋,54.0,15
2,上好佳田园薯片,非饮料,膨化食品,72.0,15
4,50g上好佳田园薯片番茄味,非饮料,膨化食品,67.5,15
4,40g乐事美国经典原味,非饮料,膨化食品,76.5,15
4,怡宝,饮料,水,33.0,15
2,奥利奥原味芝士,非饮料,饼干糕点,62.0,15
4,印尼芝士威化饼干,非饮料,饼干糕点,46.0,15
4,117gUFO炒面铁板色拉鱿鱼风味,非饮料,方便速食,104.0,15
2,劲仔小鱼（麻辣味）,非饮料,肉干/豆制品/蛋,40.0,15
1,怡宝纯净水,饮料,水,34.0,15
2,康师傅矿泉水,饮料,水,19.2,14
4,40g呀土豆薯片滋香烤鸡味,非饮料,膨化食品,67.0,14
4,40g呀土豆番茄酱味,非饮料,膨化食品,63.0,14
4,劲仔小鱼（麻辣味）,非饮料,肉干/豆制品/蛋,59.5,14
4,口味王槟榔（红）,非饮料,蜜饯/果干,210.0,14
3,可乐可乐,饮料,碳酸饮料,46.0,14
3,统一阿萨姆奶茶,饮料,茶饮料,77.0,14
3,维他原味豆奶,饮料,植物蛋白,52.5,14
3,丽芝士纳宝帝奶酪威化饼干,非饮料,饼干糕点,49.0,14
4,50g马赛克手撕鱿鱼条,非饮料,海味零食,117.2,14
4,40g上好佳日式鱼果,非饮料,膨化食品,51.0,14
4,和成天下（黄）,非饮料,香烟,140.0,14
3,农夫果园,饮料,果蔬饮料,94.5,13
3,芦荟汁,饮料,果蔬饮料,78.0,13
3,诗竹竹纤维面巾纸,非饮料,纸巾,72.0,13
3,150g健能酸奶原味,饮料,乳制品,58.0,13
2,70g乐事薯片原味,非饮料,膨化食品,83.5,13
2,50g上好佳日式鱼果,非饮料,膨化食品,66.5,13
1,145ml旺仔牛奶盒装,饮料,乳制品,39.0,13
2,250ML东鹏特饮,饮料,功能饮料,51.5,13
2,口味王槟榔（绿）,非饮料,蜜饯/果干,130.0,13
4,150g洽洽原香瓜子,非饮料,坚果炒货,89.0,13
4,500ml康师傅冰糖雪梨,饮料,果蔬饮料,55.5,13
2,160g盼盼手撕面包,非饮料,饼干糕点,98.0,13
3,韩国海牌海苔,非饮料,海味零食,25.6,13
2,统一来一桶香辣老坛酸菜牛肉面,非饮料,方便速食,66.0,12
3,250ml维他奶低糖原味,饮料,植物蛋白,42.0,12
2,40g乐事薯片黄瓜味,非饮料,膨化食品,54.0,12
2,250ml统一麦香奶茶,饮料,茶饮料,30.0,12
3,旺仔牛奶,饮料,乳制品,44.8,12
3,无穷烤鸡小腿（蜂蜜）,非饮料,肉干/豆制品/蛋,72.0,12
3,225g味之不规则饼干芝士味,非饮料,饼干糕点,110.0,12
2,225g味之不规则饼干芝士味,非饮料,饼干糕点,105.0,12
2,148g富甲一方紫薯仔,非饮料,蜜饯/果干,78.0,12
2,丽芝士纳宝帝奶酪威化饼干,非饮料,饼干糕点,42.0,12
4,48g好丽友薯愿香烤原味,非饮料,膨化食品,56.0,12
3,尖叫,饮料,功能饮料,51.0,12
1,红牛,饮料,功能饮料,72.0,12
1,可口可乐（500ml）,饮料,碳酸饮料,43.5,12
1,可口可乐330ml,饮料,碳酸饮料,35.5,12
4,优益C活菌型乳酸菌饮品,饮料,乳制品,109.2,12
1,伊利优酸乳,饮料,乳制品,33.0,12
3,乐虎,饮料,功能饮料,57.0,12
3,91g徐福记凤梨酥,非饮料,饼干糕点,78.0,12
4,脉动（青柠）,饮料,功能饮料,65.0,12
4,韩国海牌海苔,非饮料,海味零食,24.0,12
4,220g宝丰龙龟苓膏,非饮料,果冻/龟苓膏,51.0,12
2,150g健能酸奶原味,饮料,乳制品,63.0,12
2,印尼芝士威化饼干,非饮料,饼干糕点,36.0,12
2,乖媳妇野山椒风爪,非饮料,肉干/豆制品/蛋,41.3,12
2,旺仔牛奶145ml,饮料,乳制品,51.0,12
2,乐事薯片（黄瓜味）,非饮料,膨化食品,87.0,11
4,70g乐事薯片原味,非饮料,膨化食品,75.0,11
2,香脆肠,非饮料,肉干/豆制品/蛋,18.5,11
4,180g统一满汉全席台式半筋半肉牛肉面,非饮料,方便速食,376.2,11
4,40g卫龙点心面黑椒牛排味,非饮料,肉干/豆制品/蛋,73.0,11
2,合味道（海鲜风味）,非饮料,方便速食,74.0,11
1,芬达330ml,饮料,碳酸饮料,35.0,11
4,上好佳田园薯片,非饮料,膨化食品,48.0,11
3,燕塘红枣牛奶,饮料,乳制品,63.0,11
4,旺仔牛奶145ml,饮料,乳制品,66.0,11
4,燕塘原味酸奶,饮料,乳制品,49.5,11
3,68g好丽友巧克力派2枚,非饮料,饼干糕点,55.5,11
2,脉动（青柠）,饮料,功能饮料,60.0,11
4,维他奶（巧克力味）,饮料,植物蛋白,38.5,11
4,雪碧,饮料,碳酸饮料,56.0,11
2,燕塘原味酸奶,饮料,乳制品,49.5,11
3,220g宝丰龙龟苓膏,非饮料,果冻/龟苓膏,60.0,11
3,80g四洲粟一烧烧烤味,非饮料,膨化食品,85.0,11
2,91g徐福记凤梨酥,非饮料,饼干糕点,71.5,11
3,益力多100g*5瓶,饮料,乳制品,150.5,11
2,50g马赛克手撕鱿鱼条,非饮料,海味零食,88.0,11
3,148g富甲一方紫薯仔,非饮料,蜜饯/果干,71.5,11
2,5片装益达绿箭口香糖,非饮料,糖果/巧克力,22.0,11
2,55g奥利奥原味夹心饼干,非饮料,饼干糕点,46.5,11
3,160g盼盼手撕面包,非饮料,饼干糕点,69.0,10
2,10g卫龙亲嘴烧香辣味,非饮料,肉干/豆制品/蛋,21.9,10
2,茉莉蜜茶,饮料,茶饮料,32.5,10
3,260g马来西亚进口茱蒂丝口口香饼干,非饮料,饼干糕点,396.0,10
3,30g元朗小蛋卷,非饮料,饼干糕点,32.5,10
4,日式鱼果,非饮料,膨化食品,52.0,10
4,50g上好佳日式鱼果,非饮料,膨化食品,42.0,10
1,尖叫,饮料,功能饮料,43.0,10
1,王老吉（500ml）,饮料,茶饮料,40.5,10
4,70g乐事薯片黄瓜味,非饮料,膨化食品,65.0,10
3,合味道（海鲜风味）,非饮料,方便速食,68.5,10
4,健能酸奶,饮料,乳制品,30.0,10
2,湘潭铺子(羽泉版),非饮料,蜜饯/果干,105.0,10
2,50g上好佳田园薯片番茄味,非饮料,膨化食品,45.0,10
1,30g无穷农场盐_鸡蛋,非饮料,肉干/豆制品/蛋,50.0,10
3,脉动（青柠）,饮料,功能饮料,55.0,10
1,250ml红牛,饮料,功能饮料,116.5,10
2,70g乐事薯片（黄瓜味）,非饮料,膨化食品,64.0,10
2,220g宝丰龙龟苓膏,非饮料,果冻/龟苓膏,42.0,10
3,70g乐事薯片原味,非饮料,膨化食品,81.0,10
4,180ml雀巢咖啡罐装,饮料,咖啡,49.5,10
3,雪力矿泉水,饮料,水,18.0,9
2,80g香飘飘椰果奶茶原味,饮料,茶饮料,40.5,9
3,37.5g费列罗榛果威化巧克力3颗,非饮料,糖果/巧克力,97.2,9
3,5片装益达绿箭口香糖,非饮料,糖果/巧克力,22.0,9
4,泰奇八宝粥,非饮料,方便速食,77.0,9
4,250ml王老吉盒装,饮料,茶饮料,27.5,9
1,冰糖雪梨,饮料,果蔬饮料,31.5,9
2,泰奇八宝粥,非饮料,方便速食,63.0,9
1,86g合味道海鲜风味,非饮料,方便速食,52.5,9
3,优益C活菌型乳酸菌饮品,饮料,乳制品,135.8,9
4,好吃点,非饮料,饼干糕点,39.0,9
2,70g乐事薯片（原味）,非饮料,膨化食品,51.5,9
4,5片装益达绿箭口香糖,非饮料,糖果/巧克力,20.0,9
2,健能酸奶,饮料,乳制品,27.0,9
3,椰树牌椰汁,饮料,植物蛋白,41.0,9
2,农夫果园,饮料,果蔬饮料,63.0,9
4,145ml旺仔牛奶罐装,饮料,乳制品,33.0,9
3,怡宝,饮料,水,18.0,9
2,40g乐事美国经典原味,非饮料,膨化食品,40.5,9
4,107g出前一丁桶面酱香牛肉王,非饮料,方便速食,60.0,9
2,雪碧,饮料,碳酸饮料,31.5,9
3,250ml统一麦香奶茶,饮料,茶饮料,22.5,9
4,150抽诗竹竹纤维面巾纸,非饮料,纸巾,43.22,9
2,40g呀土豆薯片滋香烤鸡味,非饮料,膨化食品,40.5,9
4,100g果王咸柑桔罐装,非饮料,蜜饯/果干,57.5,9
2,40g呀土豆番茄酱味,非饮料,膨化食品,40.5,9
4,103g康师傅红烧牛肉面,非饮料,方便速食,55.0,9
1,500ml统一阿萨姆奶茶,饮料,茶饮料,39.0,8
3,250ML东鹏特饮,饮料,功能饮料,45.5,8
4,370g泰奇八宝粥,非饮料,方便速食,50.0,8
3,55g奥利奥原味夹心饼干,非饮料,饼干糕点,32.5,8
4,新麦潮天然酵母面包（牛奶风味）,非饮料,饼干糕点,32.0,8
4,怡宝矿泉水,饮料,水,16.0,8
3,86g合味道浓猪骨味,非饮料,方便速食,54.0,8
3,健能酸奶,饮料,乳制品,30.0,8
2,尖叫,饮料,功能饮料,34.5,8
2,48g好丽友薯愿香烤原味,非饮料,膨化食品,39.0,8
3,劲仔小鱼（麻辣味）,非饮料,肉干/豆制品/蛋,83.5,8
4,凤爪,非饮料,肉干/豆制品/蛋,17.0,8
3,370g泰奇八宝粥,非饮料,方便速食,45.0,8
2,美汁源果粒橙,饮料,果蔬饮料,36.0,8
1,雪碧（500ml）,饮料,碳酸饮料,27.0,8
4,70g乐事薯片（黄瓜味）,非饮料,膨化食品,48.0,8
3,180ml雀巢咖啡罐装,饮料,咖啡,45.0,8
4,80g马赛克香蕉片,非饮料,蜜饯/果干,63.0,8
4,55g奥利奥原味夹心饼干,非饮料,饼干糕点,41.0,8
1,鸭翅,非饮料,肉干/豆制品/蛋,13.5,8
2,110g顺宝九制话梅,非饮料,蜜饯/果干,37.6,8
3,印尼芝士威化饼干,非饮料,饼干糕点,24.5,8
2,椰树牌椰汁,饮料,植物蛋白,36.5,8
3,怡宝矿泉水,饮料,水,16.0,8
4,迷你纸巾,非饮料,纸巾,7.0,7
4,统一阿萨姆奶茶,饮料,茶饮料,38.5,7
4,32g卫龙亲嘴烧川香味,非饮料,肉干/豆制品/蛋,21.6,7
3,泰奇八宝粥,非饮料,方便速食,63.0,7
3,咪咪,非饮料,膨化食品,7.5,7
3,乐事薯片（黄瓜味）,非饮料,膨化食品,56.0,7
4,统一来一桶香辣老坛酸菜牛肉面,非饮料,方便速食,44.0,7
3,手撕素肉排,非饮料,肉干/豆制品/蛋,8.9,7
4,68g好丽友蛋黄派2枚,非饮料,饼干糕点,31.5,7
3,凤爪,非饮料,肉干/豆制品/蛋,15.0,7
4,农夫果园,饮料,果蔬饮料,49.5,7
3,卫龙亲嘴烧红烧牛肉味,非饮料,肉干/豆制品/蛋,13.5,7
3,统一来一桶香辣老坛酸菜牛肉面,非饮料,方便速食,38.5,7
3,燕塘原味酸奶,饮料,乳制品,31.5,7
4,188g澳门永辉鸡仔饼,非饮料,饼干糕点,255.0,7
4,100g卫龙点心面黑椒牛排味,非饮料,肉干/豆制品/蛋,36.7,7
1,100g*5瓶益力多,饮料,乳制品,183.0,7
2,86g合味道浓猪骨味,非饮料,方便速食,42.0,7
3,50g马赛克手撕鱿鱼条,非饮料,海味零食,58.6,7
1,维他奶,饮料,植物蛋白,22.5,7
1,怡宝,饮料,水,17.0,7
3,250ml王老吉盒装,饮料,茶饮料,22.5,7
1,脉动（青柠）,饮料,功能饮料,35.0,7
1,85g统一老坛酸菜牛肉面,非饮料,方便速食,34.5,7
2,103g康师傅红烧牛肉面,非饮料,方便速食,44.0,7
1,600ml脉动青柠,饮料,功能饮料,34.5,7
3,40g上好佳日式鱼果,非饮料,膨化食品,29.5,7
2,145ml旺仔牛奶罐装,饮料,乳制品,27.0,7
2,益力多100g*5瓶,饮料,乳制品,93.0,7
2,新麦潮北海道吐司,非饮料,饼干糕点,25.0,7
1,250ml维他奶巧克力味,饮料,植物蛋白,25.5,7
3,50g上好佳田园薯片番茄味,非饮料,膨化食品,36.0,7
2,日式鱼果,非饮料,膨化食品,28.0,7
2,80g马赛克香蕉片,非饮料,蜜饯/果干,49.0,7
1,20g咪咪虾条马来西亚风味,非饮料,膨化食品,14.6,7
3,70g乐事薯片（黄瓜味）,非饮料,膨化食品,43.5,7
2,68g多力多玉米片爆香热辣味,非饮料,膨化食品,56.0,7
4,145g果王迷你山楂包装,非饮料,蜜饯/果干,46.0,6
2,100g果王咸柑桔罐装,非饮料,蜜饯/果干,36.0,6
3,40g乐事美国经典原味,非饮料,膨化食品,26.5,6
4,巧克力奶油味蛋糕,非饮料,饼干糕点,16.0,6
2,好吃点小饼干,非饮料,饼干糕点,6.5,6
3,奥利奥原味芝士,非饮料,饼干糕点,28.0,6
2,68g好丽友蛋黄派2枚,非饮料,饼干糕点,27.0,6
1,口味王槟榔（绿）,非饮料,蜜饯/果干,60.0,6
2,劲仔小鱼（卤香味）,非饮料,肉干/豆制品/蛋,19.0,6
4,480ml小茗同学冷泡溜溜哒茶,饮料,茶饮料,42.0,6
3,150g洽洽原香瓜子,非饮料,坚果炒货,47.0,6
4,70g乐事薯片（原味）,非饮料,膨化食品,34.0,6
4,顺宝九制梅,非饮料,蜜饯/果干,30.0,6
1,小鱼仔,非饮料,海味零食,6.5,6
2,优益C活菌型乳酸菌饮品,饮料,乳制品,72.06,6
4,80g香飘飘椰果奶茶麦香味,饮料,茶饮料,31.5,6
2,500ml康师傅冰糖雪梨,饮料,果蔬饮料,23.0,6
3,旺仔牛奶145ml,饮料,乳制品,45.0,6
2,好吃点,非饮料,饼干糕点,28.5,6
2,37.5g费列罗榛果威化巧克力3颗,非饮料,糖果/巧克力,65.9,6
2,手撕素肉排,非饮料,肉干/豆制品/蛋,6.2,6
4,百事可乐500ml,饮料,碳酸饮料,19.5,6
3,劲仔小鱼（卤香味）,非饮料,肉干/豆制品/蛋,12.0,6
3,加多宝,饮料,茶饮料,27.0,6
2,怡宝,饮料,水,12.0,6
4,盼盼手撕面包,非饮料,饼干糕点,24.0,6
2,40g上好佳日式鱼果,非饮料,膨化食品,27.5,6
3,40g呀土豆薯片滋香烤鸡味,非饮料,膨化食品,27.0,6
4,12g劲仔小鱼卤香味,非饮料,肉干/豆制品/蛋,12.0,6
2,40g乐事薯片墨西哥鸡汁番茄味,非饮料,膨化食品,22.5,5
3,燕塘甜牛奶,饮料,乳制品,22.5,5
2,小茗同学,饮料,茶饮料,25.0,5
4,80g香飘飘椰果奶茶原味,饮料,茶饮料,22.5,5
3,盼盼手撕面包,非饮料,饼干糕点,20.0,5
4,40g上好佳田园薯片番茄味,非饮料,膨化食品,26.5,5
3,12g劲仔小鱼卤香味,非饮料,肉干/豆制品/蛋,19.5,5
4,250ml维他椰子植物蛋白饮料,饮料,植物蛋白,23.0,5
3,117gUFO炒面铁板色拉鱿鱼风味,非饮料,方便速食,39.0,5
4,500ml营养快线原味,饮料,乳制品,27.0,5
2,新麦潮天然酵母面包（牛奶风味）,非饮料,饼干糕点,20.0,5
3,维他奶（巧克力味）,饮料,植物蛋白,17.5,5
2,117gUFO炒面铁板色拉鱿鱼风味,非饮料,方便速食,32.5,5
2,阿萨姆煎茶奶绿,饮料,茶饮料,20.0,5
2,145g果王迷你山楂包装,非饮料,蜜饯/果干,33.0,5
2,越南LIPO奶味面包干100g,非饮料,饼干糕点,40.0,5
2,新麦潮天然酵母面包（良品铺子）,非饮料,饼干糕点,18.0,5
3,日式鱼果,非饮料,膨化食品,24.0,5
2,260g马来西亚进口茱蒂丝口口香饼干,非饮料,饼干糕点,216.0,5
4,123gUFO炒面XO酱海鲜风味,非饮料,方便速食,44.5,5
3,80g香飘飘椰果奶茶原味,饮料,茶饮料,27.0,5
4,诗竹竹纤维面巾纸,非饮料,纸巾,24.0,5
3,70g乐事薯片黄瓜味,非饮料,膨化食品,30.4,5
3,好吃点,非饮料,饼干糕点,18.0,5
4,和成天下（红）,非饮料,香烟,75.0,5
3,480ml小茗同学冷泡溜溜哒茶,饮料,茶饮料,30.0,5
1,伊利纯牛奶,饮料,乳制品,15.0,5
3,68g多力多玉米片爆香热辣味,非饮料,膨化食品,40.0,5
4,卫龙亲嘴烧麦辣鸡汁味,非饮料,肉干/豆制品/蛋,10.5,5
3,40g呀土豆番茄酱味,非饮料,膨化食品,22.5,5
3,250ml维他椰子植物蛋白饮料,饮料,植物蛋白,22.5,5
4,四洲粟一烧烧烤味,非饮料,膨化食品,44.0,5
3,34g公仔迷你杯牛肉味,非饮料,方便速食,17.5,5
1,430g泰奇八宝粥,非饮料,方便速食,28.5,5
4,新麦潮北海道吐司,非饮料,饼干糕点,22.0,5
3,40g乐事薯片黄瓜味,非饮料,膨化食品,22.5,5
3,新麦潮天然酵母面包（牛奶风味）,非饮料,饼干糕点,20.0,5
1,110g顺宝九制话梅,非饮料,蜜饯/果干,25.0,5
1,椰树牌椰汁,饮料,植物蛋白,23.5,5
2,百事可乐500ml,饮料,碳酸饮料,12.5,4
3,500ml康师傅冰糖雪梨,饮料,果蔬饮料,20.5,4
3,顺宝九制梅,非饮料,蜜饯/果干,20.0,4
2,30g元朗小蛋卷,非饮料,饼干糕点,12.5,4
3,口味王槟榔（红）,非饮料,蜜饯/果干,60.0,4
4,34g公仔迷你杯风味排骨味,非饮料,方便速食,17.5,4
3,48g好丽友薯愿香烤原味,非饮料,膨化食品,25.0,4
2,250ml王老吉盒装,饮料,茶饮料,10.0,4
2,20g马来西亚风味咪咪蟹味粒0219,非饮料,膨化食品,5.2,4
3,500ml营养快线原味,饮料,乳制品,18.0,4
2,拿铁咖啡（统一）,饮料,咖啡,22.0,4
2,32g卫龙亲嘴烧川香味,非饮料,肉干/豆制品/蛋,9.0,4
2,34g公仔迷你杯牛肉味,非饮料,方便速食,13.0,4
3,20g马来西亚风味咪咪蟹味粒0219,非饮料,膨化食品,2.8,4
3,50g上好佳日式鱼果,非饮料,膨化食品,21.5,4
1,250ml维他奶低糖原味,饮料,植物蛋白,12.0,4
3,68g好丽友蛋黄派2枚,非饮料,饼干糕点,18.0,4
2,480ml小茗同学冷泡溜溜哒茶,饮料,茶饮料,24.0,4
4,越南LIPO奶味面包干100g,非饮料,饼干糕点,32.0,4
2,500ml恒大冰泉矿泉水,饮料,水,12.5,4
2,50g双层百力滋奶咖味,非饮料,饼干糕点,18.0,4
2,味之不规则饼干（芝士味）,非饮料,饼干糕点,35.0,4
4,阿萨姆煎茶奶绿,饮料,茶饮料,16.0,4
1,10g卫龙亲嘴烧香辣味,非饮料,肉干/豆制品/蛋,5.7,4
2,脉动（椰子菠萝口味）,饮料,功能饮料,40.0,4
1,维他奶（巧克力味）,饮料,植物蛋白,14.0,4
2,乐事薯片（青柠）,非饮料,膨化食品,48.0,4
1,茉莉蜜茶,饮料,茶饮料,14.0,4
2,芦荟汁,饮料,果蔬饮料,24.0,4
4,55g奥利奥迷你杯夹心小饼干杯装原味,非饮料,饼干糕点,22.0,4
4,50g双层百力滋特浓番茄味,非饮料,饼干糕点,18.0,4
3,205ml安慕希蓝莓味,饮料,乳制品,23.2,4
4,50g双层百力滋奶咖味,非饮料,饼干糕点,18.0,4
4,乐事薯片（青柠）,非饮料,膨化食品,32.0,4
3,湘潭铺子(羽泉版),非饮料,蜜饯/果干,39.5,4
1,维他柠檬茶,饮料,茶饮料,13.0,4
3,150抽诗竹竹纤维面巾纸,非饮料,纸巾,19.2,4
1,可口可乐最新款,饮料,碳酸饮料,13.0,4
3,美汁源果粒橙,饮料,果蔬饮料,26.0,4
3,100g果王咸柑桔罐装,非饮料,蜜饯/果干,24.0,4
2,130g果王玉带蚕豆,非饮料,坚果炒货,25.0,4
3,100g卫龙点心面黑椒牛排味,非饮料,肉干/豆制品/蛋,23.2,4
2,鸡爪,非饮料,肉干/豆制品/蛋,8.0,4
2,顺宝九制梅,非饮料,蜜饯/果干,20.0,4
1,68g好丽友巧克力派2枚,非饮料,饼干糕点,27.5,4
4,安慕希酸奶,饮料,乳制品,24.0,4
1,480ml小茗同学冷泡青柠红茶,饮料,茶饮料,19.5,4
2,180ml雀巢咖啡罐装,饮料,咖啡,18.0,4
3,145ml旺仔牛奶罐装,饮料,乳制品,15.0,4
2,50g双层百力滋特浓番茄味,非饮料,饼干糕点,13.5,3
2,188g澳门永辉鸡仔饼,非饮料,饼干糕点,119.0,3
2,55g奥利奥迷你杯夹心小饼干杯装原味,非饮料,饼干糕点,22.0,3
1,148g富甲一方紫薯仔,非饮料,蜜饯/果干,26.0,3
2,80g盼盼手撕面包,非饮料,饼干糕点,12.0,3
1,无穷农场盐_鸡蛋,非饮料,肉干/豆制品/蛋,12.5,3
2,80g香飘飘椰果奶茶麦香味,饮料,茶饮料,13.5,3
4,83g汤达人酸辣豚骨拉面,非饮料,方便速食,19.5,3
1,130g果王玉带蚕豆,非饮料,坚果炒货,21.0,3
1,250ml统一麦香奶茶,饮料,茶饮料,12.5,3
4,劲仔小鱼（卤香味）,非饮料,肉干/豆制品/蛋,5.5,3
1,205g伊利安慕希原味,饮料,乳制品,21.0,3
4,芙蓉王,非饮料,香烟,71.0,3
1,85g新麦潮手撕面包（提子味）,非饮料,饼干糕点,10.5,3
1,32g卫龙亲嘴烧,非饮料,肉干/豆制品/蛋,12.59,3
1,78g卫龙亲嘴语辣条,非饮料,肉干/豆制品/蛋,12.5,3
1,330ml伊利畅意乳酸菌原味,饮料,乳制品,16.5,3
1,70g乖媳妇野山泡椒凤爪,非饮料,肉干/豆制品/蛋,13.5,3
4,500ml恒大冰泉矿泉水,饮料,水,10.0,3
2,12g劲仔小鱼卤香味,非饮料,肉干/豆制品/蛋,9.0,3
1,百事可乐500ml,饮料,碳酸饮料,9.5,3
3,330ml伊利畅意乳酸菌草莓味,饮料,乳制品,24.0,3
3,145g果王迷你山楂包装,非饮料,蜜饯/果干,20.0,3
2,迷你纸巾,非饮料,纸巾,3.0,3
2,怡宝矿泉水,饮料,水,6.0,3
3,188g澳门永辉鸡仔饼,非饮料,饼干糕点,119.0,3
3,上好佳田园薯片,非饮料,膨化食品,12.0,3
3,70g乐事薯片（原味）,非饮料,膨化食品,16.5,3
3,180g统一满汉全席台式半筋半肉牛肉面,非饮料,方便速食,178.2,3
4,130g果王玉带蚕豆,非饮料,坚果炒货,21.0,3
2,多芙利香草奶油味蛋糕,非饮料,饼干糕点,18.0,3
4,13g雀巢咖啡1+2特浓,饮料,咖啡,7.5,3
3,迷你纸巾,非饮料,纸巾,3.0,3
2,和成天下（黄）,非饮料,香烟,30.0,3
2,盼盼手撕面包,非饮料,饼干糕点,12.0,3
3,小茗同学,饮料,茶饮料,15.0,3
3,脉动（椰子菠萝口味）,饮料,功能饮料,20.0,3
3,103g康师傅红烧牛肉面,非饮料,方便速食,16.5,3
3,80g马赛克香蕉片,非饮料,蜜饯/果干,25.0,3
4,205ml安慕希蓝莓味,饮料,乳制品,17.4,3
1,诗竹竹纤维面巾纸,非饮料,纸巾,9.6,2
1,500ML宝矿力,饮料,功能饮料,11.0,2
1,经典奶茶,饮料,茶饮料,8.0,2
4,每日特惠,非饮料,其他,2.0,2
1,统一阿萨姆奶茶,饮料,茶饮料,11.0,2
3,劲仔小鱼（酱汁味）,非饮料,肉干/豆制品/蛋,4.5,2
3,40g卫龙点心面黑椒牛排味,非饮料,肉干/豆制品/蛋,14.0,2
1,香脆肠,非饮料,肉干/豆制品/蛋,3.5,2
3,卫龙亲嘴烧麦辣鸡汁味,非饮料,肉干/豆制品/蛋,3.0,2
1,40g双汇玉米热狗肠,非饮料,肉干/豆制品/蛋,12.0,2
1,34g公仔迷你杯风味排骨味,非饮料,方便速食,7.0,2
1,40g乐事薯片黄瓜味,非饮料,膨化食品,9.0,2
4,68g多力多玉米片爆香热辣味,非饮料,膨化食品,16.0,2
4,味之不规则饼干（芝士味）,非饮料,饼干糕点,17.5,2
1,500ml加多宝,饮料,茶饮料,8.0,2
3,500ML宝矿力,饮料,功能饮料,10.5,2
1,无穷烤鸡小腿（蜂蜜）,非饮料,肉干/豆制品/蛋,6.0,2
3,20g咩咩世界虾味条,非饮料,膨化食品,2.398,2
2,乐虎,饮料,功能饮料,9.0,2
3,多芙利香草奶油味蛋糕,非饮料,饼干糕点,12.0,2
3,34g公仔迷你杯风味排骨味,非饮料,方便速食,7.0,2
4,小茗同学,饮料,茶饮料,10.0,2
1,印尼芝士威化饼干,非饮料,饼干糕点,6.0,2
1,600ml可口可乐,饮料,碳酸饮料,9.0,2
1,双汇玉米热狗肠,非饮料,肉干/豆制品/蛋,6.0,2
1,58g丽芝士纳宝帝奶酪威化饼干,非饮料,饼干糕点,9.5,2
1,55g奥利奥原味芝士饼干,非饮料,饼干糕点,10.0,2
3,250ml维他椰子味豆奶7716,饮料,植物蛋白,5.0,2
4,乖媳妇野山椒风爪,非饮料,肉干/豆制品/蛋,5.6,2
3,220g宝丰龙龟苓膏绿豆味,非饮料,果冻/龟苓膏,12.0,2
4,拿铁咖啡（统一）,饮料,咖啡,10.0,2
3,40g乐事薯片墨西哥鸡汁番茄味,非饮料,膨化食品,9.0,2
3,250ml维他奶黑豆奶饮品,饮料,植物蛋白,15.0,2
3,拿铁咖啡（统一）,饮料,咖啡,11.5,2
1,康师傅矿泉水,饮料,水,2.2,2
3,新麦潮北海道吐司,非饮料,饼干糕点,8.0,2
4,新麦潮天然酵母面包（良品铺子）,非饮料,饼干糕点,8.0,2
2,107g出前一丁桶面酱香牛肉王,非饮料,方便速食,12.0,2
3,新麦潮手撕面包（提子味）,非饮料,饼干糕点,11.5,2
1,2g韩国海牌海苔,非饮料,海味零食,4.797,2
3,好吃点小饼干,非饮料,饼干糕点,2.0,2
4,脉动（椰子菠萝口味）,饮料,功能饮料,15.0,2
3,78g合味道杯面香菇炖鸡风味,非饮料,方便速食,12.0,2
2,205ml安慕希蓝莓味,饮料,乳制品,11.6,2
2,芙蓉王,非饮料,香烟,46.0,2
2,250ml维他奶黑豆奶饮品,饮料,植物蛋白,6.0,2
3,55g奥利奥迷你杯夹心小饼干杯装原味,非饮料,饼干糕点,11.0,2
3,乐事薯片（青柠）,非饮料,膨化食品,32.0,2
2,口味王槟榔（红）,非饮料,蜜饯/果干,30.0,2
3,鸡爪,非饮料,肉干/豆制品/蛋,4.0,2
1,220g宝丰龙龟苓膏,非饮料,果冻/龟苓膏,10.0,2
3,80g香飘飘椰果奶茶麦香味,饮料,茶饮料,9.0,2
4,10g越南LIPO奶味面包干,非饮料,饼干糕点,4.0,2
1,180ml雀巢咖啡罐装,饮料,咖啡,9.0,2
1,160g盼盼手撕面包,非饮料,饼干糕点,14.0,2
2,40g卫龙点心面黑椒牛排味,非饮料,肉干/豆制品/蛋,12.5,2
2,500ML宝矿力,饮料,功能饮料,11.0,2
3,阿萨姆煎茶奶绿,饮料,茶饮料,8.0,2
1,150g洽洽原香瓜子,非饮料,坚果炒货,10.0,2
1,225g味之不规则饼干芝士味,非饮料,饼干糕点,17.5,2
2,150g洽洽原香瓜子,非饮料,坚果炒货,14.0,2
4,220g宝丰龙龟苓膏绿豆味,非饮料,果冻/龟苓膏,12.0,2
2,10g越南LIPO奶味面包干0015,非饮料,饼干糕点,57.5,2
3,107g出前一丁桶面酱香牛肉王,非饮料,方便速食,12.0,2
3,83g汤达人酸辣豚骨拉面,非饮料,方便速食,13.0,2
3,乖媳妇野山椒风爪,非饮料,肉干/豆制品/蛋,9.1,2
2,150抽诗竹竹纤维面巾纸,非饮料,纸巾,9.6,2
1,600ml雪碧,饮料,碳酸饮料,3.5,1
1,145ml旺仔牛奶罐装,饮料,乳制品,3.0,1
1,65g卫龙亲嘴豆皮,非饮料,肉干/豆制品/蛋,4.5,1
3,75g达利园柠檬蛋糕,非饮料,饼干糕点,4.5,1
1,150g健能酸奶原味,饮料,乳制品,3.0,1
1,70g乐事薯片（黄瓜味）,非饮料,膨化食品,5.5,1
3,78g卫龙亲语,非饮料,肉干/豆制品/蛋,4.5,1
1,70g乐事薯片（原味）,非饮料,膨化食品,5.5,1
1,117gUFO炒面铁板色拉鱿鱼风味,非饮料,方便速食,6.5,1
4,小茗同学（青柠红茶）,饮料,茶饮料,6.0,1
3,四洲粟一烧烧烤味,非饮料,膨化食品,9.0,1
3,80g盼盼手撕面包,非饮料,饼干糕点,4.0,1
1,145g果王迷你山楂包装,非饮料,蜜饯/果干,6.0,1
1,5片装益达绿箭口香糖,非饮料,糖果/巧克力,2.0,1
3,味之不规则饼干（芝士味）,非饮料,饼干糕点,10.0,1
1,12g劲仔小鱼卤香味,非饮料,肉干/豆制品/蛋,1.5,1
4,多芙利香草奶油味蛋糕,非饮料,饼干糕点,6.0,1
3,合味道（浓猪骨）,非饮料,方便速食,6.0,1
1,70g乐事薯片原味,非饮料,膨化食品,5.5,1
3,味之不规则饼干（番茄味）,非饮料,饼干糕点,10.0,1
1,55g奥利奥原味夹心饼干,非饮料,饼干糕点,4.5,1
1,250ml维他椰子植物蛋白饮料,饮料,植物蛋白,8.0,1
4,新麦潮手撕面包（提子味）,非饮料,饼干糕点,4.0,1
4,新麦潮天然酵母面包,非饮料,饼干糕点,4.0,1
3,可口可乐330ml（罐）,饮料,碳酸饮料,2.5,1
1,32g卫龙亲嘴烧红烧牛肉味,非饮料,肉干/豆制品/蛋,5.4,1
1,34g公仔迷你杯牛肉味,非饮料,方便速食,3.5,1
3,500ml统一冰糖雪梨,饮料,果蔬饮料,3.5,1
3,50g双层百力滋特浓番茄味,非饮料,饼干糕点,4.5,1
1,370g泰奇八宝粥,非饮料,方便速食,6.0,1
4,百事可乐330ml,饮料,碳酸饮料,2.5,1
1,250ML东鹏特饮,饮料,功能饮料,3.5,1
1,40g上好佳日式鱼果,非饮料,膨化食品,4.5,1
1,40g乐事美国经典原味,非饮料,膨化食品,4.5,1
1,450ml美汁源果粒橙,饮料,果蔬饮料,3.0,1
1,48g好丽友薯愿香烤原味,非饮料,膨化食品,5.0,1
1,52g旺旺仙贝,非饮料,膨化食品,4.5,1
1,20g马来西亚风味咪咪蟹味粒0219,非饮料,膨化食品,0.8,1
1,500ml农夫果园 (芒果+菠萝+番石榴),饮料,果蔬饮料,5.0,1
1,500ml恒大冰泉矿泉水,饮料,水,5.0,1
1,205ml安慕希蓝莓味,饮料,乳制品,5.8,1
1,50g上好佳日式鱼果,非饮料,膨化食品,4.5,1
3,70g乐事薯片青柠味,非饮料,膨化食品,6.5,1
1,50g上好佳田园薯片番茄味,非饮料,膨化食品,4.5,1
1,50g马赛克手撕鱿鱼条,非饮料,海味零食,9.0,1
3,500ml恒大冰泉矿泉水,饮料,水,2.5,1
1,180g统一满汉全席台式半筋半肉牛肉面,非饮料,方便速食,59.4,1
4,20g士力架,非饮料,糖果/巧克力,2.0,1
1,和成天下（黄）,非饮料,香烟,10.0,1
4,味之不规则饼干（番茄味）,非饮料,饼干糕点,10.0,1
3,维他奶黑豆奶饮品,饮料,植物蛋白,3.5,1
2,维他柠檬茶330ml（罐）,饮料,茶饮料,3.0,1
2,220g宝丰龙龟苓膏绿豆味,非饮料,果冻/龟苓膏,4.0,1
4,40g盼盼手撕面包,非饮料,饼干糕点,2.0,1
2,诗竹竹纤维面巾纸,非饮料,纸巾,4.8,1
3,越南LIPO奶味面包干100g,非饮料,饼干糕点,8.0,1
4,500ML宝矿力,饮料,功能饮料,5.5,1
3,维他柠檬茶330ml（罐）,饮料,茶饮料,3.0,1
4,500ml统一冰糖雪梨,饮料,果蔬饮料,3.5,1
3,10g越南LIPO奶味面包干,非饮料,饼干糕点,1.0,1
3,威化饼干,非饮料,饼干糕点,3.0,1
3,123gUFO炒面XO酱海鲜风味,非饮料,方便速食,6.5,1
3,12g劲仔小鱼（香辣味）,非饮料,肉干/豆制品/蛋,1.5,1
3,130g果王玉带蚕豆,非饮料,坚果炒货,7.0,1
2,100g卫龙点心面黑椒牛排味,非饮料,肉干/豆制品/蛋,5.8,1
1,顺宝九制梅,非饮料,蜜饯/果干,5.0,1
3,13g雀巢咖啡1+2特浓,饮料,咖啡,5.0,1
1,韩国海牌海苔,非饮料,海味零食,4.8,1
1,雪碧,饮料,碳酸饮料,3.5,1
2,250ml维他椰子植物蛋白饮料,饮料,植物蛋白,4.0,1
2,250ml维他椰子植物蛋白饮料9374,饮料,植物蛋白,4.0,1
2,百事可乐330ml,饮料,碳酸饮料,3.0,1
2,每日特惠,非饮料,其他,3.0,1
4,20g咩咩世界虾味条,非饮料,膨化食品,2.4,1
2,乐虎（380ml）,饮料,功能饮料,4.0,1
2,冰红茶（罐）,饮料,茶饮料,2.5,1
2,劲仔小鱼（酱汁味）,非饮料,肉干/豆制品/蛋,1.5,1
2,可口可乐330ml（罐）,饮料,碳酸饮料,3.0,1
2,合味道（浓猪骨）,非饮料,方便速食,6.0,1
2,和成天下（红）,非饮料,香烟,15.0,1
2,500ml营养快线原味,饮料,乳制品,4.5,1
2,500ml统一冰糖雪梨,饮料,果蔬饮料,3.5,1
4,250ml维他奶黑豆奶饮品,饮料,植物蛋白,3.0,1
4,250ml维他椰子味豆奶7716,饮料,植物蛋白,2.5,1
4,250ml维他椰子植物蛋白饮料9374,饮料,植物蛋白,4.0,1
4,12g劲仔小鱼（香辣味）,非饮料,肉干/豆制品/蛋,1.5,1
2,40g上好佳田园薯片番茄味,非饮料,膨化食品,7.0,1
4,10g越南LIPO奶味面包干0046,非饮料,饼干糕点,4.0,1
2,370g泰奇八宝粥,非饮料,方便速食,6.0,1
4,10g越南LIPO奶味面包干0015,非饮料,饼干糕点,1.0,1
1,越南LIPO奶味面包干100g,非饮料,饼干糕点,8.0,1
4,60g溜溜九制梅,非饮料,蜜饯/果干,5.5,1
1,芙蓉王,非饮料,香烟,25.0,1
4,乐虎（380ml）,饮料,功能饮料,4.0,1
3,32g卫龙亲嘴烧川香味,非饮料,肉干/豆制品/蛋,5.4,1
1,口味王槟榔（红）,非饮料,蜜饯/果干,15.0,1
4,冰红茶（罐）,饮料,茶饮料,2.5,1
1,劲仔小鱼（卤香味）,非饮料,肉干/豆制品/蛋,4.5,1
3,巧克力奶油味蛋糕,非饮料,饼干糕点,21.0,1
1,加多宝,饮料,茶饮料,4.5,1
1,凤爪,非饮料,肉干/豆制品/蛋,2.0,1
1,100g果王咸柑桔罐装,非饮料,蜜饯/果干,6.5,1
1,优益C活菌型乳酸菌饮品,饮料,乳制品,4.9,1
3,340ml蒙牛优益C乳酸菌,饮料,乳制品,7.0,1
1,丽芝士纳宝帝奶酪威化饼干,非饮料,饼干糕点,3.5,1
1,上好佳田园薯片,非饮料,膨化食品,4.0,1
1,86g合味道浓猪骨味,非饮料,方便速食,6.0,1
3,小茗同学冷泡茶（乳酸菌味）,饮料,茶饮料,6.0,1
4,可口可乐330ml（罐）,饮料,碳酸饮料,3.0,1
1,80g香飘飘椰果奶茶原味,饮料,茶饮料,4.5,1
1,80g四洲粟一烧烧烤味,非饮料,膨化食品,6.0,1
1,可乐可乐,饮料,碳酸饮料,3.5,1
1,咪咪,非饮料,膨化食品,1.0,1
3,百事可乐500ml,饮料,碳酸饮料,3.5,1
1,咪咪虾条马来西亚风味,非饮料,膨化食品,2.4,1
1,美年达（罐）,饮料,碳酸饮料,3.0,1
3,14g德芙巧克力,非饮料,糖果/巧克力,2.5,1
4,70g乐事薯片青柠味,非饮料,膨化食品,6.5,1
3,每日特惠,非饮料,其他,1.0,1
1,维他原味豆奶,饮料,植物蛋白,3.5,1
4,75g达利园柠檬蛋糕,非饮料,饼干糕点,4.5,1
4,78g卫龙亲语,非饮料,肉干/豆制品/蛋,4.5,1
4,78g合味道杯面香菇炖鸡风味,非饮料,方便速食,6.0,1
1,益力多100g*5瓶,饮料,乳制品,16.0,1
4,80g盼盼手撕面包,非饮料,饼干糕点,4.0,1
3,20g士力架,非饮料,糖果/巧克力,2.0,1
3,220g宝丰龙龟苓膏菊花味,非饮料,果冻/龟苓膏,10.0,1
1,珠江纯生啤酒,饮料,功能饮料,4.0,1
1,旺仔牛奶,饮料,乳制品,8.4,1
3,新麦潮天然酵母面包（良品铺子）,非饮料,饼干糕点,4.0,1
1,安慕希酸奶,饮料,乳制品,6.0,1
1,奥利奥原味芝士,非饮料,饼干糕点,4.0,1
4,340ml蒙牛优益C乳酸菌,饮料,乳制品,7.0,1
