月份（D）,商品,大类,二级类,销售额,订单量
11,东鹏特饮,饮料,功能饮料,281.0,80
12,阿萨姆奶茶,饮料,茶饮料,315.5,79
12,怡宝纯净水,饮料,水,155.0,77
12,东鹏特饮,饮料,功能饮料,261.5,74
11,统一冰红茶,饮料,茶饮料,211.0,70
10,怡宝纯净水,饮料,水,140.0,70
12,统一冰红茶,饮料,茶饮料,202.5,67
11,阿萨姆奶茶,饮料,茶饮料,252.0,63
12,脉动,饮料,功能饮料,248.5,60
12,营养快线,饮料,乳制品,239.0,59
9,东鹏特饮,饮料,功能饮料,207.0,59
8,东鹏特饮,饮料,功能饮料,203.5,58
8,阿萨姆奶茶,饮料,茶饮料,224.0,56
11,营养快线,饮料,乳制品,224.5,56
8,怡宝纯净水,饮料,水,108.5,54
12,香豆干,非饮料,肉干/豆制品/蛋,60.0,54
9,营养快线,饮料,乳制品,204.5,51
6,30g无穷农场盐_鸡蛋,非饮料,肉干/豆制品/蛋,155.0,50
11,怡宝纯净水,饮料,水,98.0,49
9,统一冰红茶,饮料,茶饮料,144.5,48
10,脉动,饮料,功能饮料,188.0,47
11,可口可乐（500ml）,饮料,碳酸饮料,138.0,46
9,阿萨姆奶茶,饮料,茶饮料,180.0,45
11,雪碧最新款,饮料,碳酸饮料,134.5,45
10,东鹏特饮,饮料,功能饮料,157.5,45
11,红牛,饮料,功能饮料,259.5,43
12,可口可乐（500ml）,饮料,碳酸饮料,126.0,42
10,阿萨姆奶茶,饮料,茶饮料,168.0,42
12,卫龙大面筋,非饮料,肉干/豆制品/蛋,130.0,41
11,王老吉（罐）,饮料,茶饮料,140.5,40
10,卫龙大面筋,非饮料,肉干/豆制品/蛋,120.0,40
12,雪碧最新款,饮料,碳酸饮料,119.5,39
8,营养快线,饮料,乳制品,156.5,39
9,怡宝纯净水,饮料,水,74.0,37
6,怡宝纯净水,饮料,水,74.0,37
8,香豆干,非饮料,肉干/豆制品/蛋,38.0,36
11,雪碧（500ml）,饮料,碳酸饮料,108.0,36
10,营养快线,饮料,乳制品,144.5,36
9,可口可乐（500ml）,饮料,碳酸饮料,108.0,36
12,王老吉（罐）,饮料,茶饮料,123.5,35
6,40g双汇玉米热狗肠,非饮料,肉干/豆制品/蛋,70.5,34
12,红牛,饮料,功能饮料,204.0,34
12,鸭翅,非饮料,肉干/豆制品/蛋,64.5,34
5,30g无穷农场盐_鸡蛋,非饮料,肉干/豆制品/蛋,110.0,34
10,统一冰红茶,饮料,茶饮料,102.0,34
9,脉动,饮料,功能饮料,132.0,33
6,20g咪咪虾条马来西亚风味,非饮料,膨化食品,74.79999999999998,33
12,果粒橙,饮料,果蔬饮料,100.5,33
6,东鹏特饮,饮料,功能饮料,112.0,32
11,脉动,饮料,功能饮料,128.0,32
12,可口可乐最新款,饮料,碳酸饮料,96.5,32
10,30g无穷农场盐_鸡蛋,非饮料,肉干/豆制品/蛋,110.5,32
6,脉动,饮料,功能饮料,133.0,31
8,卫龙大面筋,非饮料,肉干/豆制品/蛋,93.0,31
12,统一绿茶,饮料,茶饮料,97.0,31
8,统一绿茶,饮料,茶饮料,90.0,30
11,果粒橙,饮料,果蔬饮料,91.0,30
8,脉动,饮料,功能饮料,116.5,29
10,果粒橙,饮料,果蔬饮料,84.0,28
11,熊字饼,非饮料,饼干糕点,84.0,28
12,雪碧（500ml）,饮料,碳酸饮料,84.5,28
8,统一冰红茶,饮料,茶饮料,84.0,28
10,红牛,饮料,功能饮料,168.0,28
9,鸭翅,非饮料,肉干/豆制品/蛋,48.5,28
6,阿萨姆奶茶,饮料,茶饮料,114.5,28
9,统一绿茶,饮料,茶饮料,81.0,27
11,鸭翅,非饮料,肉干/豆制品/蛋,48.0,26
10,雪碧最新款,饮料,碳酸饮料,77.5,26
9,雪碧（500ml）,饮料,碳酸饮料,78.0,26
10,统一绿茶,饮料,茶饮料,78.0,26
9,美年达（罐）,饮料,碳酸饮料,78.0,26
12,40g双汇玉米热狗肠,非饮料,肉干/豆制品/蛋,51.0,26
9,卫龙大面筋,非饮料,肉干/豆制品/蛋,75.0,25
11,卫龙大面筋,非饮料,肉干/豆制品/蛋,75.0,25
5,40g双汇玉米热狗肠,非饮料,肉干/豆制品/蛋,49.5,25
11,可口可乐最新款,饮料,碳酸饮料,75.0,25
8,王老吉（罐）,饮料,茶饮料,85.5,24
8,银鹭八宝粥,饮料,方便速食,96.0,24
9,红牛,饮料,功能饮料,145.5,24
11,香豆干,非饮料,肉干/豆制品/蛋,24.5,24
11,美年达（罐）,饮料,碳酸饮料,72.0,24
6,32g卫龙亲嘴烧,非饮料,肉干/豆制品/蛋,44.999999999999986,23
8,果粒橙,饮料,果蔬饮料,69.0,23
6,营养快线,饮料,乳制品,95.5,23
12,熊字饼,非饮料,饼干糕点,69.0,23
8,可口可乐最新款,饮料,碳酸饮料,69.0,23
6,250ml维他柠檬茶,饮料,茶饮料,95.5,23
4,营养快线,饮料,乳制品,92.5,23
10,20g咪咪虾条马来西亚风味,非饮料,膨化食品,36.199999999999996,23
4,统一绿茶,饮料,茶饮料,67.0,22
9,王老吉（罐）,饮料,茶饮料,77.0,22
12,王老吉（500ml）,饮料,茶饮料,88.0,22
12,小鱼仔,非饮料,海味零食,25.0,22
6,145ml旺仔牛奶盒装,饮料,乳制品,87.5,21
8,红牛,饮料,功能饮料,126.0,21
10,13g无穷烤鸡小腿蜂蜜味,非饮料,肉干/豆制品/蛋,83.5,21
11,王老吉（500ml）,饮料,茶饮料,84.0,21
5,20g咪咪虾条马来西亚风味,非饮料,膨化食品,53.599999999999994,21
12,30g无穷农场盐_鸡蛋,非饮料,肉干/豆制品/蛋,57.5,21
10,250ml红牛,饮料,功能饮料,214.5,21
12,13g无穷烤鸡小腿蜂蜜味,非饮料,肉干/豆制品/蛋,77.5,20
11,统一绿茶,饮料,茶饮料,60.5,20
8,伊利优酸乳,饮料,乳制品,49.5,20
12,伊利优酸乳,饮料,乳制品,49.0,20
11,小鱼仔,非饮料,海味零食,22.5,20
4,阿萨姆奶茶,饮料,茶饮料,76.0,19
10,王老吉（罐）,饮料,茶饮料,66.5,19
10,250ml维他柠檬茶,饮料,茶饮料,78.0,19
10,32g卫龙亲嘴烧,非饮料,肉干/豆制品/蛋,39.599999999999994,19
6,85g统一老坛酸菜牛肉面,非饮料,方便速食,102.5,19
10,40g双汇玉米热狗肠,非饮料,肉干/豆制品/蛋,37.5,19
9,果粒橙,饮料,果蔬饮料,58.0,19
8,熊字饼,非饮料,饼干糕点,57.0,19
9,熊字饼,非饮料,饼干糕点,57.0,19
4,东鹏特饮,饮料,功能饮料,66.5,19
10,小鱼仔,非饮料,海味零食,19.0,19
10,可口可乐330ml,饮料,碳酸饮料,55.5,19
10,伊利优酸乳,饮料,乳制品,45.0,18
6,250ml维他原味豆奶,饮料,植物蛋白,57.0,18
11,伊利纯牛奶,饮料,乳制品,53.5,18
12,20g咪咪虾条马来西亚风味,非饮料,膨化食品,30.1,18
12,250ml燕塘甜牛奶,饮料,乳制品,72.5,17
12,香脆肠,非饮料,肉干/豆制品/蛋,25.5,17
12,茉莉蜜茶,饮料,茶饮料,52.5,17
8,雪碧最新款,饮料,碳酸饮料,50.5,17
10,可口可乐最新款,饮料,碳酸饮料,48.0,16
10,430g泰奇八宝粥,非饮料,方便速食,103.0,16
10,250ml维他原味豆奶,饮料,植物蛋白,50.5,16
9,雪碧最新款,饮料,碳酸饮料,48.0,16
6,13g无穷烤鸡小腿蜂蜜味,非饮料,肉干/豆制品/蛋,54.0,16
6,250ml燕塘红枣牛奶,饮料,乳制品,81.0,16
4,怡宝纯净水,饮料,水,32.0,16
12,美年达（罐）,饮料,碳酸饮料,46.0,16
12,伊利纯牛奶,饮料,乳制品,49.0,16
8,鸭翅,非饮料,肉干/豆制品/蛋,29.0,16
6,统一冰红茶,饮料,茶饮料,44.5,15
12,250ml维他柠檬茶,饮料,茶饮料,51.0,15
5,250ml维他原味豆奶,饮料,植物蛋白,45.0,15
9,40g双汇玉米热狗肠,非饮料,肉干/豆制品/蛋,39.0,15
6,55g奥利奥原味芝士饼干,非饮料,饼干糕点,77.5,15
8,口味王槟榔（绿）,非饮料,蜜饯/果干,150.0,15
10,145ml旺仔牛奶盒装,饮料,乳制品,49.0,15
11,维他奶,饮料,植物蛋白,45.0,15
10,鸭翅,非饮料,肉干/豆制品/蛋,25.5,15
6,香豆干,非饮料,肉干/豆制品/蛋,15.0,15
12,600ml可口可乐,饮料,碳酸饮料,62.0,15
9,可口可乐最新款,饮料,碳酸饮料,45.0,15
7,怡宝纯净水,饮料,水,30.0,15
10,香豆干,非饮料,肉干/豆制品/蛋,14.5,14
5,13g无穷烤鸡小腿蜂蜜味,非饮料,肉干/豆制品/蛋,54.0,14
12,维他奶,饮料,植物蛋白,41.5,14
6,85g新麦潮北海道吐司,非饮料,饼干糕点,48.0,14
5,45g双汇泡面拍挡,非饮料,肉干/豆制品/蛋,25.5,14
4,30g无穷农场盐_鸡蛋,非饮料,肉干/豆制品/蛋,47.5,14
9,小鱼仔,非饮料,海味零食,15.0,14
6,250ml燕塘甜牛奶,饮料,乳制品,63.0,14
6,250ml燕塘原味酸奶,饮料,乳制品,63.0,14
6,85g新麦潮手撕面包（提子味）,非饮料,饼干糕点,43.5,14
11,268ml雀巢咖啡丝滑拿铁,饮料,咖啡,78.5,13
7,东鹏特饮,饮料,功能饮料,46.0,13
11,30g无穷农场盐_鸡蛋,非饮料,肉干/豆制品/蛋,47.5,13
6,86g合味道海鲜风味,非饮料,方便速食,78.0,13
6,330ml伊利畅意乳酸菌原味,饮料,乳制品,89.5,13
6,430g泰奇八宝粥,非饮料,方便速食,123.5,13
12,银鹭八宝粥,饮料,方便速食,52.0,13
9,王老吉（500ml）,饮料,茶饮料,52.0,13
12,维他柠檬茶,饮料,茶饮料,40.0,13
6,鸭翅,非饮料,肉干/豆制品/蛋,20.5,13
9,维他柠檬茶,饮料,茶饮料,40.0,13
12,250ml维他原味豆奶,饮料,植物蛋白,46.0,13
9,香豆干,非饮料,肉干/豆制品/蛋,14.0,13
5,85g新麦潮北海道吐司,非饮料,饼干糕点,47.0,13
12,250ml燕塘原味酸奶,饮料,乳制品,57.5,13
4,脉动,饮料,功能饮料,48.0,12
4,统一冰红茶,饮料,茶饮料,36.0,12
11,250ml维他柠檬茶,饮料,茶饮料,47.0,12
6,10g卫龙亲嘴烧香辣味,非饮料,肉干/豆制品/蛋,23.400000000000002,12
4,可口可乐最新款,饮料,碳酸饮料,36.0,12
4,卫龙大面筋,非饮料,肉干/豆制品/蛋,36.0,12
6,52g旺旺仙贝,非饮料,膨化食品,54.0,12
6,红牛,饮料,功能饮料,72.0,12
11,维他柠檬茶,饮料,茶饮料,36.0,12
12,85g新麦潮手撕面包（提子味）,非饮料,饼干糕点,37.0,11
3,怡宝纯净水,饮料,水,22.0,11
12,250ml红牛,饮料,功能饮料,117.0,11
9,250ml燕塘甜牛奶,饮料,乳制品,48.5,11
6,卫龙大面筋,非饮料,肉干/豆制品/蛋,33.0,11
10,熊字饼,非饮料,饼干糕点,33.0,11
6,果粒橙,饮料,果蔬饮料,33.0,11
9,600ml脉动青柠,饮料,功能饮料,54.6,11
4,85g统一老坛酸菜牛肉面,非饮料,方便速食,65.0,11
5,85g统一老坛酸菜牛肉面,非饮料,方便速食,62.0,11
3,脉动,饮料,功能饮料,45.0,11
10,伊利纯牛奶,饮料,乳制品,33.0,11
12,86g合味道海鲜风味,非饮料,方便速食,73.0,11
6,2g韩国海牌海苔,非饮料,海味零食,44.80000000000001,11
4,13g无穷烤鸡小腿蜂蜜味,非饮料,肉干/豆制品/蛋,46.0,11
9,250ml维他原味豆奶,饮料,植物蛋白,46.3,11
10,250ml燕塘甜牛奶,饮料,乳制品,54.0,11
6,600ml可口可乐,饮料,碳酸饮料,38.0,11
12,250ml燕塘红枣牛奶,饮料,乳制品,47.5,11
2,东鹏特饮,饮料,功能饮料,38.5,11
10,85g新麦潮北海道吐司,非饮料,饼干糕点,32.5,11
6,85g嘉士利果乐果香夹心饼干蓝莓味,非饮料,饼干糕点,49.5,11
8,可口可乐（500ml）,饮料,碳酸饮料,33.0,11
12,32g卫龙亲嘴烧红烧牛肉味,非饮料,肉干/豆制品/蛋,27.000000000000004,11
5,250ml燕塘原味酸奶,饮料,乳制品,49.5,11
2,怡宝纯净水,饮料,水,22.0,10
5,250ml维他柠檬茶,饮料,茶饮料,42.0,10
10,雪碧（500ml）,饮料,碳酸饮料,30.0,10
11,250ml燕塘原味酸奶,饮料,乳制品,61.0,10
12,可口可乐330ml,饮料,碳酸饮料,26.0,10
6,32g卫龙亲嘴烧红烧牛肉味,非饮料,肉干/豆制品/蛋,34.199999999999996,10
10,12g劲仔小鱼麻辣味,非饮料,肉干/豆制品/蛋,22.5,10
11,145ml旺仔牛奶盒装,饮料,乳制品,34.5,10
5,52g旺旺仙贝,非饮料,膨化食品,45.0,10
8,伊利纯牛奶,饮料,乳制品,30.0,10
10,600ml可口可乐,饮料,碳酸饮料,42.0,10
7,脉动,饮料,功能饮料,40.0,10
5,32g卫龙亲嘴烧,非饮料,肉干/豆制品/蛋,28.800000000000008,10
5,250ml燕塘甜牛奶,饮料,乳制品,45.0,10
2,可口可乐最新款,饮料,碳酸饮料,30.0,10
12,85g统一老坛酸菜牛肉面,非饮料,方便速食,57.5,10
4,40g双汇玉米热狗肠,非饮料,肉干/豆制品/蛋,19.5,9
5,58g丽芝士纳宝帝奶酪威化饼干,非饮料,饼干糕点,34.5,9
7,小鱼仔,非饮料,海味零食,9.0,9
9,145ml旺仔牛奶盒装,饮料,乳制品,30.0,9
10,85g嘉士利果乐果香夹心饼干蓝莓味,非饮料,饼干糕点,40.5,9
10,王老吉（500ml）,饮料,茶饮料,36.0,9
10,250ml维他奶巧克力味,饮料,植物蛋白,33.0,9
10,银鹭八宝粥,饮料,方便速食,36.0,9
12,480ml小茗同学冷泡青柠红茶,饮料,茶饮料,49.0,9
6,伊利优酸乳,饮料,乳制品,22.5,9
5,268ml雀巢咖啡丝滑拿铁,饮料,咖啡,61.0,9
12,430g泰奇八宝粥,非饮料,方便速食,71.5,9
10,500ml统一阿萨姆奶茶,饮料,茶饮料,75.0,9
7,统一冰红茶,饮料,茶饮料,27.5,9
4,果粒橙,饮料,果蔬饮料,27.0,9
5,12g劲仔小鱼麻辣味,非饮料,肉干/豆制品/蛋,19.5,9
8,雪碧（500ml）,饮料,碳酸饮料,27.0,9
7,营养快线,饮料,乳制品,36.0,9
4,250ml维他柠檬茶,饮料,茶饮料,51.0,9
7,阿萨姆奶茶,饮料,茶饮料,36.0,9
9,250ml红牛,饮料,功能饮料,115.5,9
12,20g马来西亚风味咪咪蟹味粒0219,非饮料,膨化食品,14.400000000000002,9
11,银鹭八宝粥,饮料,方便速食,36.5,9
12,85g新麦潮北海道吐司,非饮料,饼干糕点,30.0,9
10,10g卫龙亲嘴烧香辣味,非饮料,肉干/豆制品/蛋,13.199999999999998,9
5,可口可乐（500ml）,饮料,碳酸饮料,27.0,9
10,85g统一老坛酸菜牛肉面,非饮料,方便速食,45.5,9
7,伊利优酸乳,饮料,乳制品,22.5,9
9,百事可乐330ml,饮料,碳酸饮料,27.0,9
7,85g统一老坛酸菜牛肉面,非饮料,方便速食,46.0,9
9,250ml维他柠檬茶,饮料,茶饮料,45.5,9
9,30g无穷农场盐_鸡蛋,非饮料,肉干/豆制品/蛋,48.5,9
6,统一绿茶,饮料,茶饮料,27.0,9
3,东鹏特饮,饮料,功能饮料,31.5,9
12,咪咪,非饮料,膨化食品,9.0,9
12,10g卫龙亲嘴烧香辣味,非饮料,肉干/豆制品/蛋,19.200000000000003,9
12,百事可乐330ml,饮料,碳酸饮料,26.0,9
5,145ml旺仔牛奶盒装,饮料,乳制品,22.5,8
6,58g丽芝士纳宝帝奶酪威化饼干,非饮料,饼干糕点,31.0,8
9,银鹭八宝粥,饮料,方便速食,32.5,8
10,2g韩国海牌海苔,非饮料,海味零食,28.8,8
5,2g韩国海牌海苔,非饮料,海味零食,35.2,8
6,250ML东鹏特饮,饮料,功能饮料,45.0,8
6,250ml红牛,饮料,功能饮料,65.0,8
12,45g双汇泡面拍挡,非饮料,肉干/豆制品/蛋,13.5,8
6,150g健能酸奶原味,饮料,乳制品,40.0,8
6,20g马来西亚风味咪咪蟹味粒0219,非饮料,膨化食品,15.2,8
4,雪碧最新款,饮料,碳酸饮料,24.0,8
2,统一冰红茶,饮料,茶饮料,24.0,8
10,268ml雀巢咖啡丝滑拿铁,饮料,咖啡,49.5,8
7,香豆干,非饮料,肉干/豆制品/蛋,8.0,8
6,40g呀土豆薯片滋香烤鸡味,非饮料,膨化食品,36.0,8
10,70g乖媳妇野山泡椒凤爪,非饮料,肉干/豆制品/蛋,65.5,8
10,250ml燕塘红枣牛奶,饮料,乳制品,36.0,8
4,银鹭八宝粥,饮料,方便速食,32.5,8
10,180ml雀巢咖啡罐装,饮料,咖啡,45.0,8
5,78g卫龙亲嘴语辣条,非饮料,肉干/豆制品/蛋,34.0,8
6,45g双汇泡面拍挡,非饮料,肉干/豆制品/蛋,21.0,8
8,维他柠檬茶,饮料,茶饮料,24.0,8
12,78g卫龙亲嘴语辣条,非饮料,肉干/豆制品/蛋,35.0,8
4,20g咪咪虾条马来西亚风味,非饮料,膨化食品,20.0,8
8,小鱼仔,非饮料,海味零食,8.5,8
12,145ml旺仔牛奶盒装,饮料,乳制品,30.0,8
5,55g奥利奥原味芝士饼干,非饮料,饼干糕点,44.5,8
12,12g劲仔小鱼麻辣味,非饮料,肉干/豆制品/蛋,23.0,8
11,口味王槟榔（绿）,非饮料,蜜饯/果干,80.0,8
9,13g无穷烤鸡小腿蜂蜜味,非饮料,肉干/豆制品/蛋,29.0,8
11,13g无穷烤鸡小腿蜂蜜味,非饮料,肉干/豆制品/蛋,50.5,8
5,营养快线,饮料,乳制品,28.0,7
9,430g泰奇八宝粥,非饮料,方便速食,56.0,7
7,可口可乐（500ml）,饮料,碳酸饮料,21.0,7
6,205g伊利安慕希原味,饮料,乳制品,44.0,7
2,脉动,饮料,功能饮料,28.0,7
2,香豆干,非饮料,肉干/豆制品/蛋,7.0,7
10,20g马来西亚风味咪咪蟹味粒0219,非饮料,膨化食品,16.400000000000002,7
5,85g新麦潮手撕面包（提子味）,非饮料,饼干糕点,17.0,7
7,统一绿茶,饮料,茶饮料,21.0,7
9,20g咪咪虾条马来西亚风味,非饮料,膨化食品,11.9,7
6,40g乐事美国经典原味,非饮料,膨化食品,36.0,7
5,阿萨姆奶茶,饮料,茶饮料,28.0,7
7,王老吉（罐）,饮料,茶饮料,24.5,7
7,32g卫龙亲嘴烧,非饮料,肉干/豆制品/蛋,12.600000000000001,7
1,55g奥利奥原味芝士饼干,非饮料,饼干糕点,36.5,7
6,480ml小茗同学冷泡青柠红茶,饮料,茶饮料,38.5,7
12,250ml维他奶巧克力味,饮料,植物蛋白,24.0,7
5,250ml燕塘红枣牛奶,饮料,乳制品,36.0,7
5,250ml红牛,饮料,功能饮料,71.5,7
5,鸭翅,非饮料,肉干/豆制品/蛋,12.5,7
5,600ml可口可乐,饮料,碳酸饮料,31.5,7
1,30g无穷农场盐_鸡蛋,非饮料,肉干/豆制品/蛋,20.0,7
1,40g双汇玉米热狗肠,非饮料,肉干/豆制品/蛋,18.0,7
9,12g劲仔小鱼麻辣味,非饮料,肉干/豆制品/蛋,15.5,7
9,维他奶,饮料,植物蛋白,21.0,7
4,32g卫龙亲嘴烧,非饮料,肉干/豆制品/蛋,14.400000000000002,7
4,红牛,饮料,功能饮料,42.0,7
12,55g奥利奥原味芝士饼干,非饮料,饼干糕点,36.5,7
11,咪咪,非饮料,膨化食品,7.0,7
11,250ml燕塘红枣牛奶,饮料,乳制品,30.5,7
11,12g劲仔小鱼麻辣味,非饮料,肉干/豆制品/蛋,22.5,7
7,13g无穷烤鸡小腿蜂蜜味,非饮料,肉干/豆制品/蛋,42.0,7
6,王老吉（罐）,饮料,茶饮料,24.5,7
6,雪碧最新款,饮料,碳酸饮料,20.5,7
9,伊利纯牛奶,饮料,乳制品,21.0,7
4,熊字饼,非饮料,饼干糕点,21.5,7
6,可口可乐330ml,饮料,碳酸饮料,19.0,7
3,阿萨姆奶茶,饮料,茶饮料,28.0,7
12,冰糖雪梨,饮料,果蔬饮料,25.0,7
11,百事可乐330ml,饮料,碳酸饮料,21.0,7
4,145ml旺仔牛奶盒装,饮料,乳制品,30.0,7
9,咪咪,非饮料,膨化食品,7.0,7
12,500ml加多宝,饮料,茶饮料,35.5,7
6,雪碧（500ml）,饮料,碳酸饮料,21.0,7
2,可口可乐（500ml）,饮料,碳酸饮料,21.0,7
7,雪碧最新款,饮料,碳酸饮料,21.0,7
9,86g合味道海鲜风味,非饮料,方便速食,46.5,7
12,103g康师傅红烧牛肉面,非饮料,方便速食,33.0,6
5,500ml统一阿萨姆奶茶,饮料,茶饮料,55.0,6
11,85g统一老坛酸菜牛肉面,非饮料,方便速食,35.5,6
11,85g新麦潮手撕面包（提子味）,非饮料,饼干糕点,19.5,6
11,85g新麦潮北海道吐司,非饮料,饼干糕点,20.0,6
3,营养快线,饮料,乳制品,24.5,6
1,250ml维他原味豆奶,饮料,植物蛋白,18.0,6
5,脉动,饮料,功能饮料,25.0,6
2,阿萨姆奶茶,饮料,茶饮料,24.0,6
5,统一冰红茶,饮料,茶饮料,18.0,6
11,430g泰奇八宝粥,非饮料,方便速食,58.0,6
7,卫龙大面筋,非饮料,肉干/豆制品/蛋,18.0,6
10,150g健能酸奶原味,饮料,乳制品,24.0,6
5,东鹏特饮,饮料,功能饮料,21.0,6
4,10g卫龙亲嘴烧香辣味,非饮料,肉干/豆制品/蛋,13.0,6
9,伊利优酸乳,饮料,乳制品,15.0,6
11,40g双汇玉米热狗肠,非饮料,肉干/豆制品/蛋,11.0,6
5,怡宝纯净水,饮料,水,12.0,6
5,85g嘉士利果乐果香夹心饼干蓝莓味,非饮料,饼干糕点,27.0,6
9,85g统一老坛酸菜牛肉面,非饮料,方便速食,30.0,6
8,维他奶,饮料,植物蛋白,18.0,6
1,250ml维他柠檬茶,饮料,茶饮料,24.0,6
3,香豆干,非饮料,肉干/豆制品/蛋,6.5,6
11,450ml美汁源果粒橙,饮料,果蔬饮料,24.0,6
11,250ml燕塘甜牛奶,饮料,乳制品,36.0,6
11,20g咪咪虾条马来西亚风味,非饮料,膨化食品,20.8,6
6,可口可乐（500ml）,饮料,碳酸饮料,18.0,6
3,统一绿茶,饮料,茶饮料,19.5,6
3,统一冰红茶,饮料,茶饮料,18.0,6
9,250ml燕塘原味酸奶,饮料,乳制品,34.5,6
6,70g乖媳妇野山泡椒凤爪,非饮料,肉干/豆制品/蛋,20.5,6
4,小鱼仔,非饮料,海味零食,6.5,6
5,40g乐事美国经典原味,非饮料,膨化食品,27.0,6
2,香脆肠,非饮料,肉干/豆制品/蛋,7.5,6
12,乐虎（380ml）,饮料,功能饮料,24.0,6
1,雪碧最新款,饮料,碳酸饮料,17.5,6
7,鸭翅,非饮料,肉干/豆制品/蛋,10.5,6
12,康师傅矿泉水,饮料,水,11.2,6
10,40g乐事薯片黄瓜味,非饮料,膨化食品,36.0,6
9,268ml雀巢咖啡丝滑拿铁,饮料,咖啡,33.5,6
3,可乐可乐,饮料,碳酸饮料,20.5,6
11,伊利优酸乳,饮料,乳制品,15.0,6
1,香脆肠,非饮料,肉干/豆制品/蛋,9.5,6
5,100g*5瓶益力多,饮料,乳制品,100.0,6
4,美年达（罐）,饮料,碳酸饮料,18.0,6
4,香豆干,非饮料,肉干/豆制品/蛋,6.5,6
10,可口可乐（500ml）,饮料,碳酸饮料,18.0,6
10,口味王槟榔（绿）,非饮料,蜜饯/果干,60.0,6
6,600ml脉动青柠,饮料,功能饮料,33.0,6
1,统一冰红茶,饮料,茶饮料,18.5,6
6,维他奶,饮料,植物蛋白,17.0,6
11,86g合味道海鲜风味,非饮料,方便速食,41.0,6
11,250ml维他原味豆奶,饮料,植物蛋白,17.8,6
11,600ml可口可乐,饮料,碳酸饮料,20.0,6
12,口味王槟榔（绿）,非饮料,蜜饯/果干,60.0,6
9,可口可乐330ml,饮料,碳酸饮料,17.5,6
10,52g旺旺仙贝,非饮料,膨化食品,27.0,6
12,2g韩国海牌海苔,非饮料,海味零食,20.8,6
6,268ml雀巢咖啡丝滑拿铁,饮料,咖啡,43.5,6
10,58g丽芝士纳宝帝奶酪威化饼干,非饮料,饼干糕点,22.0,6
7,30g无穷农场盐_鸡蛋,非饮料,肉干/豆制品/蛋,15.0,6
10,330ml伊利畅意乳酸菌原味,饮料,乳制品,48.0,6
10,32g卫龙亲嘴烧红烧牛肉味,非饮料,肉干/豆制品/蛋,27.000000000000004,6
10,55g奥利奥原味芝士饼干,非饮料,饼干糕点,25.5,6
1,营养快线,饮料,乳制品,24.0,6
2,卫龙大面筋,非饮料,肉干/豆制品/蛋,15.0,5
1,10g卫龙亲嘴烧香辣味,非饮料,肉干/豆制品/蛋,7.2,5
6,148g富甲一方紫薯仔,非饮料,蜜饯/果干,32.5,5
6,12g劲仔小鱼麻辣味,非饮料,肉干/豆制品/蛋,7.5,5
11,205g伊利安慕希原味,饮料,乳制品,27.5,5
1,脉动,饮料,功能饮料,20.5,5
3,王老吉（500ml）,饮料,茶饮料,20.0,5
3,王老吉（罐）,饮料,茶饮料,17.5,5
5,王老吉（罐）,饮料,茶饮料,17.5,5
10,86g合味道海鲜风味,非饮料,方便速食,30.0,5
12,芙蓉王,非饮料,香烟,125.0,5
12,150g健能酸奶原味,饮料,乳制品,20.0,5
1,2g韩国海牌海苔,非饮料,海味零食,9.6,5
7,330ml伊利畅意乳酸菌原味,饮料,乳制品,41.5,5
12,口味王槟榔（红）,非饮料,蜜饯/果干,75.0,5
7,雪碧（500ml）,饮料,碳酸饮料,15.0,5
12,58g丽芝士纳宝帝奶酪威化饼干,非饮料,饼干糕点,16.0,5
9,500ml统一阿萨姆奶茶,饮料,茶饮料,35.0,5
2,统一绿茶,饮料,茶饮料,15.0,5
9,口味王槟榔（绿）,非饮料,蜜饯/果干,50.0,5
6,500ml统一阿萨姆奶茶,饮料,茶饮料,25.0,5
6,乖媳妇野山椒风爪,非饮料,肉干/豆制品/蛋,17.5,5
12,湘潭铺子(羽泉版),非饮料,蜜饯/果干,50.0,5
8,芬达330ml,饮料,碳酸饮料,14.0,5
6,印尼芝士威化饼干,非饮料,饼干糕点,15.0,5
1,东鹏特饮,饮料,功能饮料,17.5,5
1,怡宝纯净水,饮料,水,10.0,5
1,20g咪咪虾条马来西亚风味,非饮料,膨化食品,11.2,5
5,600ml脉动青柠,饮料,功能饮料,41.0,5
4,王老吉（罐）,饮料,茶饮料,17.5,5
9,150g健能酸奶原味,饮料,乳制品,19.0,5
10,45g双汇泡面拍挡,非饮料,肉干/豆制品/蛋,10.5,5
11,55g奥利奥原味芝士饼干,非饮料,饼干糕点,25.0,5
6,78g卫龙亲嘴语辣条,非饮料,肉干/豆制品/蛋,22.5,5
6,78g卫龙亲语,非饮料,肉干/豆制品/蛋,22.5,5
4,维他柠檬茶,饮料,茶饮料,16.5,5
10,205g伊利安慕希原味,饮料,乳制品,27.5,5
12,65g卫龙亲嘴豆皮,非饮料,肉干/豆制品/蛋,22.5,5
1,果粒橙,饮料,果蔬饮料,15.0,5
10,160g盼盼手撕面包,非饮料,饼干糕点,40.0,5
6,40g乐事薯片黄瓜味,非饮料,膨化食品,22.5,5
8,王老吉（500ml）,饮料,茶饮料,20.0,5
4,250ml燕塘原味酸奶,饮料,乳制品,22.5,5
1,银鹭八宝粥,饮料,方便速食,20.0,5
11,600ml雪碧,饮料,碳酸饮料,25.0,5
3,30g无穷农场盐_鸡蛋,非饮料,肉干/豆制品/蛋,14.5,5
6,68g好丽友巧克力派2枚,非饮料,饼干糕点,22.5,4
1,香豆干,非饮料,肉干/豆制品/蛋,4.5,4
12,维他原味豆奶,饮料,植物蛋白,14.0,4
6,70g乐事薯片黄瓜味,非饮料,膨化食品,26.0,4
9,480ml小茗同学冷泡青柠红茶,饮料,茶饮料,19.5,4
9,78g卫龙亲嘴语辣条,非饮料,肉干/豆制品/蛋,18.0,4
6,75g新麦潮天然酵母面包（北海道牛奶风味）,非饮料,饼干糕点,10.0,4
2,伊利纯牛奶,饮料,乳制品,12.0,4
6,80g四洲粟一烧烧烤味,非饮料,膨化食品,33.0,4
2,王老吉（罐）,饮料,茶饮料,14.5,4
12,怡宝,饮料,水,8.0,4
1,85g嘉士利果乐果香夹心饼干蓝莓味,非饮料,饼干糕点,18.0,4
10,阿萨姆煎茶奶绿,饮料,茶饮料,16.0,4
6,91g徐福记凤梨酥,非饮料,饼干糕点,26.0,4
9,600ml可口可乐,饮料,碳酸饮料,13.5,4
2,营养快线,饮料,乳制品,16.0,4
6,王老吉（500ml）,饮料,茶饮料,16.0,4
1,鸭翅,非饮料,肉干/豆制品/蛋,6.0,4
11,148g富甲一方紫薯仔,非饮料,蜜饯/果干,32.5,4
6,450ml美汁源果粒橙,饮料,果蔬饮料,16.0,4
9,58g丽芝士纳宝帝奶酪威化饼干,非饮料,饼干糕点,15.0,4
7,10g卫龙亲嘴烧香辣味,非饮料,肉干/豆制品/蛋,4.8,4
6,可口可乐最新款,饮料,碳酸饮料,12.0,4
2,美年达（罐）,饮料,碳酸饮料,10.0,4
2,维他柠檬茶,饮料,茶饮料,11.5,4
6,370g泰奇八宝粥,非饮料,方便速食,24.0,4
9,85g嘉士利果乐果香夹心饼干蓝莓味,非饮料,饼干糕点,18.0,4
1,85g新麦潮北海道吐司,非饮料,饼干糕点,13.0,4
6,统一来一桶香辣老坛酸菜牛肉面,非饮料,方便速食,22.0,4
6,80g香飘飘椰果奶茶麦香味,饮料,茶饮料,27.0,4
1,阿萨姆奶茶,饮料,茶饮料,15.5,4
7,40g双汇玉米热狗肠,非饮料,肉干/豆制品/蛋,10.5,4
10,65g卫龙亲嘴豆皮,非饮料,肉干/豆制品/蛋,18.0,4
10,600ml雪碧,饮料,碳酸饮料,14.4,4
4,78g卫龙亲嘴语辣条,非饮料,肉干/豆制品/蛋,18.0,4
10,600ml脉动青柠,饮料,功能饮料,29.0,4
4,85g新麦潮手撕面包（提子味）,非饮料,饼干糕点,12.5,4
3,85g新麦潮手撕面包（提子味）,非饮料,饼干糕点,14.0,4
4,伊利优酸乳,饮料,乳制品,10.0,4
1,小鱼仔,非饮料,海味零食,4.5,4
10,480ml小茗同学冷泡青柠红茶,饮料,茶饮料,22.0,4
10,450ml美汁源果粒橙,饮料,果蔬饮料,20.0,4
8,雪碧330ml,饮料,碳酸饮料,11.5,4
12,印尼芝士威化饼干,非饮料,饼干糕点,12.0,4
12,双汇玉米热狗肠,非饮料,肉干/豆制品/蛋,10.0,4
4,雪碧（500ml）,饮料,碳酸饮料,12.0,4
11,加多宝,饮料,茶饮料,36.0,4
5,10g卫龙亲嘴烧香辣味,非饮料,肉干/豆制品/蛋,3.0,4
8,香脆肠,非饮料,肉干/豆制品/蛋,5.0,4
10,40g乐事美国经典原味,非饮料,膨化食品,18.0,4
12,32g卫龙亲嘴烧,非饮料,肉干/豆制品/蛋,7.2,4
9,100g*5瓶益力多,饮料,乳制品,50.0,4
12,500ml统一阿萨姆奶茶,饮料,茶饮料,20.0,4
8,40g双汇玉米热狗肠,非饮料,肉干/豆制品/蛋,7.5,4
5,250ML东鹏特饮,饮料,功能饮料,18.0,4
4,55g奥利奥原味芝士饼干,非饮料,饼干糕点,21.5,4
12,健能酸奶,饮料,乳制品,28.0,4
8,咪咪,非饮料,膨化食品,4.0,4
8,可口可乐330ml,饮料,碳酸饮料,11.5,4
1,统一绿茶,饮料,茶饮料,12.0,4
1,王老吉（罐）,饮料,茶饮料,14.5,4
3,红牛,饮料,功能饮料,24.0,4
3,雪碧最新款,饮料,碳酸饮料,12.0,4
11,250ml红牛,饮料,功能饮料,31.5,4
11,330ml伊利畅意乳酸菌原味,饮料,乳制品,23.0,4
10,91g徐福记凤梨酥,非饮料,饼干糕点,26.0,4
4,180ml雀巢咖啡罐装,饮料,咖啡,22.5,4
4,205g伊利安慕希原味,饮料,乳制品,22.0,4
4,250ML东鹏特饮,饮料,功能饮料,18.0,4
12,凤爪,非饮料,肉干/豆制品/蛋,8.0,4
10,80g香飘飘椰果奶茶麦香味,饮料,茶饮料,18.0,4
10,78g卫龙亲嘴语辣条,非饮料,肉干/豆制品/蛋,18.0,4
10,75g新麦潮天然酵母面包（北海道牛奶风味）,非饮料,饼干糕点,10.0,4
4,45g双汇泡面拍挡,非饮料,肉干/豆制品/蛋,6.0,4
12,55g奥利奥原味夹心饼干,非饮料,饼干糕点,22.5,4
5,220g宝丰龙龟苓膏,非饮料,果冻/龟苓膏,20.0,4
4,鸭翅,非饮料,肉干/豆制品/蛋,8.0,4
12,雪碧330ml,饮料,碳酸饮料,10.5,4
10,100g*5瓶益力多,饮料,乳制品,50.0,4
5,78g卫龙亲语,非饮料,肉干/豆制品/蛋,18.0,4
11,78g卫龙亲嘴语辣条,非饮料,肉干/豆制品/蛋,18.0,4
9,雪碧330ml,饮料,碳酸饮料,12.0,4
5,86g合味道海鲜风味,非饮料,方便速食,24.0,4
9,茉莉蜜茶,饮料,茶饮料,12.0,4
12,雀巢咖啡,饮料,咖啡,24.0,4
10,103g康师傅红烧牛肉面,非饮料,方便速食,22.0,4
2,伊利优酸乳,饮料,乳制品,10.0,4
10,维他柠檬茶,饮料,茶饮料,12.5,4
1,250ml燕塘红枣牛奶,饮料,乳制品,17.0,4
5,卫龙大面筋,非饮料,肉干/豆制品/蛋,12.0,4
9,雀巢咖啡,饮料,咖啡,28.5,4
5,450ml美汁源果粒橙,饮料,果蔬饮料,19.0,4
5,430g泰奇八宝粥,非饮料,方便速食,26.0,4
7,熊字饼,非饮料,饼干糕点,12.0,4
5,330ml伊利畅意乳酸菌原味,饮料,乳制品,24.0,4
12,180ml雀巢咖啡罐装,饮料,咖啡,18.0,4
5,32g卫龙亲嘴烧红烧牛肉味,非饮料,肉干/豆制品/蛋,14.4,4
7,86g合味道海鲜风味,非饮料,方便速食,24.0,4
12,雪力矿泉水,饮料,水,8.0,4
12,268ml雀巢咖啡丝滑拿铁,饮料,咖啡,28.0,4
12,咪咪虾条马来西亚风味,非饮料,膨化食品,10.400000000000002,4
11,凤爪,非饮料,肉干/豆制品/蛋,8.0,4
8,乐虎（380ml）,饮料,功能饮料,12.0,3
1,熊字饼,非饮料,饼干糕点,9.0,3
9,55g奥利奥原味芝士饼干,非饮料,饼干糕点,12.5,3
11,225g味之不规则饼干芝士味,非饮料,饼干糕点,22.5,3
11,160g盼盼手撕面包,非饮料,饼干糕点,23.0,3
12,百事可乐500ml,饮料,碳酸饮料,9.0,3
9,250ml维他奶巧克力味,饮料,植物蛋白,18.0,3
7,70g乖媳妇野山泡椒凤爪,非饮料,肉干/豆制品/蛋,13.5,3
11,32g卫龙亲嘴烧,非饮料,肉干/豆制品/蛋,9.0,3
6,雪碧330ml,饮料,碳酸饮料,8.0,3
11,2g韩国海牌海苔,非饮料,海味零食,9.6,3
11,双汇玉米热狗肠,非饮料,肉干/豆制品/蛋,8.0,3
9,2g韩国海牌海苔,非饮料,海味零食,4.7,3
9,68g好丽友巧克力派2枚,非饮料,饼干糕点,13.5,3
11,乐虎（380ml）,饮料,功能饮料,12.0,3
6,阿萨姆煎茶奶绿,饮料,茶饮料,12.0,3
1,红牛,饮料,功能饮料,18.0,3
9,250ml燕塘红枣牛奶,饮料,乳制品,13.5,3
11,50g上好佳田园薯片番茄味,非饮料,膨化食品,13.5,3
7,268ml雀巢咖啡丝滑拿铁,饮料,咖啡,22.0,3
7,205g伊利安慕希原味,饮料,乳制品,16.0,3
7,250ml燕塘原味酸奶,饮料,乳制品,22.5,3
7,红牛,饮料,功能饮料,18.0,3
9,45g双汇泡面拍挡,非饮料,肉干/豆制品/蛋,6.0,3
1,印尼芝士威化饼干,非饮料,饼干糕点,9.0,3
7,220g宝丰龙龟苓膏,非饮料,果冻/龟苓膏,14.0,3
1,口味王槟榔（绿）,非饮料,蜜饯/果干,30.0,3
7,250ml燕塘红枣牛奶,饮料,乳制品,13.5,3
7,果粒橙,饮料,果蔬饮料,9.0,3
8,雀巢咖啡,饮料,咖啡,18.0,3
11,可口可乐330ml,饮料,碳酸饮料,9.0,3
8,10g卫龙亲嘴烧香辣味,非饮料,肉干/豆制品/蛋,3.0,3
8,13g无穷烤鸡小腿蜂蜜味,非饮料,肉干/豆制品/蛋,8.0,3
9,52g旺旺仙贝,非饮料,膨化食品,13.5,3
11,奥利奥原味芝士,非饮料,饼干糕点,16.0,3
11,600ml脉动青柠,饮料,功能饮料,15.0,3
7,250ml红牛,饮料,功能饮料,78.0,3
9,180ml雀巢咖啡罐装,饮料,咖啡,13.5,3
11,58g丽芝士纳宝帝奶酪威化饼干,非饮料,饼干糕点,11.5,3
9,205g伊利安慕希原味,饮料,乳制品,16.0,3
9,450ml美汁源果粒橙,饮料,果蔬饮料,16.0,3
7,可口可乐330ml,饮料,碳酸饮料,9.0,3
7,伊利纯牛奶,饮料,乳制品,9.0,3
11,500ml统一阿萨姆奶茶,饮料,茶饮料,15.0,3
11,480ml小茗同学冷泡青柠红茶,饮料,茶饮料,15.5,3
6,银鹭八宝粥,饮料,方便速食,12.0,3
10,咪咪虾条马来西亚风味,非饮料,膨化食品,6.4,3
10,150g洽洽原香瓜子,非饮料,坚果炒货,21.0,3
12,40g乐事美国经典原味,非饮料,膨化食品,13.5,3
12,370g泰奇八宝粥,非饮料,方便速食,18.0,3
1,250ml燕塘原味酸奶,饮料,乳制品,13.5,3
5,12g劲仔小鱼卤香味,非饮料,肉干/豆制品/蛋,7.5,3
5,148g富甲一方紫薯仔,非饮料,蜜饯/果干,19.5,3
5,160g盼盼手撕面包,非饮料,饼干糕点,32.0,3
5,180ml雀巢咖啡罐装,饮料,咖啡,18.0,3
10,40g上好佳日式鱼果,非饮料,膨化食品,13.5,3
10,370g泰奇八宝粥,非饮料,方便速食,24.0,3
5,20g马来西亚风味咪咪蟹味粒0219,非饮料,膨化食品,4.8,3
1,250ml燕塘甜牛奶,饮料,乳制品,12.5,3
12,可乐可乐,饮料,碳酸饮料,10.5,3
5,40g呀土豆番茄酱味,非饮料,膨化食品,18.0,3
5,480ml小茗同学冷泡青柠红茶,饮料,茶饮料,16.5,3
10,250ml王老吉盒装,饮料,茶饮料,7.5,3
10,250ml燕塘原味酸奶,饮料,乳制品,13.5,3
5,70g乐事薯片黄瓜味,非饮料,膨化食品,20.0,3
5,75g新麦潮天然酵母面包（北海道牛奶风味）,非饮料,饼干糕点,14.0,3
12,250ML东鹏特饮,饮料,功能饮料,13.5,3
3,250ml维他原味豆奶,饮料,植物蛋白,13.0,3
5,86g合味道浓猪骨味,非饮料,方便速食,18.0,3
5,伊利优酸乳,饮料,乳制品,7.5,3
5,伊利纯牛奶,饮料,乳制品,9.0,3
5,劲仔小鱼（麻辣味）,非饮料,肉干/豆制品/蛋,4.5,3
12,205g伊利安慕希原味,饮料,乳制品,16.5,3
1,32g卫龙亲嘴烧,非饮料,肉干/豆制品/蛋,5.4,3
12,148g富甲一方紫薯仔,非饮料,蜜饯/果干,19.5,3
3,250ml燕塘甜牛奶,饮料,乳制品,12.5,3
1,40g乐事薯片黄瓜味,非饮料,膨化食品,18.0,3
12,100g*5瓶益力多,饮料,乳制品,37.5,3
4,雀巢咖啡,饮料,咖啡,18.0,3
4,维他奶,饮料,植物蛋白,9.0,3
1,430g泰奇八宝粥,非饮料,方便速食,19.5,3
3,70g乖媳妇野山泡椒凤爪,非饮料,肉干/豆制品/蛋,9.5,3
3,卫龙大面筋,非饮料,肉干/豆制品/蛋,9.0,3
12,乖媳妇野山椒风爪,非饮料,肉干/豆制品/蛋,10.5,3
10,口味王槟榔（红）,非饮料,蜜饯/果干,45.0,3
12,丽芝士纳宝帝奶酪威化饼干,非饮料,饼干糕点,10.5,3
10,劲仔小鱼（麻辣味）,非饮料,肉干/豆制品/蛋,4.5,3
12,80g香飘飘椰果奶茶麦香味,饮料,茶饮料,13.5,3
4,12g劲仔小鱼麻辣味,非饮料,肉干/豆制品/蛋,7.5,3
12,80g四洲粟一烧烧烤味,非饮料,膨化食品,27.0,3
12,78g卫龙亲语,非饮料,肉干/豆制品/蛋,13.5,3
4,250ml燕塘红枣牛奶,饮料,乳制品,17.0,3
12,70g乐事薯片黄瓜味,非饮料,膨化食品,20.0,3
12,68g好丽友巧克力派2枚,非饮料,饼干糕点,13.5,3
4,250ml维他原味豆奶,饮料,植物蛋白,9.0,3
4,268ml雀巢咖啡丝滑拿铁,饮料,咖啡,17.0,3
12,600ml雪碧,饮料,碳酸饮料,7.1,3
10,80g香飘飘椰果奶茶原味,饮料,茶饮料,13.5,3
10,80g四洲粟一烧烧烤味,非饮料,膨化食品,25.0,3
10,70g乐事薯片（黄瓜味）,非饮料,膨化食品,19.5,3
4,600ml脉动青柠,饮料,功能饮料,18.5,3
10,68g好丽友蛋黄派2枚,非饮料,饼干糕点,13.5,3
10,68g好丽友巧克力派2枚,非饮料,饼干糕点,13.5,3
12,500ml农夫果园 (芒果+菠萝+番石榴),饮料,果蔬饮料,14.5,3
4,85g嘉士利果乐果香夹心饼干蓝莓味,非饮料,饼干糕点,13.5,3
4,85g新麦潮北海道吐司,非饮料,饼干糕点,8.0,3
4,86g合味道海鲜风味,非饮料,方便速食,18.0,3
4,伊利纯牛奶,饮料,乳制品,9.0,3
10,50g上好佳田园薯片番茄味,非饮料,膨化食品,13.5,3
12,40g乐事薯片黄瓜味,非饮料,膨化食品,13.0,3
10,500ml农夫果园 (芒果+菠萝+番石榴),饮料,果蔬饮料,15.0,3
5,雪碧330ml,饮料,碳酸饮料,8.0,3
6,180ml雀巢咖啡罐装,饮料,咖啡,22.5,3
2,果粒橙,饮料,果蔬饮料,9.0,3
1,68g好丽友巧克力派2枚,非饮料,饼干糕点,13.5,3
6,160g盼盼手撕面包,非饮料,饼干糕点,22.0,3
8,怡宝,饮料,水,6.0,3
6,48g好丽友薯愿香烤原味,非饮料,膨化食品,15.0,3
6,口味王槟榔（绿）,非饮料,蜜饯/果干,30.0,3
9,乐虎（380ml）,饮料,功能饮料,12.0,3
10,美年达（罐）,饮料,碳酸饮料,9.0,3
9,冰糖雪梨,饮料,果蔬饮料,10.0,3
6,40g呀土豆番茄酱味,非饮料,膨化食品,13.5,3
1,86g合味道海鲜风味,非饮料,方便速食,18.0,3
12,好吃点,非饮料,饼干糕点,8.5,3
2,鸭翅,非饮料,肉干/豆制品/蛋,5.0,3
9,椰树牌椰汁,饮料,植物蛋白,13.5,3
11,雀巢咖啡,饮料,咖啡,28.5,3
6,250ml维他奶巧克力味,饮料,植物蛋白,11.5,3
11,诗竹竹纤维面巾纸,非饮料,纸巾,14.399999999999999,3
1,78g卫龙亲嘴语辣条,非饮料,肉干/豆制品/蛋,13.5,3
6,双汇玉米热狗肠,非饮料,肉干/豆制品/蛋,6.0,3
10,雀巢咖啡,饮料,咖啡,18.0,3
6,12g劲仔小鱼卤香味,非饮料,肉干/豆制品/蛋,25.5,3
6,80g香飘飘椰果奶茶原味,饮料,茶饮料,18.0,3
1,85g统一老坛酸菜牛肉面,非饮料,方便速食,16.0,3
9,80g香飘飘椰果奶茶麦香味,饮料,茶饮料,22.5,3
6,110g顺宝九制话梅,非饮料,蜜饯/果干,13.8,3
6,100g*5瓶益力多,饮料,乳制品,37.5,3
1,500ml加多宝,饮料,茶饮料,13.5,3
9,美汁源果粒橙,饮料,果蔬饮料,14.0,3
9,85g新麦潮手撕面包（提子味）,非饮料,饼干糕点,8.5,3
6,劲仔小鱼（麻辣味）,非饮料,肉干/豆制品/蛋,4.5,3
6,34g公仔迷你杯牛肉味,非饮料,方便速食,10.5,3
8,维他原味豆奶,饮料,植物蛋白,7.0,2
10,无穷农场盐_鸡蛋,非饮料,肉干/豆制品/蛋,5.0,2
1,伊利纯牛奶,饮料,乳制品,6.0,2
10,70g乐事薯片黄瓜味,非饮料,膨化食品,13.5,2
10,70g乐事薯片原味,非饮料,膨化食品,14.0,2
9,口味王槟榔（红）,非饮料,蜜饯/果干,30.0,2
9,可乐可乐,饮料,碳酸饮料,7.0,2
9,500ml加多宝,饮料,茶饮料,9.0,2
9,阿萨姆煎茶奶绿,饮料,茶饮料,8.0,2
1,无穷农场盐_鸡蛋,非饮料,肉干/豆制品/蛋,5.0,2
1,凤爪,非饮料,肉干/豆制品/蛋,4.0,2
11,250ml维他奶巧克力味,饮料,植物蛋白,13.0,2
9,80g四洲粟一烧烧烤味,非饮料,膨化食品,18.0,2
1,12g劲仔小鱼麻辣味,非饮料,肉干/豆制品/蛋,4.5,2
10,可乐可乐,饮料,碳酸饮料,7.0,2
9,65g卫龙亲嘴豆皮,非饮料,肉干/豆制品/蛋,9.0,2
9,85g新麦潮北海道吐司,非饮料,饼干糕点,5.0,2
10,双汇玉米热狗肠,非饮料,肉干/豆制品/蛋,4.0,2
1,13g无穷烤鸡小腿蜂蜜味,非饮料,肉干/豆制品/蛋,6.0,2
10,劲仔小鱼（卤香味）,非饮料,肉干/豆制品/蛋,4.5,2
1,150g健能酸奶原味,饮料,乳制品,8.0,2
10,乖媳妇野山椒风爪,非饮料,肉干/豆制品/蛋,7.0,2
1,150g洽洽原香瓜子,非饮料,坚果炒货,14.0,2
1,180ml雀巢咖啡罐装,饮料,咖啡,13.5,2
9,91g徐福记凤梨酥,非饮料,饼干糕点,13.0,2
11,123gUFO炒面XO酱海鲜风味,非饮料,方便速食,13.0,2
11,100g果王咸柑桔罐装,非饮料,蜜饯/果干,13.0,2
10,85g新麦潮手撕面包（提子味）,非饮料,饼干糕点,9.0,2
11,100g*5瓶益力多,饮料,乳制品,23.5,2
9,55g奥利奥原味夹心饼干,非饮料,饼干糕点,9.0,2
1,泰奇八宝粥,非饮料,方便速食,14.0,2
1,85g新麦潮手撕面包（提子味）,非饮料,饼干糕点,5.5,2
9,合味道（海鲜风味）,非饮料,方便速食,14.0,2
10,148g富甲一方紫薯仔,非饮料,蜜饯/果干,13.0,2
9,37.5g费列罗榛果威化巧克力3颗,非饮料,糖果/巧克力,21.8,2
9,330ml伊利畅意乳酸菌原味,饮料,乳制品,12.0,2
9,32g卫龙亲嘴烧红烧牛肉味,非饮料,肉干/豆制品/蛋,9.0,2
9,70g乖媳妇野山泡椒凤爪,非饮料,肉干/豆制品/蛋,10.5,2
9,32g卫龙亲嘴烧,非饮料,肉干/豆制品/蛋,3.6,2
12,芬达330ml,饮料,碳酸饮料,5.5,2
9,250ML东鹏特饮,饮料,功能饮料,13.5,2
10,12g劲仔小鱼卤香味,非饮料,肉干/豆制品/蛋,3.0,2
12,雪碧,饮料,碳酸饮料,7.0,2
10,维他奶,饮料,植物蛋白,6.5,2
12,阿萨姆煎茶奶绿,饮料,茶饮料,8.0,2
9,香脆肠,非饮料,肉干/豆制品/蛋,2.0,2
1,370g泰奇八宝粥,非饮料,方便速食,12.0,2
9,芙蓉王,非饮料,香烟,50.0,2
1,45g双汇泡面拍挡,非饮料,肉干/豆制品/蛋,3.0,2
11,180g统一满汉全席台式半筋半肉牛肉面,非饮料,方便速食,79.2,2
10,百事可乐330ml,饮料,碳酸饮料,6.0,2
9,370g泰奇八宝粥,非饮料,方便速食,12.0,2
9,500ml农夫果园 (芒果+菠萝+番石榴),饮料,果蔬饮料,9.0,2
1,20g马来西亚风味咪咪蟹味粒0219,非饮料,膨化食品,5.6,2
10,5片装益达绿箭口香糖,非饮料,糖果/巧克力,4.0,2
10,55g奥利奥原味夹心饼干,非饮料,饼干糕点,13.5,2
1,可口可乐（500ml）,饮料,碳酸饮料,6.0,2
10,雪力矿泉水,饮料,水,4.0,2
10,500ml加多宝,饮料,茶饮料,9.0,2
9,好吃点小饼干,非饮料,饼干糕点,2.0,2
10,480ml小茗同学冷泡溜溜哒茶,饮料,茶饮料,18.0,2
1,75g新麦潮天然酵母面包（北海道牛奶风味）,非饮料,饼干糕点,6.0,2
9,148g富甲一方紫薯仔,非饮料,蜜饯/果干,13.0,2
10,40g呀土豆番茄酱味,非饮料,膨化食品,9.0,2
1,65g卫龙亲嘴豆皮,非饮料,肉干/豆制品/蛋,9.0,2
1,600ml可口可乐,饮料,碳酸饮料,10.5,2
10,37.5g费列罗榛果威化巧克力3颗,非饮料,糖果/巧克力,23.6,2
1,卫龙大面筋,非饮料,肉干/豆制品/蛋,6.0,2
9,40g乐事薯片黄瓜味,非饮料,膨化食品,9.0,2
1,250ml维他奶低糖原味,饮料,植物蛋白,6.0,2
11,110g顺宝九制话梅,非饮料,蜜饯/果干,10.0,2
3,伊利优酸乳,饮料,乳制品,4.5,2
8,尖叫,饮料,功能饮料,8.0,2
6,480ml小茗同学冷泡溜溜哒茶,饮料,茶饮料,18.0,2
11,统一阿萨姆奶茶,饮料,茶饮料,16.5,2
6,70g乐事薯片原味,非饮料,膨化食品,13.0,2
4,怡宝,饮料,水,4.0,2
6,600ml雪碧,饮料,碳酸饮料,14.3,2
12,尖叫,饮料,功能饮料,8.0,2
6,55g奥利奥原味夹心饼干,非饮料,饼干糕点,9.0,2
10,奥利奥原味芝士,非饮料,饼干糕点,8.0,2
12,安慕希酸奶,饮料,乳制品,12.0,2
11,茉莉蜜茶,饮料,茶饮料,6.0,2
2,茉莉蜜茶,饮料,茶饮料,6.0,2
6,78g合味道杯面香菇炖鸡风味,非饮料,方便速食,12.0,2
6,40g上好佳日式鱼果,非饮料,膨化食品,9.0,2
8,安慕希酸奶,饮料,乳制品,6.0,2
6,32g卫龙亲嘴烧川香味,非饮料,肉干/豆制品/蛋,3.6,2
2,银鹭八宝粥,饮料,方便速食,8.0,2
2,雪碧最新款,饮料,碳酸饮料,5.5,2
12,好吃点小饼干,非饮料,饼干糕点,2.0,2
4,王老吉（500ml）,饮料,茶饮料,8.0,2
6,250ml维他奶黑豆奶饮品,饮料,植物蛋白,6.0,2
12,劲仔小鱼（麻辣味）,非饮料,肉干/豆制品/蛋,3.0,2
6,70g乐事薯片（黄瓜味）,非饮料,膨化食品,13.0,2
2,王老吉（500ml）,饮料,茶饮料,8.0,2
6,维他原味豆奶,饮料,植物蛋白,7.0,2
12,加多宝,饮料,茶饮料,8.0,2
4,健能酸奶,饮料,乳制品,7.0,2
11,泰奇八宝粥,非饮料,方便速食,14.0,2
4,劲仔小鱼（麻辣味）,非饮料,肉干/豆制品/蛋,3.0,2
6,燕塘红枣牛奶,饮料,乳制品,9.0,2
3,85g新麦潮北海道吐司,非饮料,饼干糕点,4.0,2
4,口味王槟榔（绿）,非饮料,蜜饯/果干,20.0,2
4,可乐可乐,饮料,碳酸饮料,7.0,2
6,无穷农场盐_鸡蛋,非饮料,肉干/豆制品/蛋,5.0,2
11,燕塘原味酸奶,饮料,乳制品,9.0,2
6,小鱼仔,非饮料,海味零食,2.0,2
12,怡宝矿泉水,饮料,水,4.0,2
6,好吃点,非饮料,饼干糕点,8.5,2
6,和成天下（黄）,非饮料,香烟,20.0,2
11,燕塘红枣牛奶,饮料,乳制品,9.0,2
4,可口可乐（500ml）,饮料,碳酸饮料,6.0,2
12,40g呀土豆番茄酱味,非饮料,膨化食品,9.0,2
11,益力多100g*5瓶,饮料,乳制品,23.5,2
6,伊利纯牛奶,饮料,乳制品,5.5,2
2,怡宝,饮料,水,4.0,2
6,86g合味道浓猪骨味,非饮料,方便速食,12.0,2
6,225g味之不规则饼干芝士味,非饮料,饼干糕点,18.5,2
3,600ml可口可乐,饮料,碳酸饮料,7.0,2
6,150g洽洽原香瓜子,非饮料,坚果炒货,14.0,2
5,70g乐事薯片原味,非饮料,膨化食品,21.0,2
5,口味王槟榔（红）,非饮料,蜜饯/果干,30.0,2
3,250ml红牛,饮料,功能饮料,13.5,2
5,丽芝士纳宝帝奶酪威化饼干,非饮料,饼干糕点,7.0,2
12,220g宝丰龙龟苓膏,非饮料,果冻/龟苓膏,10.0,2
5,91g徐福记凤梨酥,非饮料,饼干糕点,13.0,2
3,330ml伊利畅意乳酸菌原味,饮料,乳制品,18.0,2
3,250ml维他柠檬茶,饮料,茶饮料,6.0,2
5,80g香飘飘椰果奶茶原味,饮料,茶饮料,9.0,2
5,80g四洲粟一烧烧烤味,非饮料,膨化食品,17.0,2
5,68g好丽友蛋黄派2枚,非饮料,饼干糕点,9.0,2
6,145g果王迷你山楂包装,非饮料,蜜饯/果干,14.0,2
5,68g好丽友巧克力派2枚,非饮料,饼干糕点,9.0,2
5,65g卫龙亲嘴豆皮,非饮料,肉干/豆制品/蛋,9.0,2
5,55g奥利奥迷你杯夹心小饼干杯装原味,非饮料,饼干糕点,11.0,2
5,250ml维他奶巧克力味,饮料,植物蛋白,6.0,2
12,250ml维他奶低糖原味,饮料,植物蛋白,6.0,2
5,500ml加多宝,饮料,茶饮料,9.0,2
5,48g好丽友薯愿香烤原味,非饮料,膨化食品,10.0,2
3,2g韩国海牌海苔,非饮料,海味零食,8.0,2
12,30g元朗小蛋卷,非饮料,饼干糕点,5.0,2
3,40g双汇玉米热狗肠,非饮料,肉干/豆制品/蛋,3.0,2
5,可口可乐330ml,饮料,碳酸饮料,5.5,2
5,可口可乐最新款,饮料,碳酸饮料,6.0,2
5,合味道（海鲜风味）,非饮料,方便速食,14.0,2
3,148g富甲一方紫薯仔,非饮料,蜜饯/果干,13.0,2
6,107g出前一丁桶面酱香牛肉王,非饮料,方便速食,12.0,2
5,117gUFO炒面铁板色拉鱿鱼风味,非饮料,方便速食,13.0,2
6,100g果王咸柑桔罐装,非饮料,蜜饯/果干,13.0,2
6,100g卫龙点心面黑椒牛排味,非饮料,肉干/豆制品/蛋,11.6,2
11,香脆肠,非饮料,肉干/豆制品/蛋,2.5,2
5,雪碧（500ml）,饮料,碳酸饮料,6.0,2
3,20g咪咪虾条马来西亚风味,非饮料,膨化食品,4.800000000000001,2
5,银鹭八宝粥,饮料,方便速食,8.0,2
3,250ml燕塘原味酸奶,饮料,乳制品,8.0,2
5,维他柠檬茶,饮料,茶饮料,7.0,2
5,维他原味豆奶,饮料,植物蛋白,7.0,2
12,330ml伊利畅意乳酸菌原味,饮料,乳制品,11.5,2
5,燕塘原味酸奶,饮料,乳制品,9.0,2
5,果粒橙,饮料,果蔬饮料,6.0,2
3,430g泰奇八宝粥,非饮料,方便速食,13.0,2
5,225g味之不规则饼干芝士味,非饮料,饼干糕点,20.0,2
12,160g盼盼手撕面包,非饮料,饼干糕点,16.0,2
5,250ml王老吉盒装,饮料,茶饮料,5.0,2
12,无穷农场盐_鸡蛋,非饮料,肉干/豆制品/蛋,5.0,2
6,百事可乐330ml,饮料,碳酸饮料,6.0,2
12,450ml美汁源果粒橙,饮料,果蔬饮料,7.0,2
12,75g新麦潮天然酵母面包（北海道牛奶风味）,非饮料,饼干糕点,5.5,2
7,维他原味豆奶,饮料,植物蛋白,10.5,2
7,百事可乐330ml,饮料,碳酸饮料,6.0,2
3,香脆肠,非饮料,肉干/豆制品/蛋,2.0,2
7,王老吉（500ml）,饮料,茶饮料,8.0,2
3,鸭翅,非饮料,肉干/豆制品/蛋,4.0,2
12,85g嘉士利果乐果香夹心饼干蓝莓味,非饮料,饼干糕点,9.0,2
12,80g马赛克香蕉片,非饮料,蜜饯/果干,12.5,2
7,奥利奥原味芝士,非饮料,饼干糕点,8.0,2
7,可口可乐最新款,饮料,碳酸饮料,6.0,2
12,86g合味道浓猪骨味,非饮料,方便速食,12.0,2
12,70g乖媳妇野山泡椒凤爪,非饮料,肉干/豆制品/蛋,6.0,2
4,30g元朗小蛋卷,非饮料,饼干糕点,7.5,2
6,维他柠檬茶,饮料,茶饮料,6.0,2
11,80g马赛克香蕉片,非饮料,蜜饯/果干,14.0,2
7,91g徐福记凤梨酥,非饮料,饼干糕点,13.0,2
3,85g统一老坛酸菜牛肉面,非饮料,方便速食,10.0,2
7,85g嘉士利果乐果香夹心饼干蓝莓味,非饮料,饼干糕点,13.5,2
4,40g乐事美国经典原味,非饮料,膨化食品,9.0,2
3,雪碧（500ml）,饮料,碳酸饮料,6.0,2
11,65g卫龙亲嘴豆皮,非饮料,肉干/豆制品/蛋,9.0,2
12,55g奥利奥迷你杯夹心小饼干杯装原味,非饮料,饼干糕点,11.0,2
3,果粒橙,饮料,果蔬饮料,6.0,2
1,维他原味豆奶,饮料,植物蛋白,7.0,2
1,美年达（罐）,饮料,碳酸饮料,5.5,2
11,37.5g费列罗榛果威化巧克力3颗,非饮料,糖果/巧克力,23.6,2
3,口味王槟榔（绿）,非饮料,蜜饯/果干,20.0,2
8,85g新麦潮北海道吐司,非饮料,饼干糕点,4.5,2
3,可口可乐最新款,饮料,碳酸饮料,6.0,2
3,可口可乐（500ml）,饮料,碳酸饮料,6.0,2
3,小鱼仔,非饮料,海味零食,2.5,2
8,600ml可口可乐,饮料,碳酸饮料,7.0,2
7,阿萨姆煎茶奶绿,饮料,茶饮料,8.0,2
11,45g双汇泡面拍挡,非饮料,肉干/豆制品/蛋,13.5,2
11,500ml加多宝,饮料,茶饮料,8.0,2
3,熊字饼,非饮料,饼干糕点,6.0,2
12,91g徐福记凤梨酥,非饮料,饼干糕点,13.0,2
8,150g健能酸奶原味,饮料,乳制品,7.0,2
8,12g劲仔小鱼麻辣味,非饮料,肉干/豆制品/蛋,7.0,2
8,12g劲仔小鱼卤香味,非饮料,肉干/豆制品/蛋,6.0,2
7,雀巢咖啡,饮料,咖啡,15.0,2
7,78g卫龙亲嘴语辣条,非饮料,肉干/豆制品/蛋,9.0,2
5,40g乐事薯片黄瓜味,非饮料,膨化食品,9.0,2
11,口味王槟榔（红）,非饮料,蜜饯/果干,30.0,2
7,250ml维他柠檬茶,饮料,茶饮料,12.0,2
7,250ml维他原味豆奶,饮料,植物蛋白,5.5,2
11,无穷农场盐_鸡蛋,非饮料,肉干/豆制品/蛋,5.0,2
7,250ML东鹏特饮,饮料,功能饮料,8.0,2
7,225g味之不规则饼干芝士味,非饮料,饼干糕点,20.0,2
4,58g丽芝士纳宝帝奶酪威化饼干,非饮料,饼干糕点,18.0,2
7,65g卫龙亲嘴豆皮,非饮料,肉干/豆制品/蛋,9.0,2
6,香脆肠,非饮料,肉干/豆制品/蛋,4.0,2
4,65g卫龙亲嘴豆皮,非饮料,肉干/豆制品/蛋,9.0,2
7,150g健能酸奶原味,饮料,乳制品,7.0,2
7,148g富甲一方紫薯仔,非饮料,蜜饯/果干,13.0,2
7,145ml旺仔牛奶盒装,饮料,乳制品,6.5,2
7,12g劲仔小鱼麻辣味,非饮料,肉干/豆制品/蛋,3.0,2
12,椰树牌椰汁,饮料,植物蛋白,9.0,2
12,50g上好佳日式鱼果,非饮料,膨化食品,8.0,2
11,怡宝,饮料,水,4.0,2
2,250ml维他原味豆奶,饮料,植物蛋白,7.0,2
3,伊利纯牛奶,饮料,乳制品,6.0,2
12,500ml康师傅冰糖雪梨,饮料,果蔬饮料,7.0,2
7,100g*5瓶益力多,饮料,乳制品,25.0,2
7,600ml可口可乐,饮料,碳酸饮料,10.5,2
11,卫龙亲嘴烧红烧牛肉味,非饮料,肉干/豆制品/蛋,3.0,2
6,茉莉蜜茶,饮料,茶饮料,6.0,2
4,40g呀土豆薯片滋香烤鸡味,非饮料,膨化食品,9.0,2
7,600ml雪碧,饮料,碳酸饮料,5.3,2
7,40g呀土豆番茄酱味,非饮料,膨化食品,9.0,2
12,52g旺旺仙贝,非饮料,膨化食品,9.0,2
11,冰糖雪梨,饮料,果蔬饮料,7.0,2
4,500ml加多宝,饮料,茶饮料,13.5,2
7,40g乐事美国经典原味,非饮料,膨化食品,13.5,2
1,雪碧（500ml）,饮料,碳酸饮料,6.0,2
7,55g奥利奥原味芝士饼干,非饮料,饼干糕点,12.0,2
4,430g泰奇八宝粥,非饮料,方便速食,13.0,2
10,旺仔牛奶,饮料,乳制品,2.8,1
12,乐虎,饮料,功能饮料,3.5,1
10,好吃点小饼干,非饮料,饼干糕点,1.0,1
12,500ML宝矿力,饮料,功能饮料,5.0,1
10,威化饼干,非饮料,饼干糕点,4.0,1
12,250ml维他奶黑豆奶饮品,饮料,植物蛋白,3.0,1
12,农夫果园,饮料,果蔬饮料,5.5,1
10,泰奇八宝粥,非饮料,方便速食,7.0,1
10,新麦潮手撕面包（提子味）,非饮料,饼干糕点,4.0,1
12,劲仔小鱼（卤香味）,非饮料,肉干/豆制品/蛋,3.0,1
12,冰红茶（罐）,饮料,茶饮料,2.5,1
12,50g上好佳田园薯片番茄味,非饮料,膨化食品,4.5,1
12,韩国海牌海苔,非饮料,海味零食,1.6,1
10,康师傅矿泉水,饮料,水,1.5,1
12,32g卫龙亲嘴烧川香味,非饮料,肉干/豆制品/蛋,3.6,1
12,50g双层百力滋特浓番茄味,非饮料,饼干糕点,9.0,1
12,80g香飘飘椰果奶茶原味,饮料,茶饮料,9.0,1
10,新麦潮北海道吐司,非饮料,饼干糕点,3.0,1
12,37.5g费列罗榛果威化巧克力3颗,非饮料,糖果/巧克力,11.8,1
12,78g合味道杯面香菇炖鸡风味,非饮料,方便速食,6.0,1
12,40g上好佳日式鱼果,非饮料,膨化食品,3.5,1
12,600ml脉动青柠,饮料,功能饮料,10.0,1
12,40g乐事薯片墨西哥鸡汁番茄味,非饮料,膨化食品,4.5,1
12,卫龙亲嘴烧红烧牛肉味,非饮料,肉干/豆制品/蛋,1.5,1
12,维他奶（巧克力味）,饮料,植物蛋白,3.5,1
10,湘潭铺子(羽泉版),非饮料,蜜饯/果干,10.0,1
11,70g乐事薯片原味,非饮料,膨化食品,5.5,1
11,70g乐事薯片（黄瓜味）,非饮料,膨化食品,5.5,1
11,70g乖媳妇野山泡椒凤爪,非饮料,肉干/豆制品/蛋,3.0,1
11,75g新麦潮天然酵母面包（北海道牛奶风味）,非饮料,饼干糕点,4.0,1
11,220g宝丰龙龟苓膏,非饮料,果冻/龟苓膏,5.0,1
11,78g合味道杯面香菇炖鸡风味,非饮料,方便速食,6.0,1
11,80g四洲粟一烧烧烤味,非饮料,膨化食品,6.0,1
11,80g香飘飘椰果奶茶原味,饮料,茶饮料,4.5,1
12,燕塘原味酸奶,饮料,乳制品,4.5,1
11,85g嘉士利果乐果香夹心饼干蓝莓味,非饮料,饼干糕点,4.5,1
11,86g合味道浓猪骨味,非饮料,方便速食,7.0,1
11,91g徐福记凤梨酥,非饮料,饼干糕点,6.5,1
11,上好佳田园薯片,非饮料,膨化食品,4.0,1
11,150抽诗竹竹纤维面巾纸,非饮料,纸巾,4.8,1
11,150g洽洽原香瓜子,非饮料,坚果炒货,7.0,1
11,农夫果园,饮料,果蔬饮料,4.0,1
11,70g乐事薯片青柠味,非饮料,膨化食品,6.5,1
11,250ML东鹏特饮,饮料,功能饮料,3.5,1
10,燕塘原味酸奶,饮料,乳制品,4.5,1
11,68g好丽友蛋黄派2枚,非饮料,饼干糕点,4.5,1
11,260g马来西亚进口茱蒂丝口口香饼干,非饮料,饼干糕点,54.0,1
11,250ml维他奶低糖原味,饮料,植物蛋白,3.0,1
11,32g卫龙亲嘴烧红烧牛肉味,非饮料,肉干/豆制品/蛋,3.6,1
11,40g乐事美国经典原味,非饮料,膨化食品,4.5,1
11,40g乐事薯片黄瓜味,非饮料,膨化食品,4.5,1
11,40g卫龙点心面黑椒牛排味,非饮料,肉干/豆制品/蛋,7.0,1
11,250ml王老吉盒装,饮料,茶饮料,2.5,1
11,40g呀土豆番茄酱味,非饮料,膨化食品,4.5,1
11,40g呀土豆薯片滋香烤鸡味,非饮料,膨化食品,9.0,1
11,500ml农夫果园 (芒果+菠萝+番石榴),饮料,果蔬饮料,10.0,1
11,52g旺旺仙贝,非饮料,膨化食品,4.5,1
11,55g奥利奥原味夹心饼干,非饮料,饼干糕点,4.5,1
12,益力多100g*5瓶,饮料,乳制品,12.5,1
12,红利群（硬）,非饮料,香烟,15.0,1
11,68g好丽友巧克力派2枚,非饮料,饼干糕点,4.0,1
11,劲仔小鱼（麻辣味）,非饮料,肉干/豆制品/蛋,4.5,1
11,可乐可乐,饮料,碳酸饮料,7.0,1
11,145g果王迷你山楂包装,非饮料,蜜饯/果干,6.0,1
11,合味道（海鲜风味）,非饮料,方便速食,7.0,1
10,美汁源果粒橙,饮料,果蔬饮料,4.0,1
11,雪碧,饮料,碳酸饮料,7.0,1
12,奥利奥原味芝士,非饮料,饼干糕点,4.0,1
11,雪碧330ml,饮料,碳酸饮料,3.0,1
12,合味道（海鲜风味）,非饮料,方便速食,7.0,1
12,合味道（浓猪骨）,非饮料,方便速食,7.0,1
12,110g顺宝九制话梅,非饮料,蜜饯/果干,5.0,1
12,123gUFO炒面XO酱海鲜风味,非饮料,方便速食,6.5,1
12,150g洽洽原香瓜子,非饮料,坚果炒货,7.0,1
12,150抽诗竹竹纤维面巾纸,非饮料,纸巾,4.8,1
12,180g统一满汉全席台式半筋半肉牛肉面,非饮料,方便速食,39.6,1
10,益力多100g*5瓶,饮料,乳制品,12.5,1
12,可口可乐330ml（罐）,饮料,碳酸饮料,3.0,1
12,250ml王老吉盒装,饮料,茶饮料,2.5,1
12,250ml统一麦香奶茶,饮料,茶饮料,2.5,1
12,美汁源果粒橙,饮料,果蔬饮料,4.0,1
10,芬达330ml,饮料,碳酸饮料,2.5,1
11,维他原味豆奶,饮料,植物蛋白,7.0,1
11,10g卫龙亲嘴烧香辣味,非饮料,肉干/豆制品/蛋,2.5,1
11,12g劲仔小鱼卤香味,非饮料,肉干/豆制品/蛋,1.5,1
12,汤达人方便面,非饮料,方便速食,5.0,1
11,日式鱼果,非饮料,膨化食品,4.0,1
11,旺仔牛奶145ml,饮料,乳制品,6.0,1
12,旺仔牛奶,饮料,乳制品,2.8,1
11,汤达人桶面,非饮料,方便速食,3.0,1
11,湘潭铺子(羽泉版),非饮料,蜜饯/果干,10.0,1
11,盼盼手撕面包,非饮料,饼干糕点,4.0,1
11,103g康师傅红烧牛肉面,非饮料,方便速食,5.5,1
12,经典奶茶,饮料,茶饮料,4.0,1
12,新麦潮北海道吐司,非饮料,饼干糕点,3.0,1
11,燕塘甜牛奶,饮料,乳制品,4.5,1
12,统一来一桶香辣老坛酸菜牛肉面,非饮料,方便速食,5.5,1
12,手撕素肉排,非饮料,肉干/豆制品/蛋,1.3,1
11,新麦潮天然酵母面包（牛奶风味）,非饮料,饼干糕点,4.0,1
1,100g*5瓶益力多,饮料,乳制品,12.5,1
10,多芙利香草奶油味蛋糕,非饮料,饼干糕点,6.0,1
10,味之不规则饼干（韩国泡菜味）,非饮料,膨化食品,10.0,1
4,500ml统一阿萨姆奶茶,饮料,茶饮料,5.0,1
4,52g旺旺仙贝,非饮料,膨化食品,4.5,1
4,68g好丽友巧克力派2枚,非饮料,饼干糕点,4.5,1
4,68g好丽友蛋黄派2枚,非饮料,饼干糕点,4.5,1
4,70g乐事薯片黄瓜味,非饮料,膨化食品,6.5,1
4,70g乐事薯片（黄瓜味）,非饮料,膨化食品,6.5,1
4,70g乖媳妇野山泡椒凤爪,非饮料,肉干/豆制品/蛋,3.5,1
4,78g卫龙亲语,非饮料,肉干/豆制品/蛋,4.5,1
4,80g香飘飘椰果奶茶麦香味,饮料,茶饮料,4.5,1
4,83g汤达人酸辣豚骨拉面,非饮料,方便速食,6.5,1
4,91g徐福记凤梨酥,非饮料,饼干糕点,6.5,1
4,乖媳妇野山椒风爪,非饮料,肉干/豆制品/蛋,3.5,1
4,印尼芝士威化饼干,非饮料,饼干糕点,3.0,1
4,合味道（海鲜风味）,非饮料,方便速食,7.0,1
4,咪咪虾条马来西亚风味,非饮料,膨化食品,3.2,1
4,威化饼干,非饮料,饼干糕点,3.0,1
4,湘潭铺子(羽泉版),非饮料,蜜饯/果干,10.0,1
4,美汁源果粒橙,饮料,果蔬饮料,12.0,1
5,100g果王咸柑桔罐装,非饮料,蜜饯/果干,6.5,1
4,500ml农夫果园 (芒果+菠萝+番石榴),饮料,果蔬饮料,5.0,1
4,450ml美汁源果粒橙,饮料,果蔬饮料,4.0,1
4,40g呀土豆番茄酱味,非饮料,膨化食品,4.5,1
4,160g盼盼手撕面包,非饮料,饼干糕点,6.0,1
3,芙蓉王,非饮料,香烟,25.0,1
3,茉莉蜜茶,饮料,茶饮料,3.0,1
4,100g果王咸柑桔罐装,非饮料,蜜饯/果干,6.5,1
4,103g康师傅红烧牛肉面,非饮料,方便速食,5.5,1
4,110g顺宝九制话梅,非饮料,蜜饯/果干,5.0,1
4,12g劲仔小鱼卤香味,非饮料,肉干/豆制品/蛋,1.5,1
4,145ml旺仔牛奶罐装,饮料,乳制品,3.0,1
4,148g富甲一方紫薯仔,非饮料,蜜饯/果干,6.5,1
4,20g马来西亚风味咪咪蟹味粒0219,非饮料,膨化食品,1.6,1
4,370g泰奇八宝粥,非饮料,方便速食,6.0,1
4,220g宝丰龙龟苓膏,非饮料,果冻/龟苓膏,5.0,1
4,250ml燕塘甜牛奶,饮料,乳制品,31.5,1
4,250ml王老吉盒装,饮料,茶饮料,5.0,1
4,250ml红牛,饮料,功能饮料,6.5,1
4,250ml维他奶巧克力味,饮料,植物蛋白,3.0,1
4,2g韩国海牌海苔,非饮料,海味零食,4.8,1
4,32g卫龙亲嘴烧红烧牛肉味,非饮料,肉干/豆制品/蛋,3.6,1
4,330ml伊利畅意乳酸菌原味,饮料,乳制品,6.0,1
5,110g顺宝九制话梅,非饮料,蜜饯/果干,5.0,1
5,150g健能酸奶原味,饮料,乳制品,4.0,1
5,150g洽洽原香瓜子,非饮料,坚果炒货,7.0,1
5,汤达人方便面,非饮料,方便速食,5.0,1
5,双汇玉米热狗肠,非饮料,肉干/豆制品/蛋,2.0,1
5,咪咪虾条马来西亚风味,非饮料,膨化食品,3.2,1
5,奥利奥原味芝士,非饮料,饼干糕点,4.0,1
5,好吃点,非饮料,饼干糕点,6.0,1
5,小鱼仔,非饮料,海味零食,1.5,1
5,无穷农场盐_鸡蛋,非饮料,肉干/豆制品/蛋,2.5,1
5,无穷烤鸡小腿（蜂蜜）,非饮料,肉干/豆制品/蛋,3.0,1
5,椰树牌椰汁,饮料,植物蛋白,4.5,1
5,王老吉（500ml）,饮料,茶饮料,4.0,1
5,劲仔小鱼（卤香味）,非饮料,肉干/豆制品/蛋,3.0,1
5,百事可乐330ml,饮料,碳酸饮料,2.5,1
5,统一来一桶香辣老坛酸菜牛肉面,非饮料,方便速食,5.5,1
5,统一绿茶,饮料,茶饮料,3.0,1
5,美汁源果粒橙,饮料,果蔬饮料,12.0,1
5,芦荟汁,饮料,果蔬饮料,6.0,1
5,茉莉蜜茶,饮料,茶饮料,3.0,1
5,雪碧最新款,饮料,碳酸饮料,3.0,1
5,香脆肠,非饮料,肉干/豆制品/蛋,1.5,1
5,印尼芝士威化饼干,非饮料,饼干糕点,3.0,1
5,凤爪,非饮料,肉干/豆制品/蛋,2.5,1
5,150抽诗竹竹纤维面巾纸,非饮料,纸巾,4.8,1
5,40g呀土豆薯片滋香烤鸡味,非饮料,膨化食品,4.5,1
5,205g伊利安慕希原味,饮料,乳制品,5.5,1
5,205ml安慕希蓝莓味,饮料,乳制品,5.8,1
5,250ml维他奶低糖原味,饮料,植物蛋白,3.0,1
5,250ml维他椰子味豆奶7716,饮料,植物蛋白,2.5,1
5,250ml维他椰子植物蛋白饮料,饮料,植物蛋白,4.0,1
5,260g马来西亚进口茱蒂丝口口香饼干,非饮料,饼干糕点,18.0,1
5,34g公仔迷你杯风味排骨味,非饮料,方便速食,3.5,1
5,370g泰奇八宝粥,非饮料,方便速食,6.0,1
5,500ml康师傅冰糖雪梨,饮料,果蔬饮料,3.5,1
5,上好佳洋葱圈,非饮料,膨化食品,4.0,1
5,500ml恒大冰泉矿泉水,饮料,水,2.5,1
5,500ml营养快线原味,饮料,乳制品,13.5,1
5,50g马赛克手撕鱿鱼条,非饮料,海味零食,9.0,1
5,55g奥利奥原味夹心饼干,非饮料,饼干糕点,4.0,1
5,70g乖媳妇野山泡椒凤爪,非饮料,肉干/豆制品/蛋,21.0,1
5,80g香飘飘椰果奶茶麦香味,饮料,茶饮料,4.5,1
5,80g马赛克香蕉片,非饮料,蜜饯/果干,7.0,1
5,83g汤达人酸辣豚骨拉面,非饮料,方便速食,6.5,1
3,美汁源果粒橙,饮料,果蔬饮料,4.0,1
3,维他奶,饮料,植物蛋白,3.0,1
3,维他原味豆奶,饮料,植物蛋白,3.5,1
1,王老吉（500ml）,饮料,茶饮料,4.0,1
1,70g乖媳妇野山泡椒凤爪,非饮料,肉干/豆制品/蛋,3.5,1
1,91g徐福记凤梨酥,非饮料,饼干糕点,6.5,1
1,乖媳妇野山椒风爪,非饮料,肉干/豆制品/蛋,3.5,1
1,伊利优酸乳,饮料,乳制品,2.5,1
1,劲仔小鱼（麻辣味）,非饮料,肉干/豆制品/蛋,1.5,1
1,双汇玉米热狗肠,非饮料,肉干/豆制品/蛋,2.0,1
1,可口可乐最新款,饮料,碳酸饮料,3.0,1
1,尖叫,饮料,功能饮料,4.0,1
1,百事可乐500ml,饮料,碳酸饮料,3.0,1
1,70g乐事薯片黄瓜味,非饮料,膨化食品,7.0,1
1,维他奶,饮料,植物蛋白,3.0,1
1,维他柠檬茶,饮料,茶饮料,3.5,1
1,雀巢咖啡,饮料,咖啡,7.5,1
2,250ml燕塘原味酸奶,饮料,乳制品,3.5,1
2,250ml红牛,饮料,功能饮料,6.0,1
2,500ml统一阿萨姆奶茶,饮料,茶饮料,5.0,1
2,78g卫龙亲嘴语辣条,非饮料,肉干/豆制品/蛋,4.5,1
2,冰糖雪梨,饮料,果蔬饮料,3.5,1
1,70g乐事薯片（黄瓜味）,非饮料,膨化食品,6.5,1
1,600ml雪碧,饮料,碳酸饮料,7.0,1
2,口味王槟榔（红）,非饮料,蜜饯/果干,15.0,1
1,32g卫龙亲嘴烧红烧牛肉味,非饮料,肉干/豆制品/蛋,3.6,1
1,103g康师傅红烧牛肉面,非饮料,方便速食,5.5,1
1,110g顺宝九制话梅,非饮料,蜜饯/果干,5.0,1
1,145g果王迷你山楂包装,非饮料,蜜饯/果干,7.0,1
1,145ml旺仔牛奶盒装,饮料,乳制品,2.5,1
1,205ml安慕希蓝莓味,饮料,乳制品,5.8,1
1,250ml王老吉盒装,饮料,茶饮料,2.5,1
1,250ml维他奶巧克力味,饮料,植物蛋白,3.5,1
1,268ml雀巢咖啡丝滑拿铁,饮料,咖啡,5.5,1
1,330ml伊利畅意乳酸菌原味,饮料,乳制品,12.0,1
1,600ml脉动青柠,饮料,功能饮料,9.0,1
1,450ml美汁源果粒橙,饮料,果蔬饮料,4.0,1
1,480ml小茗同学冷泡溜溜哒茶,饮料,茶饮料,6.0,1
1,480ml小茗同学冷泡青柠红茶,饮料,茶饮料,5.5,1
1,500ml统一冰糖雪梨,饮料,果蔬饮料,3.5,1
1,50g上好佳日式鱼果,非饮料,膨化食品,4.5,1
1,50g上好佳田园薯片番茄味,非饮料,膨化食品,4.5,1
1,58g丽芝士纳宝帝奶酪威化饼干,非饮料,饼干糕点,3.0,1
1,5片装益达绿箭口香糖,非饮料,糖果/巧克力,2.0,1
2,凤爪,非饮料,肉干/豆制品/蛋,2.5,1
2,可乐可乐,饮料,碳酸饮料,3.5,1
3,红利群（硬）,非饮料,香烟,15.0,1
3,丽芝士纳宝帝奶酪威化饼干,非饮料,饼干糕点,3.5,1
3,55g奥利奥原味芝士饼干,非饮料,饼干糕点,4.0,1
3,55g奥利奥迷你杯夹心小饼干杯装原味,非饮料,饼干糕点,5.5,1
3,58g丽芝士纳宝帝奶酪威化饼干,非饮料,饼干糕点,3.5,1
3,70g乐事薯片原味,非饮料,膨化食品,6.5,1
3,83g汤达人酸辣豚骨拉面,非饮料,方便速食,6.5,1
3,85g嘉士利果乐果香夹心饼干蓝莓味,非饮料,饼干糕点,4.5,1
3,86g合味道海鲜风味,非饮料,方便速食,12.0,1
3,91g徐福记凤梨酥,非饮料,饼干糕点,6.5,1
3,健能酸奶,饮料,乳制品,4.0,1
3,480ml小茗同学冷泡青柠红茶,饮料,茶饮料,60.5,1
3,冰糖雪梨,饮料,果蔬饮料,3.0,1
3,印尼芝士威化饼干,非饮料,饼干糕点,3.0,1
3,可乐（500ml）,饮料,碳酸饮料,3.0,1
3,好吃点小饼干,非饮料,饼干糕点,1.0,1
3,威化饼干,非饮料,饼干糕点,3.0,1
3,康师傅矿泉水,饮料,水,2.0,1
3,怡宝,饮料,水,2.0,1
3,湘潭铺子(羽泉版),非饮料,蜜饯/果干,10.0,1
3,500ml营养快线原味,饮料,乳制品,4.5,1
3,32g卫龙亲嘴烧,非饮料,肉干/豆制品/蛋,3.6,1
2,咪咪,非饮料,膨化食品,1.0,1
3,110g顺宝九制话梅,非饮料,蜜饯/果干,5.0,1
2,小鱼仔,非饮料,海味零食,1.0,1
2,汤达人桶面,非饮料,方便速食,3.0,1
2,湘潭铺子(羽泉版),非饮料,蜜饯/果干,10.0,1
2,熊字饼,非饮料,饼干糕点,3.0,1
2,红牛,饮料,功能饮料,6.0,1
2,维他原味豆奶,饮料,植物蛋白,3.5,1
2,维他奶,饮料,植物蛋白,3.0,1
2,雪碧（500ml）,饮料,碳酸饮料,3.0,1
3,12g劲仔小鱼麻辣味,非饮料,肉干/豆制品/蛋,7.5,1
3,30g元朗小蛋卷,非饮料,饼干糕点,2.5,1
3,13g无穷烤鸡小腿蜂蜜味,非饮料,肉干/豆制品/蛋,3.0,1
3,145g果王迷你山楂包装,非饮料,蜜饯/果干,7.0,1
3,180g统一满汉全席台式半筋半肉牛肉面,非饮料,方便速食,39.6,1
3,205g伊利安慕希原味,饮料,乳制品,5.5,1
3,20g马来西亚风味咪咪蟹味粒0219,非饮料,膨化食品,1.6,1
3,250ml燕塘红枣牛奶,饮料,乳制品,3.5,1
3,250ml维他奶巧克力味,饮料,植物蛋白,3.0,1
3,250ml维他椰子植物蛋白饮料9374,饮料,植物蛋白,4.0,1
5,香豆干,非饮料,肉干/豆制品/蛋,1.5,1
6,103g康师傅红烧牛肉面,非饮料,方便速食,5.5,1
6,117gUFO炒面铁板色拉鱿鱼风味,非饮料,方便速食,6.5,1
9,160g盼盼手撕面包,非饮料,饼干糕点,6.0,1
8,湘潭铺子(羽泉版),非饮料,蜜饯/果干,10.0,1
8,统一来一桶香辣老坛酸菜牛肉面,非饮料,方便速食,11.0,1
8,美年达（罐）,饮料,碳酸饮料,3.0,1
8,茉莉蜜茶,饮料,茶饮料,3.0,1
8,阿萨姆煎茶奶绿,饮料,茶饮料,4.0,1
9,100g果王咸柑桔罐装,非饮料,蜜饯/果干,6.5,1
9,10g卫龙亲嘴烧香辣味,非饮料,肉干/豆制品/蛋,1.2,1
9,150g洽洽原香瓜子,非饮料,坚果炒货,7.0,1
9,250ml王老吉盒装,饮料,茶饮料,5.0,1
8,无穷烤鸡小腿（蜂蜜）,非饮料,肉干/豆制品/蛋,3.0,1
9,250ml统一麦香奶茶,饮料,茶饮料,5.0,1
9,250ml维他椰子植物蛋白饮料,饮料,植物蛋白,4.0,1
9,260g马来西亚进口茱蒂丝口口香饼干,非饮料,饼干糕点,54.0,1
9,30g元朗小蛋卷,非饮料,饼干糕点,2.5,1
9,40g呀土豆番茄酱味,非饮料,膨化食品,4.5,1
9,40g呀土豆薯片滋香烤鸡味,非饮料,膨化食品,4.5,1
9,48g好丽友薯愿香烤原味,非饮料,膨化食品,4.0,1
9,50g上好佳日式鱼果,非饮料,膨化食品,4.5,1
8,椰树牌椰汁,饮料,植物蛋白,4.5,1
8,怡宝矿泉水,饮料,水,2.0,1
9,50g双层百力滋奶咖味,非饮料,饼干糕点,4.5,1
8,80g香飘飘椰果奶茶麦香味,饮料,茶饮料,4.5,1
8,500ml加多宝,饮料,茶饮料,4.5,1
8,55g奥利奥原味夹心饼干,非饮料,饼干糕点,4.5,1
8,55g奥利奥原味芝士饼干,非饮料,饼干糕点,4.0,1
8,600ml脉动青柠,饮料,功能饮料,3.8,1
8,600ml雪碧,饮料,碳酸饮料,10.8,1
8,65g卫龙亲嘴豆皮,非饮料,肉干/豆制品/蛋,4.5,1
8,68g好丽友巧克力派2枚,非饮料,饼干糕点,4.5,1
8,70g乐事薯片黄瓜味,非饮料,膨化食品,7.0,1
8,91g徐福记凤梨酥,非饮料,饼干糕点,6.5,1
8,好吃点小饼干,非饮料,饼干糕点,1.0,1
8,冰糖雪梨,饮料,果蔬饮料,3.5,1
8,凤爪,非饮料,肉干/豆制品/蛋,2.0,1
8,卫龙亲嘴烧红烧牛肉味,非饮料,肉干/豆制品/蛋,1.5,1
8,印尼芝士威化饼干,非饮料,饼干糕点,3.0,1
8,双汇玉米热狗肠,非饮料,肉干/豆制品/蛋,4.0,1
8,口味王槟榔（红）,非饮料,蜜饯/果干,3.0,1
8,可乐（500ml）,饮料,碳酸饮料,3.0,1
8,咪咪虾条马来西亚风味,非饮料,膨化食品,1.6,1
9,50g上好佳田园薯片番茄味,非饮料,膨化食品,4.5,1
9,600ml雪碧,饮料,碳酸饮料,3.5,1
8,45g双汇泡面拍挡,非饮料,肉干/豆制品/蛋,1.5,1
10,30g元朗小蛋卷,非饮料,饼干糕点,2.5,1
10,10g越南LIPO奶味面包干0046,非饮料,饼干糕点,1.0,1
10,145g果王迷你山楂包装,非饮料,蜜饯/果干,7.0,1
10,220g宝丰龙龟苓膏,非饮料,果冻/龟苓膏,5.0,1
10,250ML东鹏特饮,饮料,功能饮料,4.5,1
10,250ml维他奶低糖原味,饮料,植物蛋白,3.0,1
10,250ml维他椰子味豆奶7716,饮料,植物蛋白,2.5,1
10,250ml香满楼纯牛奶,饮料,乳制品,7.0,1
10,260g马来西亚进口茱蒂丝口口香饼干,非饮料,饼干糕点,18.0,1
10,50g上好佳日式鱼果,非饮料,膨化食品,4.5,1
9,贡美苹果数据线,非饮料,其他,19.0,1
10,50g马赛克手撕鱿鱼条,非饮料,海味零食,18.0,1
10,70g乐事薯片（原味）,非饮料,膨化食品,6.5,1
10,78g卫龙亲语,非饮料,肉干/豆制品/蛋,4.5,1
10,86g合味道浓猪骨味,非饮料,方便速食,6.0,1
10,乐事薯片（黄瓜味）,非饮料,膨化食品,7.0,1
10,健能酸奶,饮料,乳制品,4.0,1
10,凤爪,非饮料,肉干/豆制品/蛋,2.0,1
10,合味道（海鲜风味）,非饮料,方便速食,7.0,1
10,100g卫龙点心面黑椒牛排味,非饮料,肉干/豆制品/蛋,5.8,1
9,脉动（青柠）,饮料,功能饮料,5.0,1
9,70g乐事薯片（黄瓜味）,非饮料,膨化食品,6.5,1
9,奥利奥原味芝士,非饮料,饼干糕点,8.0,1
9,86g合味道浓猪骨味,非饮料,方便速食,6.0,1
9,上好佳田园薯片,非饮料,膨化食品,8.0,1
9,乐事薯片（黄瓜味）,非饮料,膨化食品,7.0,1
9,凤爪,非饮料,肉干/豆制品/蛋,2.0,1
9,加多宝,饮料,茶饮料,4.5,1
9,双汇玉米热狗肠,非饮料,肉干/豆制品/蛋,4.0,1
9,咪咪虾条马来西亚风味,非饮料,膨化食品,6.4,1
9,四洲粟一烧烧烤味,非饮料,膨化食品,9.0,1
9,康师傅矿泉水,饮料,水,1.0,1
9,脉动（椰子菠萝口味）,饮料,功能饮料,10.0,1
9,怡宝矿泉水,饮料,水,2.0,1
9,新麦潮北海道吐司,非饮料,饼干糕点,4.0,1
9,新麦潮手撕面包（提子味）,非饮料,饼干糕点,4.0,1
9,无穷烤鸡小腿（蜂蜜）,非饮料,肉干/豆制品/蛋,3.0,1
9,湘潭铺子(羽泉版),非饮料,蜜饯/果干,10.0,1
9,燕塘红枣牛奶,饮料,乳制品,4.5,1
9,统一阿萨姆奶茶,饮料,茶饮料,5.5,1
9,维他原味豆奶,饮料,植物蛋白,7.0,1
8,480ml小茗同学冷泡溜溜哒茶,饮料,茶饮料,6.0,1
8,40g呀土豆薯片滋香烤鸡味,非饮料,膨化食品,4.5,1
6,220g宝丰龙龟苓膏,非饮料,果冻/龟苓膏,5.0,1
6,雪力矿泉水,饮料,水,2.0,1
6,康师傅矿泉水,饮料,水,1.0,1
6,新麦潮北海道吐司,非饮料,饼干糕点,3.0,1
6,泰奇八宝粥,非饮料,方便速食,7.0,1
6,百事可乐500ml,饮料,碳酸饮料,3.0,1
6,益力多100g*5瓶,饮料,乳制品,12.5,1
6,维他奶（巧克力味）,饮料,植物蛋白,3.5,1
6,美年达（罐）,饮料,碳酸饮料,2.5,1
6,雀巢咖啡,饮料,咖啡,7.5,1
7,103g康师傅红烧牛肉面,非饮料,方便速食,5.5,1
6,可口可乐330ml（罐）,饮料,碳酸饮料,2.5,1
7,107g出前一丁桶面酱香牛肉王,非饮料,方便速食,6.0,1
7,110g顺宝九制话梅,非饮料,蜜饯/果干,5.0,1
7,145g果王迷你山楂包装,非饮料,蜜饯/果干,7.0,1
7,180g统一满汉全席台式半筋半肉牛肉面,非饮料,方便速食,59.4,1
7,180ml雀巢咖啡罐装,饮料,咖啡,4.5,1
7,20g咪咪虾条马来西亚风味,非饮料,膨化食品,0.8,1
7,20g马来西亚风味咪咪蟹味粒0219,非饮料,膨化食品,1.6,1
7,250ml燕塘甜牛奶,饮料,乳制品,3.5,1
6,尖叫,饮料,功能饮料,4.5,1
6,可乐可乐,饮料,碳酸饮料,3.5,1
7,250ml维他奶低糖原味,饮料,植物蛋白,3.0,1
6,50g上好佳田园薯片番茄味,非饮料,膨化食品,4.5,1
6,250ml维他奶低糖原味,饮料,植物蛋白,3.0,1
6,260g马来西亚进口茱蒂丝口口香饼干,非饮料,饼干糕点,54.0,1
6,30g元朗小蛋卷,非饮料,饼干糕点,2.5,1
6,37.5g费列罗榛果威化巧克力3颗,非饮料,糖果/巧克力,11.8,1
6,500ml农夫果园 (芒果+菠萝+番石榴),饮料,果蔬饮料,5.0,1
6,500ml加多宝,饮料,茶饮料,4.5,1
6,500ml统一冰糖雪梨,饮料,果蔬饮料,3.5,1
6,500ml营养快线原味,饮料,乳制品,4.5,1
6,50g马赛克手撕鱿鱼条,非饮料,海味零食,9.0,1
6,劲仔小鱼（卤香味）,非饮料,肉干/豆制品/蛋,1.5,1
6,65g卫龙亲嘴豆皮,非饮料,肉干/豆制品/蛋,4.5,1
6,70g乐事薯片（原味）,非饮料,膨化食品,6.5,1
6,80g马赛克香蕉片,非饮料,蜜饯/果干,7.0,1
6,83g汤达人酸辣豚骨拉面,非饮料,方便速食,6.5,1
6,乐事薯片（黄瓜味）,非饮料,膨化食品,7.0,1
6,乐虎,饮料,功能饮料,4.5,1
6,冰糖雪梨,饮料,果蔬饮料,3.5,1
6,冰红茶（罐）,饮料,茶饮料,2.5,1
7,250ml王老吉盒装,饮料,茶饮料,2.5,1
7,2g韩国海牌海苔,非饮料,海味零食,3.2,1
8,32g卫龙亲嘴烧,非饮料,肉干/豆制品/蛋,3.6,1
7,维他柠檬茶,饮料,茶饮料,3.0,1
7,口味王槟榔（绿）,非饮料,蜜饯/果干,10.0,1
7,合味道（海鲜风味）,非饮料,方便速食,7.0,1
7,四洲粟一烧烧烤味,非饮料,膨化食品,9.0,1
7,小茗同学冷泡茶（乳酸菌味）,饮料,茶饮料,6.0,1
7,无穷农场盐_鸡蛋,非饮料,肉干/豆制品/蛋,2.5,1
7,日式鱼果,非饮料,膨化食品,4.0,1
7,每日特惠,非饮料,其他,1.0,1
1,100g果王咸柑桔罐装,非饮料,蜜饯/果干,6.5,1
7,芬达330ml,饮料,碳酸饮料,3.0,1
7,上好佳田园薯片,非饮料,膨化食品,4.0,1
7,茉莉蜜茶,饮料,茶饮料,3.0,1
8,100g果王咸柑桔罐装,非饮料,蜜饯/果干,6.5,1
8,148g富甲一方紫薯仔,非饮料,蜜饯/果干,6.5,1
8,250ml燕塘原味酸奶,饮料,乳制品,3.5,1
8,250ml燕塘红枣牛奶,饮料,乳制品,4.0,1
8,250ml维他原味豆奶,饮料,植物蛋白,3.0,1
8,250ml维他柠檬茶,饮料,茶饮料,3.0,1
8,30g无穷农场盐_鸡蛋,非饮料,肉干/豆制品/蛋,2.5,1
7,劲仔小鱼（麻辣味）,非饮料,肉干/豆制品/蛋,1.5,1
7,86g合味道浓猪骨味,非饮料,方便速食,6.0,1
7,30g元朗小蛋卷,非饮料,饼干糕点,2.5,1
7,500ml统一阿萨姆奶茶,饮料,茶饮料,5.0,1
7,32g卫龙亲嘴烧红烧牛肉味,非饮料,肉干/豆制品/蛋,1.8,1
7,37.5g费列罗榛果威化巧克力3颗,非饮料,糖果/巧克力,11.8,1
7,40g乐事薯片黄瓜味,非饮料,膨化食品,4.5,1
7,430g泰奇八宝粥,非饮料,方便速食,6.5,1
7,480ml小茗同学冷泡溜溜哒茶,饮料,茶饮料,6.0,1
7,480ml小茗同学冷泡青柠红茶,饮料,茶饮料,5.5,1
7,48g好丽友薯愿香烤原味,非饮料,膨化食品,5.0,1
7,500ml加多宝,饮料,茶饮料,4.5,1
7,50g上好佳日式鱼果,非饮料,膨化食品,4.5,1
7,85g新麦潮手撕面包（提子味）,非饮料,饼干糕点,3.5,1
7,50g马赛克手撕鱿鱼条,非饮料,海味零食,9.0,1
7,52g旺旺仙贝,非饮料,膨化食品,4.5,1
7,68g好丽友巧克力派2枚,非饮料,饼干糕点,4.5,1
7,75g新麦潮天然酵母面包（北海道牛奶风味）,非饮料,饼干糕点,2.0,1
7,78g卫龙亲语,非饮料,肉干/豆制品/蛋,4.5,1
7,80g香飘飘椰果奶茶麦香味,饮料,茶饮料,4.5,1
7,80g马赛克香蕉片,非饮料,蜜饯/果干,7.0,1
7,85g新麦潮北海道吐司,非饮料,饼干糕点,2.0,1
7,燕塘甜牛奶,饮料,乳制品,4.5,1
