季节,商品,大类,二级类,销售额,订单量
4,怡宝纯净水,饮料,水,5708.0,2308
3,怡宝纯净水,饮料,水,3780.0,1485
4,脉动,饮料,功能饮料,6212.0,1402
4,阿萨姆奶茶,饮料,茶饮料,5200.0,1226
4,东鹏特饮,饮料,功能饮料,4384.0,1220
4,营养快线,饮料,乳制品,4812.0,1121
4,统一冰红茶,饮料,茶饮料,3184.0,964
2,怡宝纯净水,饮料,水,2568.0,963
3,脉动,饮料,功能饮料,3496.0,790
3,东鹏特饮,饮料,功能饮料,2640.0,729
3,阿萨姆奶茶,饮料,茶饮料,3028.0,710
4,果粒橙,饮料,果蔬饮料,2368.0,682
4,统一绿茶,饮料,茶饮料,2216.0,673
3,营养快线,饮料,乳制品,2802.0,657
4,王老吉（罐）,饮料,茶饮料,2236.0,597
4,王老吉（500ml）,饮料,茶饮料,2600.0,584
4,红牛,饮料,功能饮料,3462.0,555
4,30g无穷农场盐_鸡蛋,非饮料,肉干/豆制品/蛋,1770.0,544
3,统一冰红茶,饮料,茶饮料,1832.0,544
4,鸭翅,非饮料,肉干/豆制品/蛋,889.5,498
4,雪碧最新款,饮料,碳酸饮料,1503.0,487
4,250ml维他柠檬茶,饮料,茶饮料,1958.0,484
4,250ml维他原味豆奶,饮料,植物蛋白,1605.0,477
4,伊利优酸乳,饮料,乳制品,1274.0,474
4,卫龙大面筋,非饮料,肉干/豆制品/蛋,1346.0,441
2,40g双汇玉米热狗肠,非饮料,肉干/豆制品/蛋,919.0,432
2,30g无穷农场盐_鸡蛋,非饮料,肉干/豆制品/蛋,1490.0,431
2,东鹏特饮,饮料,功能饮料,1526.0,425
4,香豆干,非饮料,肉干/豆制品/蛋,488.5,419
3,果粒橙,饮料,果蔬饮料,1467.0,414
4,40g双汇玉米热狗肠,非饮料,肉干/豆制品/蛋,862.0,403
2,脉动,饮料,功能饮料,1760.0,403
2,250ml维他柠檬茶,饮料,茶饮料,1480.0,397
4,可口可乐330ml,饮料,碳酸饮料,1182.0,395
4,20g咪咪虾条马来西亚风味,非饮料,膨化食品,788.0,393
4,13g无穷烤鸡小腿蜂蜜味,非饮料,肉干/豆制品/蛋,1612.0,392
4,芬达330ml,饮料,碳酸饮料,1187.0,378
3,王老吉（罐）,饮料,茶饮料,1390.0,368
3,统一绿茶,饮料,茶饮料,1220.0,365
4,145ml旺仔牛奶盒装,饮料,乳制品,1230.0,361
4,伊利纯牛奶,饮料,乳制品,1077.0,355
2,250ml维他原味豆奶,饮料,植物蛋白,1211.0,353
3,王老吉（500ml）,饮料,茶饮料,1514.0,339
3,伊利优酸乳,饮料,乳制品,900.0,336
4,银鹭八宝粥,饮料,方便速食,1360.0,333
4,小鱼仔,非饮料,海味零食,397.0,326
2,营养快线,饮料,乳制品,1388.0,325
4,250ml燕塘甜牛奶,饮料,乳制品,1528.0,322
4,可口可乐（500ml）,饮料,碳酸饮料,1045.0,318
2,20g咪咪虾条马来西亚风味,非饮料,膨化食品,671.5,314
4,雪碧（500ml）,饮料,碳酸饮料,1053.0,313
4,250ml燕塘原味酸奶,饮料,乳制品,1468.0,313
2,阿萨姆奶茶,饮料,茶饮料,1257.0,302
4,250ml燕塘红枣牛奶,饮料,乳制品,1360.0,299
3,芬达330ml,饮料,碳酸饮料,928.5,293
4,可口可乐最新款,饮料,碳酸饮料,864.5,284
3,雪碧最新款,饮料,碳酸饮料,873.0,282
3,30g无穷农场盐_鸡蛋,非饮料,肉干/豆制品/蛋,891.5,280
3,卫龙大面筋,非饮料,肉干/豆制品/蛋,846.5,277
3,红牛,饮料,功能饮料,1713.0,268
2,统一冰红茶,饮料,茶饮料,862.0,266
4,熊字饼,非饮料,饼干糕点,860.5,265
4,12g劲仔小鱼麻辣味,非饮料,肉干/豆制品/蛋,649.0,260
3,香豆干,非饮料,肉干/豆制品/蛋,296.5,258
4,86g合味道海鲜风味,非饮料,方便速食,1602.0,250
4,250ml红牛,饮料,功能饮料,2020.0,244
4,32g卫龙亲嘴烧,非饮料,肉干/豆制品/蛋,637.0,243
4,268ml雀巢咖啡丝滑拿铁,饮料,咖啡,1646.0,243
3,250ml维他柠檬茶,饮料,茶饮料,925.5,240
4,85g新麦潮北海道吐司,非饮料,饼干糕点,762.0,237
2,13g无穷烤鸡小腿蜂蜜味,非饮料,肉干/豆制品/蛋,979.5,235
4,85g统一老坛酸菜牛肉面,非饮料,方便速食,1345.0,235
3,鸭翅,非饮料,肉干/豆制品/蛋,407.0,234
4,维他奶,饮料,植物蛋白,679.0,231
2,王老吉（罐）,饮料,茶饮料,858.5,227
3,可口可乐330ml,饮料,碳酸饮料,686.0,227
3,250ml维他原味豆奶,饮料,植物蛋白,785.5,224
3,40g双汇玉米热狗肠,非饮料,肉干/豆制品/蛋,452.0,220
2,86g合味道海鲜风味,非饮料,方便速食,1352.0,212
1,怡宝纯净水,饮料,水,507.0,208
1,东鹏特饮,饮料,功能饮料,741.5,207
4,85g新麦潮手撕面包（提子味）,非饮料,饼干糕点,670.0,207
4,雪碧330ml,饮料,碳酸饮料,600.5,205
2,85g新麦潮北海道吐司,非饮料,饼干糕点,647.0,202
2,145ml旺仔牛奶盒装,饮料,乳制品,743.5,201
4,维他柠檬茶,饮料,茶饮料,693.0,200
3,银鹭八宝粥,饮料,方便速食,812.0,200
3,熊字饼,非饮料,饼干糕点,648.5,199
2,250ml燕塘甜牛奶,饮料,乳制品,920.5,197
2,85g统一老坛酸菜牛肉面,非饮料,方便速食,1087.0,197
2,250ml燕塘原味酸奶,饮料,乳制品,938.5,196
2,伊利优酸乳,饮料,乳制品,516.0,195
2,芬达330ml,饮料,碳酸饮料,622.5,194
2,32g卫龙亲嘴烧,非饮料,肉干/豆制品/蛋,514.5,192
3,伊利纯牛奶,饮料,乳制品,582.5,192
4,330ml伊利畅意乳酸菌原味,饮料,乳制品,1259.0,188
4,冰糖雪梨,饮料,果蔬饮料,636.0,187
3,13g无穷烤鸡小腿蜂蜜味,非饮料,肉干/豆制品/蛋,771.0,186
2,250ml燕塘红枣牛奶,饮料,乳制品,935.5,183
1,脉动,饮料,功能饮料,786.5,183
2,红牛,饮料,功能饮料,1182.0,180
4,250ml维他奶巧克力味,饮料,植物蛋白,603.5,179
4,口味王槟榔（绿）,非饮料,蜜饯/果干,1780.0,178
4,430g泰奇八宝粥,非饮料,方便速食,1210.0,178
4,500ml统一阿萨姆奶茶,饮料,茶饮料,949.0,177
2,王老吉（500ml）,饮料,茶饮料,772.0,176
3,雪碧（500ml）,饮料,碳酸饮料,584.5,174
2,鸭翅,非饮料,肉干/豆制品/蛋,301.5,174
4,600ml可口可乐,饮料,碳酸饮料,676.0,174
3,小鱼仔,非饮料,海味零食,199.0,166
2,统一绿茶,饮料,茶饮料,521.0,163
2,85g新麦潮手撕面包（提子味）,非饮料,饼干糕点,500.5,162
3,可口可乐最新款,饮料,碳酸饮料,489.5,161
2,果粒橙,饮料,果蔬饮料,560.0,161
4,78g卫龙亲嘴语辣条,非饮料,肉干/豆制品/蛋,736.0,158
1,阿萨姆奶茶,饮料,茶饮料,663.5,158
4,450ml美汁源果粒橙,饮料,果蔬饮料,727.0,157
4,2g韩国海牌海苔,非饮料,海味零食,424.2,154
3,145ml旺仔牛奶盒装,饮料,乳制品,499.5,151
2,250ml红牛,饮料,功能饮料,1250.0,150
3,可口可乐（500ml）,饮料,碳酸饮料,492.0,149
3,20g咪咪虾条马来西亚风味,非饮料,膨化食品,264.5,148
2,12g劲仔小鱼麻辣味,非饮料,肉干/豆制品/蛋,370.0,147
2,卫龙大面筋,非饮料,肉干/豆制品/蛋,444.0,147
4,茉莉蜜茶,饮料,茶饮料,449.5,144
2,58g丽芝士纳宝帝奶酪威化饼干,非饮料,饼干糕点,474.5,144
4,香脆肠,非饮料,肉干/豆制品/蛋,226.0,140
2,430g泰奇八宝粥,非饮料,方便速食,956.0,140
3,250ml燕塘原味酸奶,饮料,乳制品,712.0,136
2,45g双汇泡面拍挡,非饮料,肉干/豆制品/蛋,256.5,136
2,268ml雀巢咖啡丝滑拿铁,饮料,咖啡,865.0,136
1,营养快线,饮料,乳制品,571.5,136
2,伊利纯牛奶,饮料,乳制品,415.5,135
4,美年达（罐）,饮料,碳酸饮料,394.5,134
3,250ml燕塘甜牛奶,饮料,乳制品,606.5,133
2,55g奥利奥原味芝士饼干,非饮料,饼干糕点,547.5,128
4,70g乖媳妇野山泡椒凤爪,非饮料,肉干/豆制品/蛋,542.5,126
4,32g卫龙亲嘴烧红烧牛肉味,非饮料,肉干/豆制品/蛋,369.0,126
2,可口可乐330ml,饮料,碳酸饮料,380.0,126
4,205g伊利安慕希原味,饮料,乳制品,808.5,126
3,32g卫龙亲嘴烧,非饮料,肉干/豆制品/蛋,322.2,125
3,雪碧330ml,饮料,碳酸饮料,377.0,124
2,500ml统一阿萨姆奶茶,饮料,茶饮料,662.0,124
2,78g卫龙亲嘴语辣条,非饮料,肉干/豆制品/蛋,558.0,124
4,600ml雪碧,饮料,碳酸饮料,385.5,124
3,268ml雀巢咖啡丝滑拿铁,饮料,咖啡,821.0,123
2,雪碧最新款,饮料,碳酸饮料,375.0,123
4,55g奥利奥原味芝士饼干,非饮料,饼干糕点,535.0,123
3,口味王槟榔（绿）,非饮料,蜜饯/果干,1220.0,122
3,250ml燕塘红枣牛奶,饮料,乳制品,573.5,121
2,70g乖媳妇野山泡椒凤爪,非饮料,肉干/豆制品/蛋,451.5,118
2,600ml可口可乐,饮料,碳酸饮料,410.0,118
2,香豆干,非饮料,肉干/豆制品/蛋,138.5,117
1,统一冰红茶,饮料,茶饮料,372.0,117
3,85g统一老坛酸菜牛肉面,非饮料,方便速食,628.0,117
2,450ml美汁源果粒橙,饮料,果蔬饮料,516.0,116
2,330ml伊利畅意乳酸菌原味,饮料,乳制品,812.0,116
2,雪碧（500ml）,饮料,碳酸饮料,367.0,114
3,维他柠檬茶,饮料,茶饮料,362.5,114
4,85g嘉士利果乐果香夹心饼干蓝莓味,非饮料,饼干糕点,526.0,114
4,咪咪虾条马来西亚风味,非饮料,膨化食品,197.6,113
3,85g新麦潮北海道吐司,非饮料,饼干糕点,351.0,112
4,雀巢咖啡,饮料,咖啡,786.0,111
2,银鹭八宝粥,饮料,方便速食,443.5,110
2,2g韩国海牌海苔,非饮料,海味零食,295.2,110
4,58g丽芝士纳宝帝奶酪威化饼干,非饮料,饼干糕点,380.5,110
3,250ml红牛,饮料,功能饮料,975.0,109
4,怡宝,饮料,水,279.0,108
3,怡宝,饮料,水,298.0,108
2,500ml加多宝,饮料,茶饮料,506.5,108
3,维他奶,饮料,植物蛋白,315.0,107
4,600ml脉动青柠,饮料,功能饮料,531.0,107
2,250ml维他奶巧克力味,饮料,植物蛋白,317.2,106
2,32g卫龙亲嘴烧红烧牛肉味,非饮料,肉干/豆制品/蛋,261.0,105
3,86g合味道海鲜风味,非饮料,方便速食,671.0,104
3,85g新麦潮手撕面包（提子味）,非饮料,饼干糕点,329.5,103
3,12g劲仔小鱼麻辣味,非饮料,肉干/豆制品/蛋,258.0,103
3,430g泰奇八宝粥,非饮料,方便速食,662.5,102
2,600ml雪碧,饮料,碳酸饮料,285.8,101
1,果粒橙,饮料,果蔬饮料,342.5,99
2,维他柠檬茶,饮料,茶饮料,374.5,99
2,咪咪虾条马来西亚风味,非饮料,膨化食品,167.0,99
4,480ml小茗同学冷泡青柠红茶,饮料,茶饮料,606.5,98
4,148g富甲一方紫薯仔,非饮料,蜜饯/果干,682.5,98
4,双汇玉米热狗肠,非饮料,肉干/豆制品/蛋,262.0,96
4,150g健能酸奶原味,饮料,乳制品,506.0,96
4,52g旺旺仙贝,非饮料,膨化食品,463.5,96
2,可口可乐（500ml）,饮料,碳酸饮料,310.0,96
2,75g新麦潮天然酵母面包（北海道牛奶风味）,非饮料,饼干糕点,288.0,95
4,10g卫龙亲嘴烧香辣味,非饮料,肉干/豆制品/蛋,166.4,94
3,450ml美汁源果粒橙,饮料,果蔬饮料,389.0,94
2,600ml脉动青柠,饮料,功能饮料,475.2,93
3,500ml统一阿萨姆奶茶,饮料,茶饮料,503.0,93
2,可口可乐最新款,饮料,碳酸饮料,274.5,92
4,500ml加多宝,饮料,茶饮料,468.0,91
3,330ml伊利畅意乳酸菌原味,饮料,乳制品,590.0,91
4,75g新麦潮天然酵母面包（北海道牛奶风味）,非饮料,饼干糕点,253.5,91
2,85g嘉士利果乐果香夹心饼干蓝莓味,非饮料,饼干糕点,409.0,90
2,205g伊利安慕希原味,饮料,乳制品,742.0,90
4,45g双汇泡面拍挡,非饮料,肉干/豆制品/蛋,187.0,89
2,52g旺旺仙贝,非饮料,膨化食品,418.5,89
3,600ml可口可乐,饮料,碳酸饮料,322.5,86
4,160g盼盼手撕面包,非饮料,饼干糕点,609.0,86
2,雪碧330ml,饮料,碳酸饮料,257.0,84
3,600ml雪碧,饮料,碳酸饮料,239.9,84
1,统一绿茶,饮料,茶饮料,274.0,83
2,小鱼仔,非饮料,海味零食,100.0,83
3,美年达（罐）,饮料,碳酸饮料,243.0,82
4,100g*5瓶益力多,饮料,乳制品,1200.0,81
3,冰糖雪梨,饮料,果蔬饮料,274.0,81
4,百事可乐500ml,饮料,碳酸饮料,242.0,80
3,600ml脉动青柠,饮料,功能饮料,404.5,80
4,65g卫龙亲嘴豆皮,非饮料,肉干/豆制品/蛋,373.5,79
2,480ml小茗同学冷泡青柠红茶,饮料,茶饮料,441.0,79
3,250ml维他奶巧克力味,饮料,植物蛋白,288.8,79
1,香豆干,非饮料,肉干/豆制品/蛋,86.0,77
4,维他原味豆奶,饮料,植物蛋白,294.0,75
3,70g乖媳妇野山泡椒凤爪,非饮料,肉干/豆制品/蛋,275.5,74
4,无穷农场盐_鸡蛋,非饮料,肉干/豆制品/蛋,245.0,74
4,110g顺宝九制话梅,非饮料,蜜饯/果干,352.0,73
4,口味王槟榔（红）,非饮料,蜜饯/果干,1075.0,73
3,10g卫龙亲嘴烧香辣味,非饮料,肉干/豆制品/蛋,99.9,73
1,卫龙大面筋,非饮料,肉干/豆制品/蛋,223.0,73
4,20g马来西亚风味咪咪蟹味粒0219,非饮料,膨化食品,141.6,72
4,68g好丽友巧克力派2枚,非饮料,饼干糕点,337.0,72
3,78g卫龙亲嘴语辣条,非饮料,肉干/豆制品/蛋,324.0,71
1,雪碧最新款,饮料,碳酸饮料,220.0,71
1,怡宝,饮料,水,193.0,70
3,75g新麦潮天然酵母面包（北海道牛奶风味）,非饮料,饼干糕点,198.5,70
3,58g丽芝士纳宝帝奶酪威化饼干,非饮料,饼干糕点,236.5,69
4,40g乐事薯片黄瓜味,非饮料,膨化食品,322.5,67
4,91g徐福记凤梨酥,非饮料,饼干糕点,455.0,67
4,阿萨姆煎茶奶绿,饮料,茶饮料,268.0,67
1,王老吉（罐）,饮料,茶饮料,245.5,66
4,500ml农夫果园 (芒果+菠萝+番石榴),饮料,果蔬饮料,340.0,66
4,80g四洲粟一烧烧烤味,非饮料,膨化食品,523.5,65
2,40g乐事美国经典原味,非饮料,膨化食品,309.0,64
2,维他原味豆奶,饮料,植物蛋白,280.0,64
3,雀巢咖啡,饮料,咖啡,450.0,63
2,40g乐事薯片黄瓜味,非饮料,膨化食品,301.5,63
3,205g伊利安慕希原味,饮料,乳制品,387.5,63
2,维他奶,饮料,植物蛋白,180.0,63
3,55g奥利奥原味芝士饼干,非饮料,饼干糕点,264.0,62
4,印尼芝士威化饼干,非饮料,饼干糕点,188.0,62
4,可乐可乐,饮料,碳酸饮料,295.0,62
3,500ml加多宝,饮料,茶饮料,275.0,62
1,红牛,饮料,功能饮料,367.5,61
1,王老吉（500ml）,饮料,茶饮料,263.5,61
4,芙蓉王,非饮料,香烟,1511.0,61
1,鸭翅,非饮料,肉干/豆制品/蛋,106.0,61
4,250ML东鹏特饮,饮料,功能饮料,281.5,60
3,100g*5瓶益力多,饮料,乳制品,794.0,59
4,225g味之不规则饼干芝士味,非饮料,饼干糕点,532.0,58
2,双汇玉米热狗肠,非饮料,肉干/豆制品/蛋,133.5,58
2,65g卫龙亲嘴豆皮,非饮料,肉干/豆制品/蛋,274.0,58
2,68g好丽友巧克力派2枚,非饮料,饼干糕点,283.5,58
2,20g马来西亚风味咪咪蟹味粒0219,非饮料,膨化食品,104.2,58
1,30g无穷农场盐_鸡蛋,非饮料,肉干/豆制品/蛋,185.5,57
4,乐虎,饮料,功能饮料,272.5,57
4,250ml维他奶低糖原味,饮料,植物蛋白,194.4,57
2,无穷烤鸡小腿（蜂蜜）,非饮料,肉干/豆制品/蛋,267.0,57
4,好吃点小饼干,非饮料,饼干糕点,62.0,56
3,85g嘉士利果乐果香夹心饼干蓝莓味,非饮料,饼干糕点,278.5,56
2,熊字饼,非饮料,饼干糕点,184.0,56
2,91g徐福记凤梨酥,非饮料,饼干糕点,364.0,56
4,椰树牌椰汁,饮料,植物蛋白,257.5,56
4,30g元朗小蛋卷,非饮料,饼干糕点,145.0,56
2,80g四洲粟一烧烧烤味,非饮料,膨化食品,444.0,56
3,香脆肠,非饮料,肉干/豆制品/蛋,86.5,56
3,32g卫龙亲嘴烧红烧牛肉味,非饮料,肉干/豆制品/蛋,160.1,55
4,尖叫,饮料,功能饮料,229.5,54
2,100g*5瓶益力多,饮料,乳制品,945.5,54
4,50g上好佳田园薯片番茄味,非饮料,膨化食品,242.0,54
4,雪力矿泉水,饮料,水,108.0,54
1,250ml维他原味豆奶,饮料,植物蛋白,187.8,53
4,康师傅矿泉水,饮料,水,75.3,53
4,40g乐事美国经典原味,非饮料,膨化食品,261.0,53
3,茉莉蜜茶,饮料,茶饮料,165.0,53
4,湘潭铺子(羽泉版),非饮料,蜜饯/果干,525.0,52
1,伊利优酸乳,饮料,乳制品,139.0,52
1,250ml维他柠檬茶,饮料,茶饮料,215.0,52
4,咪咪,非饮料,膨化食品,56.0,52
2,150g健能酸奶原味,饮料,乳制品,309.0,51
3,咪咪虾条马来西亚风味,非饮料,膨化食品,92.56,51
2,无穷农场盐_鸡蛋,非饮料,肉干/豆制品/蛋,147.5,51
2,110g顺宝九制话梅,非饮料,蜜饯/果干,247.2,51
2,500ml农夫果园 (芒果+菠萝+番石榴),饮料,果蔬饮料,241.5,51
1,250ml燕塘原味酸奶,饮料,乳制品,213.0,50
4,180ml雀巢咖啡罐装,饮料,咖啡,315.0,50
2,10g卫龙亲嘴烧香辣味,非饮料,肉干/豆制品/蛋,91.7,50
2,160g盼盼手撕面包,非饮料,饼干糕点,370.0,50
4,40g呀土豆薯片滋香烤鸡味,非饮料,膨化食品,248.0,50
4,37.5g费列罗榛果威化巧克力3颗,非饮料,糖果/巧克力,595.0,49
1,银鹭八宝粥,饮料,方便速食,198.0,49
2,70g乐事薯片黄瓜味,非饮料,膨化食品,330.0,49
4,手撕素肉排,非饮料,肉干/豆制品/蛋,59.4,49
4,秒充,非饮料,其他,288.0,48
2,250ML东鹏特饮,饮料,功能饮料,258.5,48
1,香脆肠,非饮料,肉干/豆制品/蛋,72.0,48
2,卫龙亲嘴烧红烧牛肉味,非饮料,肉干/豆制品/蛋,115.5,48
2,148g富甲一方紫薯仔,非饮料,蜜饯/果干,305.5,47
3,45g双汇泡面拍挡,非饮料,肉干/豆制品/蛋,88.0,46
2,48g好丽友薯愿香烤原味,非饮料,膨化食品,224.0,45
1,可口可乐最新款,饮料,碳酸饮料,135.5,45
1,雪碧（500ml）,饮料,碳酸饮料,146.5,45
3,无穷农场盐_鸡蛋,非饮料,肉干/豆制品/蛋,150.5,44
4,无穷烤鸡小腿（蜂蜜）,非饮料,肉干/豆制品/蛋,180.0,44
2,茉莉蜜茶,饮料,茶饮料,136.0,43
3,91g徐福记凤梨酥,非饮料,饼干糕点,279.5,43
4,凤爪,非饮料,肉干/豆制品/蛋,90.0,43
3,2g韩国海牌海苔,非饮料,海味零食,103.2,43
2,250ml维他奶低糖原味,饮料,植物蛋白,140.8,43
1,40g双汇玉米热狗肠,非饮料,肉干/豆制品/蛋,104.0,43
2,40g呀土豆薯片滋香烤鸡味,非饮料,膨化食品,196.5,42
2,40g呀土豆番茄酱味,非饮料,膨化食品,196.5,42
1,芬达330ml,饮料,碳酸饮料,134.0,42
4,奥利奥原味芝士,非饮料,饼干糕点,179.0,42
4,丽芝士纳宝帝奶酪威化饼干,非饮料,饼干糕点,146.5,42
4,48g好丽友薯愿香烤原味,非饮料,膨化食品,212.0,42
4,卫龙亲嘴烧红烧牛肉味,非饮料,肉干/豆制品/蛋,112.5,42
2,55g奥利奥原味夹心饼干,非饮料,饼干糕点,196.0,41
3,阿萨姆煎茶奶绿,饮料,茶饮料,164.0,41
3,双汇玉米热狗肠,非饮料,肉干/豆制品/蛋,112.0,41
1,250ml燕塘甜牛奶,饮料,乳制品,176.5,41
2,印尼芝士威化饼干,非饮料,饼干糕点,124.5,41
2,可乐可乐,饮料,碳酸饮料,142.5,41
4,250ml统一麦香奶茶,饮料,茶饮料,155.0,41
3,好吃点小饼干,非饮料,饼干糕点,40.0,40
4,370g泰奇八宝粥,非饮料,方便速食,271.0,40
4,86g合味道浓猪骨味,非饮料,方便速食,256.0,40
3,百事可乐500ml,饮料,碳酸饮料,120.5,40
2,口味王槟榔（绿）,非饮料,蜜饯/果干,400.0,40
3,110g顺宝九制话梅,非饮料,蜜饯/果干,193.4,40
4,250ml王老吉盒装,饮料,茶饮料,112.5,40
3,500ml农夫果园 (芒果+菠萝+番石榴),饮料,果蔬饮料,208.5,40
2,怡宝,饮料,水,107.0,40
4,合味道（海鲜风味）,非饮料,方便速食,277.0,39
4,50g上好佳日式鱼果,非饮料,膨化食品,174.0,39
3,160g盼盼手撕面包,非饮料,饼干糕点,272.0,39
1,小鱼仔,非饮料,海味零食,50.0,39
1,250ml燕塘红枣牛奶,饮料,乳制品,168.0,38
3,口味王槟榔（红）,非饮料,蜜饯/果干,543.0,38
3,150g健能酸奶原味,饮料,乳制品,158.0,38
3,30g元朗小蛋卷,非饮料,饼干糕点,105.0,38
4,燕塘原味酸奶,饮料,乳制品,175.5,38
2,雀巢咖啡,饮料,咖啡,330.0,37
1,熊字饼,非饮料,饼干糕点,118.5,37
3,148g富甲一方紫薯仔,非饮料,蜜饯/果干,253.5,37
4,70g乐事薯片黄瓜味,非饮料,膨化食品,239.0,37
4,103g康师傅红烧牛肉面,非饮料,方便速食,214.5,37
2,50g上好佳日式鱼果,非饮料,膨化食品,178.0,37
3,480ml小茗同学冷泡青柠红茶,饮料,茶饮料,192.5,36
4,260g马来西亚进口茱蒂丝口口香饼干,非饮料,饼干糕点,1386.0,36
2,韩国海牌海苔,非饮料,海味零食,86.4,36
4,500ml康师傅冰糖雪梨,饮料,果蔬饮料,136.5,36
1,13g无穷烤鸡小腿蜂蜜味,非饮料,肉干/豆制品/蛋,149.5,36
3,52g旺旺仙贝,非饮料,膨化食品,166.5,36
2,50g上好佳田园薯片番茄味,非饮料,膨化食品,163.0,36
4,150g洽洽原香瓜子,非饮料,坚果炒货,249.0,36
2,180ml雀巢咖啡罐装,饮料,咖啡,202.5,36
2,250ml王老吉盒装,饮料,茶饮料,115.0,36
1,可口可乐330ml,饮料,碳酸饮料,103.0,35
4,40g上好佳日式鱼果,非饮料,膨化食品,143.0,35
4,34g公仔迷你杯牛肉味,非饮料,方便速食,140.5,35
4,日式鱼果,非饮料,膨化食品,156.0,35
3,68g好丽友巧克力派2枚,非饮料,饼干糕点,162.5,35
3,康师傅矿泉水,饮料,水,48.8,35
4,燕塘甜牛奶,饮料,乳制品,162.0,35
4,50g马赛克手撕鱿鱼条,非饮料,海味零食,301.8,34
4,55g奥利奥原味夹心饼干,非饮料,饼干糕点,167.0,34
2,劲仔小鱼（麻辣味）,非饮料,肉干/豆制品/蛋,82.0,34
3,65g卫龙亲嘴豆皮,非饮料,肉干/豆制品/蛋,162.0,34
4,美汁源果粒橙,饮料,果蔬饮料,146.0,34
4,40g乐事薯片墨西哥鸡汁番茄味,非饮料,膨化食品,151.5,34
4,劲仔小鱼（麻辣味）,非饮料,肉干/豆制品/蛋,134.5,33
2,合味道（海鲜风味）,非饮料,方便速食,284.0,33
2,37.5g费列罗榛果威化巧克力3颗,非饮料,糖果/巧克力,390.0,33
4,40g呀土豆番茄酱味,非饮料,膨化食品,148.0,33
4,70g乐事薯片原味,非饮料,膨化食品,214.5,33
4,80g香飘飘椰果奶茶麦香味,饮料,茶饮料,157.0,33
2,美年达（罐）,饮料,碳酸饮料,91.0,33
4,统一来一桶香辣老坛酸菜牛肉面,非饮料,方便速食,231.0,33
2,香脆肠,非饮料,肉干/豆制品/蛋,53.5,33
2,250ml统一麦香奶茶,饮料,茶饮料,107.5,33
3,印尼芝士威化饼干,非饮料,饼干糕点,99.5,33
1,可口可乐（500ml）,饮料,碳酸饮料,106.5,33
3,尖叫,饮料,功能饮料,140.5,33
1,伊利纯牛奶,饮料,乳制品,100.0,32
4,12g劲仔小鱼卤香味,非饮料,肉干/豆制品/蛋,70.5,32
4,燕塘红枣牛奶,饮料,乳制品,157.5,32
4,旺仔牛奶,饮料,乳制品,145.4,32
4,加多宝,饮料,茶饮料,191.0,32
2,燕塘甜牛奶,饮料,乳制品,153.0,32
4,益力多100g*5瓶,饮料,乳制品,390.0,31
2,225g味之不规则饼干芝士味,非饮料,饼干糕点,288.5,31
1,维他柠檬茶,饮料,茶饮料,100.0,31
1,20g咪咪虾条马来西亚风味,非饮料,膨化食品,64.6,31
3,80g四洲粟一烧烧烤味,非饮料,膨化食品,235.5,31
2,统一来一桶香辣老坛酸菜牛肉面,非饮料,方便速食,176.0,31
4,韩国海牌海苔,非饮料,海味零食,102.2,31
2,美汁源果粒橙,饮料,果蔬饮料,163.5,31
1,12g劲仔小鱼麻辣味,非饮料,肉干/豆制品/蛋,82.0,31
2,370g泰奇八宝粥,非饮料,方便速食,186.0,31
3,芙蓉王,非饮料,香烟,746.0,30
2,燕塘红枣牛奶,饮料,乳制品,171.0,30
2,12g劲仔小鱼卤香味,非饮料,肉干/豆制品/蛋,100.0,29
1,85g新麦潮手撕面包（提子味）,非饮料,饼干糕点,105.5,29
3,可乐可乐,饮料,碳酸饮料,126.0,29
4,70g乐事薯片（黄瓜味）,非饮料,膨化食品,182.5,29
1,85g新麦潮北海道吐司,非饮料,饼干糕点,79.5,29
2,80g香飘飘椰果奶茶原味,饮料,茶饮料,153.0,29
4,泰奇八宝粥,非饮料,方便速食,222.5,29
2,丽芝士纳宝帝奶酪威化饼干,非饮料,饼干糕点,101.5,29
4,100g果王咸柑桔罐装,非饮料,蜜饯/果干,184.5,29
3,225g味之不规则饼干芝士味,非饮料,饼干糕点,265.0,29
2,30g元朗小蛋卷,非饮料,饼干糕点,100.0,29
4,220g宝丰龙龟苓膏,非饮料,果冻/龟苓膏,125.0,28
4,百事可乐330ml,饮料,碳酸饮料,78.5,28
4,好吃点,非饮料,饼干糕点,118.5,28
4,80g马赛克香蕉片,非饮料,蜜饯/果干,201.5,28
4,芦荟汁,饮料,果蔬饮料,157.0,27
2,阿萨姆煎茶奶绿,饮料,茶饮料,108.0,27
2,冰糖雪梨,饮料,果蔬饮料,93.0,27
4,统一阿萨姆奶茶,饮料,茶饮料,154.0,27
4,188g澳门永辉鸡仔饼,非饮料,饼干糕点,935.0,27
2,百事可乐500ml,饮料,碳酸饮料,84.0,27
1,268ml雀巢咖啡丝滑拿铁,饮料,咖啡,147.0,27
2,维他奶（巧克力味）,饮料,植物蛋白,136.5,27
2,260g马来西亚进口茱蒂丝口口香饼干,非饮料,饼干糕点,954.0,27
2,86g合味道浓猪骨味,非饮料,方便速食,171.0,27
2,好吃点,非饮料,饼干糕点,110.5,27
4,68g好丽友蛋黄派2枚,非饮料,饼干糕点,120.5,27
3,椰树牌椰汁,饮料,植物蛋白,122.0,27
4,诗竹竹纤维面巾纸,非饮料,纸巾,139.2,27
4,180g统一满汉全席台式半筋半肉牛肉面,非饮料,方便速食,1010.0,26
3,250ml维他奶低糖原味,饮料,植物蛋白,89.6,26
4,乐事薯片（黄瓜味）,非饮料,膨化食品,202.0,26
4,80g香飘飘椰果奶茶原味,饮料,茶饮料,126.0,26
1,86g合味道海鲜风味,非饮料,方便速食,160.0,26
2,旺仔牛奶,饮料,乳制品,145.6,26
2,5片装益达绿箭口香糖,非饮料,糖果/巧克力,56.0,26
2,康师傅矿泉水,饮料,水,32.8,26
2,68g好丽友蛋黄派2枚,非饮料,饼干糕点,121.5,26
2,50g马赛克手撕鱿鱼条,非饮料,海味零食,232.0,26
1,32g卫龙亲嘴烧,非饮料,肉干/豆制品/蛋,63.0,26
2,40g上好佳日式鱼果,非饮料,膨化食品,116.0,26
2,乐事薯片（黄瓜味）,非饮料,膨化食品,200.0,26
2,奥利奥原味芝士,非饮料,饼干糕点,106.0,26
4,脉动（青柠）,饮料,功能饮料,155.0,25
2,70g乐事薯片原味,非饮料,膨化食品,168.5,25
2,尖叫,饮料,功能饮料,106.0,25
3,乐虎,饮料,功能饮料,121.5,25
4,150抽诗竹竹纤维面巾纸,非饮料,纸巾,139.2,25
3,维他原味豆奶,饮料,植物蛋白,105.0,24
2,34g公仔迷你杯牛肉味,非饮料,方便速食,96.5,24
4,32g卫龙亲嘴烧川香味,非饮料,肉干/豆制品/蛋,72.0,24
2,加多宝,饮料,茶饮料,124.5,24
1,78g卫龙亲嘴语辣条,非饮料,肉干/豆制品/蛋,108.5,24
4,雪碧,饮料,碳酸饮料,126.0,24
3,180ml雀巢咖啡罐装,饮料,咖啡,135.0,24
2,100g果王咸柑桔罐装,非饮料,蜜饯/果干,151.0,24
3,燕塘红枣牛奶,饮料,乳制品,126.0,24
1,145ml旺仔牛奶盒装,饮料,乳制品,136.2,24
3,农夫果园,饮料,果蔬饮料,172.5,24
3,37.5g费列罗榛果威化巧克力3颗,非饮料,糖果/巧克力,265.2,24
3,250ML东鹏特饮,饮料,功能饮料,128.0,24
3,无穷烤鸡小腿（蜂蜜）,非饮料,肉干/豆制品/蛋,138.0,23
4,怡宝矿泉水,饮料,水,46.0,23
4,5片装益达绿箭口香糖,非饮料,糖果/巧克力,48.0,23
2,燕塘原味酸奶,饮料,乳制品,103.5,23
3,咪咪,非饮料,膨化食品,23.5,23
3,370g泰奇八宝粥,非饮料,方便速食,134.0,23
3,70g乐事薯片黄瓜味,非饮料,膨化食品,140.2,22
3,260g马来西亚进口茱蒂丝口口香饼干,非饮料,饼干糕点,936.0,22
2,诗竹竹纤维面巾纸,非饮料,纸巾,144.0,22
2,103g康师傅红烧牛肉面,非饮料,方便速食,137.5,22
2,椰树牌椰汁,饮料,植物蛋白,100.5,22
3,40g乐事薯片黄瓜味,非饮料,膨化食品,108.0,22
2,泰奇八宝粥,非饮料,方便速食,153.5,22
2,80g香飘飘椰果奶茶麦香味,饮料,茶饮料,107.5,22
2,湘潭铺子(羽泉版),非饮料,蜜饯/果干,225.0,22
3,卫龙亲嘴烧红烧牛肉味,非饮料,肉干/豆制品/蛋,63.0,22
2,188g澳门永辉鸡仔饼,非饮料,饼干糕点,714.0,22
2,手撕素肉排,非饮料,肉干/豆制品/蛋,24.3,22
3,旺仔牛奶,饮料,乳制品,92.44,22
3,合味道（海鲜风味）,非饮料,方便速食,152.5,22
1,430g泰奇八宝粥,非饮料,方便速食,137.0,22
1,维他奶,饮料,植物蛋白,64.0,21
1,55g奥利奥原味芝士饼干,非饮料,饼干糕点,94.0,21
2,80g马赛克香蕉片,非饮料,蜜饯/果干,154.0,21
1,茉莉蜜茶,饮料,茶饮料,65.0,21
4,117gUFO炒面铁板色拉鱿鱼风味,非饮料,方便速食,143.0,21
2,70g乐事薯片（黄瓜味）,非饮料,膨化食品,134.5,21
2,上好佳田园薯片,非饮料,膨化食品,96.0,21
1,冰糖雪梨,饮料,果蔬饮料,71.5,21
4,107g出前一丁桶面酱香牛肉王,非饮料,方便速食,144.0,21
1,250ml红牛,饮料,功能饮料,193.5,21
4,上好佳田园薯片,非饮料,膨化食品,88.5,21
3,80g香飘飘椰果奶茶原味,饮料,茶饮料,126.0,21
2,旺仔牛奶145ml,饮料,乳制品,99.0,21
1,330ml伊利畅意乳酸菌原味,饮料,乳制品,142.5,21
2,好吃点小饼干,非饮料,饼干糕点,22.0,21
4,劲仔小鱼（卤香味）,非饮料,肉干/豆制品/蛋,40.5,20
1,250ml维他奶巧克力味,饮料,植物蛋白,64.0,20
4,健能酸奶,饮料,乳制品,80.0,20
1,500ml统一阿萨姆奶茶,饮料,茶饮料,108.0,20
4,维他奶（巧克力味）,饮料,植物蛋白,70.0,20
2,口味王槟榔（红）,非饮料,蜜饯/果干,300.0,20
3,脉动（青柠）,饮料,功能饮料,110.0,20
3,40g呀土豆番茄酱味,非饮料,膨化食品,94.5,20
2,150g洽洽原香瓜子,非饮料,坚果炒货,155.0,20
3,20g马来西亚风味咪咪蟹味粒0219,非饮料,膨化食品,39.6,20
3,雪碧,饮料,碳酸饮料,157.5,20
3,凤爪,非饮料,肉干/豆制品/蛋,44.0,20
4,145g果王迷你山楂包装,非饮料,蜜饯/果干,137.5,20
4,旺仔牛奶145ml,饮料,乳制品,108.0,20
2,40g乐事薯片墨西哥鸡汁番茄味,非饮料,膨化食品,95.0,20
3,手撕素肉排,非饮料,肉干/豆制品/蛋,24.1,20
1,2g韩国海牌海苔,非饮料,海味零食,52.5,20
3,诗竹竹纤维面巾纸,非饮料,纸巾,100.8,19
3,40g呀土豆薯片滋香烤鸡味,非饮料,膨化食品,84.5,19
1,85g统一老坛酸菜牛肉面,非饮料,方便速食,95.0,19
2,统一阿萨姆奶茶,饮料,茶饮料,104.5,19
3,150g洽洽原香瓜子,非饮料,坚果炒货,129.5,19
3,丽芝士纳宝帝奶酪威化饼干,非饮料,饼干糕点,66.5,19
2,脉动（青柠）,饮料,功能饮料,130.0,19
3,40g乐事美国经典原味,非饮料,膨化食品,89.0,19
4,乐虎（380ml）,饮料,功能饮料,76.0,19
4,优益C活菌型乳酸菌饮品,饮料,乳制品,165.2,19
4,农夫果园,饮料,果蔬饮料,130.5,19
1,雪碧330ml,饮料,碳酸饮料,54.5,19
4,迷你纸巾,非饮料,纸巾,19.0,19
3,250ml统一麦香奶茶,饮料,茶饮料,50.0,19
2,日式鱼果,非饮料,膨化食品,76.0,19
4,卫龙亲嘴烧麦辣鸡汁味,非饮料,肉干/豆制品/蛋,40.5,19
2,乖媳妇野山椒风爪,非饮料,肉干/豆制品/蛋,65.1,19
1,口味王槟榔（绿）,非饮料,蜜饯/果干,180.0,18
3,250ml王老吉盒装,饮料,茶饮料,65.0,18
3,220g宝丰龙龟苓膏,非饮料,果冻/龟苓膏,98.0,18
4,145ml旺仔牛奶罐装,饮料,乳制品,72.0,18
2,500ml康师傅冰糖雪梨,饮料,果蔬饮料,74.5,18
3,50g上好佳田园薯片番茄味,非饮料,膨化食品,84.5,18
4,新麦潮天然酵母面包（牛奶风味）,非饮料,饼干糕点,84.0,18
2,145g果王迷你山楂包装,非饮料,蜜饯/果干,115.5,18
3,益力多100g*5瓶,饮料,乳制品,235.5,18
3,55g奥利奥原味夹心饼干,非饮料,饼干糕点,77.0,18
4,40g卫龙点心面黑椒牛排味,非饮料,肉干/豆制品/蛋,112.0,18
3,统一阿萨姆奶茶,饮料,茶饮料,99.0,18
4,480ml小茗同学冷泡溜溜哒茶,饮料,茶饮料,131.0,18
3,50g上好佳日式鱼果,非饮料,膨化食品,98.0,17
4,123gUFO炒面XO酱海鲜风味,非饮料,方便速食,135.0,17
3,劲仔小鱼（麻辣味）,非饮料,肉干/豆制品/蛋,156.5,17
2,健能酸奶,饮料,乳制品,74.0,17
1,尖叫,饮料,功能饮料,71.0,17
2,劲仔小鱼（卤香味）,非饮料,肉干/豆制品/蛋,37.5,17
3,86g合味道浓猪骨味,非饮料,方便速食,109.0,17
3,70g乐事薯片（黄瓜味）,非饮料,膨化食品,102.5,17
3,优益C活菌型乳酸菌饮品,饮料,乳制品,224.0,16
3,怡宝矿泉水,饮料,水,32.0,16
3,秒充,非饮料,其他,96.0,16
3,韩国海牌海苔,非饮料,海味零食,33.6,16
3,48g好丽友薯愿香烤原味,非饮料,膨化食品,92.0,16
3,上好佳田园薯片,非饮料,膨化食品,68.5,16
3,70g乐事薯片原味,非饮料,膨化食品,117.0,16
3,奥利奥原味芝士,非饮料,饼干糕点,72.0,16
2,250ml维他奶黑豆奶饮品,饮料,植物蛋白,63.0,16
2,130g果王玉带蚕豆,非饮料,坚果炒货,102.4,16
1,70g乖媳妇野山泡椒凤爪,非饮料,肉干/豆制品/蛋,58.0,16
2,220g宝丰龙龟苓膏,非饮料,果冻/龟苓膏,72.0,16
4,500ml营养快线原味,饮料,乳制品,81.0,16
3,泰奇八宝粥,非饮料,方便速食,119.0,15
2,优益C活菌型乳酸菌饮品,饮料,乳制品,135.1,15
4,70g乐事薯片（原味）,非饮料,膨化食品,88.5,15
1,58g丽芝士纳宝帝奶酪威化饼干,非饮料,饼干糕点,48.0,15
1,美年达（罐）,饮料,碳酸饮料,41.0,15
2,68g多力多玉米片爆香热辣味,非饮料,膨化食品,128.0,15
4,和成天下（黄）,非饮料,香烟,150.0,15
3,50g马赛克手撕鱿鱼条,非饮料,海味零食,128.4,15
2,180g统一满汉全席台式半筋半肉牛肉面,非饮料,方便速食,495.0,15
2,乐虎,饮料,功能饮料,68.5,15
3,芦荟汁,饮料,果蔬饮料,90.0,15
3,40g上好佳日式鱼果,非饮料,膨化食品,70.0,15
1,450ml美汁源果粒橙,饮料,果蔬饮料,69.0,15
3,百事可乐330ml,饮料,碳酸饮料,43.0,15
1,印尼芝士威化饼干,非饮料,饼干糕点,45.0,15
2,70g乐事薯片（原味）,非饮料,膨化食品,87.5,15
1,百事可乐500ml,饮料,碳酸饮料,43.0,14
4,50g双层百力滋奶咖味,非饮料,饼干糕点,67.5,14
1,维他原味豆奶,饮料,植物蛋白,59.5,14
4,50g双层百力滋特浓番茄味,非饮料,饼干糕点,67.5,14
2,145ml旺仔牛奶罐装,饮料,乳制品,48.0,14
3,5片装益达绿箭口香糖,非饮料,糖果/巧克力,34.0,14
1,500ml加多宝,饮料,茶饮料,58.0,14
3,加多宝,饮料,茶饮料,63.0,14
4,盼盼手撕面包,非饮料,饼干糕点,56.0,14
2,250ml维他椰子植物蛋白饮料,饮料,植物蛋白,81.5,14
4,安慕希酸奶,饮料,乳制品,81.0,14
3,好吃点,非饮料,饼干糕点,56.0,14
1,可乐可乐,饮料,碳酸饮料,48.5,14
3,雪力矿泉水,饮料,水,28.0,14
4,100g卫龙点心面黑椒牛排味,非饮料,肉干/豆制品/蛋,77.3,13
2,新麦潮天然酵母面包（牛奶风味）,非饮料,饼干糕点,52.0,13
2,雪碧,饮料,碳酸饮料,45.5,13
1,椰树牌椰汁,饮料,植物蛋白,59.5,13
2,32g卫龙亲嘴烧川香味,非饮料,肉干/豆制品/蛋,27.0,13
1,110g顺宝九制话梅,非饮料,蜜饯/果干,63.8,13
3,80g香飘飘椰果奶茶麦香味,饮料,茶饮料,67.5,13
2,越南LIPO奶味面包干100g,非饮料,饼干糕点,104.0,13
1,75g新麦潮天然酵母面包（北海道牛奶风味）,非饮料,饼干糕点,35.0,13
1,600ml可口可乐,饮料,碳酸饮料,53.0,13
3,美汁源果粒橙,饮料,果蔬饮料,68.0,13
2,205ml安慕希蓝莓味,饮料,乳制品,81.2,12
3,乐虎（380ml）,饮料,功能饮料,49.0,12
4,鸡爪,非饮料,肉干/豆制品/蛋,24.0,12
4,55g奥利奥迷你杯夹心小饼干杯装原味,非饮料,饼干糕点,66.0,12
4,小茗同学,饮料,茶饮料,60.0,12
2,40g卫龙点心面黑椒牛排味,非饮料,肉干/豆制品/蛋,87.0,12
1,600ml脉动青柠,饮料,功能饮料,66.0,12
3,500ml康师傅冰糖雪梨,饮料,果蔬饮料,51.0,12
4,250ml维他奶黑豆奶饮品,饮料,植物蛋白,45.0,12
3,燕塘甜牛奶,饮料,乳制品,54.0,12
2,480ml小茗同学冷泡溜溜哒茶,饮料,茶饮料,85.0,12
4,250ml维他椰子植物蛋白饮料,饮料,植物蛋白,54.0,12
2,农夫果园,饮料,果蔬饮料,79.5,12
3,100g果王咸柑桔罐装,非饮料,蜜饯/果干,79.5,12
3,统一来一桶香辣老坛酸菜牛肉面,非饮料,方便速食,71.5,12
3,12g劲仔小鱼卤香味,非饮料,肉干/豆制品/蛋,37.5,12
4,顺宝九制梅,非饮料,蜜饯/果干,55.0,11
1,40g乐事薯片黄瓜味,非饮料,膨化食品,58.0,11
4,四洲粟一烧烧烤味,非饮料,膨化食品,107.0,11
1,芙蓉王,非饮料,香烟,273.0,11
4,经典奶茶,饮料,茶饮料,40.0,11
2,78g卫龙亲语,非饮料,肉干/豆制品/蛋,49.5,11
2,117gUFO炒面铁板色拉鱿鱼风味,非饮料,方便速食,71.5,11
1,32g卫龙亲嘴烧红烧牛肉味,非饮料,肉干/豆制品/蛋,28.8,11
2,新麦潮北海道吐司,非饮料,饼干糕点,39.0,11
3,250ml维他椰子植物蛋白饮料,饮料,植物蛋白,62.5,11
3,日式鱼果,非饮料,膨化食品,48.0,11
1,好吃点小饼干,非饮料,饼干糕点,11.0,11
3,旺仔牛奶145ml,饮料,乳制品,63.0,11
2,味之不规则饼干（芝士味）,非饮料,饼干糕点,105.0,11
2,500ml营养快线原味,饮料,乳制品,63.0,11
3,劲仔小鱼（卤香味）,非饮料,肉干/豆制品/蛋,24.0,11
1,凤爪,非饮料,肉干/豆制品/蛋,25.0,11
4,13g雀巢咖啡1+2特浓,饮料,咖啡,42.5,10
3,鸡爪,非饮料,肉干/豆制品/蛋,20.0,10
4,130g果王玉带蚕豆,非饮料,坚果炒货,72.2,10
1,口味王槟榔（红）,非饮料,蜜饯/果干,150.0,10
3,燕塘原味酸奶,饮料,乳制品,45.0,10
4,维他柠檬茶330ml（罐）,饮料,茶饮料,30.0,10
4,味之不规则饼干（芝士味）,非饮料,饼干糕点,95.0,10
3,四洲粟一烧烧烤味,非饮料,膨化食品,90.0,10
1,45g双汇泡面拍挡,非饮料,肉干/豆制品/蛋,18.0,10
1,85g嘉士利果乐果香夹心饼干蓝莓味,非饮料,饼干糕点,45.0,10
3,湘潭铺子(羽泉版),非饮料,蜜饯/果干,99.5,10
3,小茗同学,饮料,茶饮料,50.0,10
1,10g卫龙亲嘴烧香辣味,非饮料,肉干/豆制品/蛋,14.9,10
1,205g伊利安慕希原味,饮料,乳制品,58.5,10
4,新麦潮北海道吐司,非饮料,饼干糕点,40.0,10
4,新麦潮天然酵母面包,非饮料,饼干糕点,44.0,10
1,康师傅矿泉水,饮料,水,13.1,10
1,100g*5瓶益力多,饮料,乳制品,219.0,10
3,117gUFO炒面铁板色拉鱿鱼风味,非饮料,方便速食,71.5,10
2,和成天下（黄）,非饮料,香烟,100.0,10
3,150抽诗竹竹纤维面巾纸,非饮料,纸巾,48.0,10
2,百事可乐330ml,饮料,碳酸饮料,28.0,10
3,188g澳门永辉鸡仔饼,非饮料,饼干糕点,340.0,10
3,40g乐事薯片墨西哥鸡汁番茄味,非饮料,膨化食品,58.0,10
2,芦荟汁,饮料,果蔬饮料,60.0,10
2,55g奥利奥迷你杯夹心小饼干杯装原味,非饮料,饼干糕点,60.5,10
4,天地一号,饮料,果蔬饮料,43.5,9
2,芙蓉王,非饮料,香烟,211.0,9
2,107g出前一丁桶面酱香牛肉王,非饮料,方便速食,54.0,9
4,乖媳妇野山椒风爪,非饮料,肉干/豆制品/蛋,28.7,9
1,480ml小茗同学冷泡青柠红茶,饮料,茶饮料,104.0,9
4,83g汤达人酸辣豚骨拉面,非饮料,方便速食,58.5,9
3,180g统一满汉全席台式半筋半肉牛肉面,非饮料,方便速食,495.0,9
2,150抽诗竹竹纤维面巾纸,非饮料,纸巾,43.22,9
1,148g富甲一方紫薯仔,非饮料,蜜饯/果干,71.5,9
3,480ml小茗同学冷泡溜溜哒茶,饮料,茶饮料,52.5,9
3,维他奶（巧克力味）,饮料,植物蛋白,30.5,9
4,205ml安慕希蓝莓味,饮料,乳制品,52.22,9
3,乐事薯片（黄瓜味）,非饮料,膨化食品,71.0,9
3,500ml营养快线原味,饮料,乳制品,49.5,9
4,可口可乐330ml（罐）,饮料,碳酸饮料,24.0,9
1,68g好丽友巧克力派2枚,非饮料,饼干糕点,59.0,9
1,250ml维他奶低糖原味,饮料,植物蛋白,30.0,9
1,无穷农场盐_鸡蛋,非饮料,肉干/豆制品/蛋,37.5,9
3,健能酸奶,饮料,乳制品,33.0,9
3,68g多力多玉米片爆香热辣味,非饮料,膨化食品,72.0,9
2,盼盼手撕面包,非饮料,饼干糕点,32.0,8
1,600ml雪碧,饮料,碳酸饮料,26.5,8
3,80g马赛克香蕉片,非饮料,蜜饯/果干,60.0,8
3,78g合味道杯面香菇炖鸡风味,非饮料,方便速食,48.0,8
3,103g康师傅红烧牛肉面,非饮料,方便速食,44.0,8
3,100g卫龙点心面黑椒牛排味,非饮料,肉干/豆制品/蛋,46.4,8
3,新麦潮天然酵母面包（牛奶风味）,非饮料,饼干糕点,32.0,8
3,维他柠檬茶330ml（罐）,饮料,茶饮料,24.0,8
4,500ML宝矿力,饮料,功能饮料,43.5,8
3,68g好丽友蛋黄派2枚,非饮料,饼干糕点,36.0,8
2,34g公仔迷你杯风味排骨味,非饮料,方便速食,31.5,8
3,145g果王迷你山楂包装,非饮料,蜜饯/果干,53.5,8
2,500ml恒大冰泉矿泉水,饮料,水,22.5,8
4,乐事薯片（青柠）,非饮料,膨化食品,80.0,8
2,益力多100g*5瓶,饮料,乳制品,105.5,8
1,脉动（青柠）,饮料,功能饮料,40.0,8
1,150g洽洽原香瓜子,非饮料,坚果炒货,50.0,8
2,50g双层百力滋奶咖味,非饮料,饼干糕点,40.5,8
2,50g双层百力滋特浓番茄味,非饮料,饼干糕点,36.0,8
3,34g公仔迷你杯牛肉味,非饮料,方便速食,27.0,8
2,250ml维他椰子味豆奶7716,饮料,植物蛋白,22.5,8
4,冰红茶（罐）,饮料,茶饮料,22.0,8
4,珠江纯生啤酒,饮料,功能饮料,37.0,8
3,冰红茶（罐）,饮料,茶饮料,20.0,8
1,湘潭铺子(羽泉版),非饮料,蜜饯/果干,70.0,7
1,雀巢咖啡,饮料,咖啡,48.0,7
3,盼盼手撕面包,非饮料,饼干糕点,28.0,7
1,好吃点,非饮料,饼干糕点,33.0,7
2,鸡爪,非饮料,肉干/豆制品/蛋,14.0,7
2,83g汤达人酸辣豚骨拉面,非饮料,方便速食,58.5,7
4,巧克力奶油味蛋糕,非饮料,饼干糕点,19.0,7
1,50g上好佳日式鱼果,非饮料,膨化食品,36.0,7
2,顺宝九制梅,非饮料,蜜饯/果干,35.0,7
4,多芙利香草奶油味蛋糕,非饮料,饼干糕点,42.0,7
1,225g味之不规则饼干芝士味,非饮料,饼干糕点,66.0,7
3,卫龙亲嘴烧麦辣鸡汁味,非饮料,肉干/豆制品/蛋,10.5,7
2,小茗同学,饮料,茶饮料,35.0,7
1,咪咪虾条马来西亚风味,非饮料,膨化食品,11.2,7
4,拿铁咖啡（统一）,饮料,咖啡,36.0,7
3,70g乐事薯片（原味）,非饮料,膨化食品,38.5,7
2,新麦潮天然酵母面包,非饮料,饼干糕点,36.0,7
4,40g上好佳田园薯片番茄味,非饮料,膨化食品,35.5,7
4,34g公仔迷你杯风味排骨味,非饮料,方便速食,27.0,7
1,55g奥利奥原味夹心饼干,非饮料,饼干糕点,52.5,7
2,冰红茶（罐）,饮料,茶饮料,17.5,7
3,130g果王玉带蚕豆,非饮料,坚果炒货,40.5,6
1,65g卫龙亲嘴豆皮,非饮料,肉干/豆制品/蛋,31.5,6
1,雪力矿泉水,饮料,水,12.0,6
2,凤爪,非饮料,肉干/豆制品/蛋,14.5,6
2,100g卫龙点心面黑椒牛排味,非饮料,肉干/豆制品/蛋,34.8,6
2,劲仔小鱼,非饮料,肉干/豆制品/蛋,13.5,6
3,迷你纸巾,非饮料,纸巾,6.0,6
1,160g盼盼手撕面包,非饮料,饼干糕点,41.0,6
4,68g多力多玉米片爆香热辣味,非饮料,膨化食品,48.0,6
4,10g越南LIPO奶味面包干,非饮料,饼干糕点,10.0,6
4,78g卫龙亲语,非饮料,肉干/豆制品/蛋,27.0,6
2,500ml统一冰糖雪梨,饮料,果蔬饮料,24.5,6
4,500ml统一冰糖雪梨,饮料,果蔬饮料,24.0,6
2,四洲粟一烧烧烤味,非饮料,膨化食品,72.0,6
2,78g合味道杯面香菇炖鸡风味,非饮料,方便速食,36.0,6
3,新麦潮手撕面包（提子味）,非饮料,饼干糕点,33.5,6
4,越南LIPO奶味面包干100g,非饮料,饼干糕点,48.0,6
1,30g元朗小蛋卷,非饮料,饼干糕点,15.0,6
4,78g合味道杯面香菇炖鸡风味,非饮料,方便速食,42.0,6
2,雪力矿泉水,饮料,水,12.0,6
1,20g马来西亚风味咪咪蟹味粒0219,非饮料,膨化食品,15.195,6
1,250ml统一麦香奶茶,饮料,茶饮料,20.0,6
2,500ML宝矿力,饮料,功能饮料,38.5,6
1,52g旺旺仙贝,非饮料,膨化食品,27.0,6
2,新麦潮天然酵母面包（良品铺子）,非饮料,饼干糕点,22.0,6
3,250ml维他奶黑豆奶饮品,饮料,植物蛋白,27.0,5
4,合味道（浓猪骨）,非饮料,方便速食,35.0,5
2,怡宝矿泉水,饮料,水,10.0,5
1,370g泰奇八宝粥,非饮料,方便速食,29.0,5
1,阿萨姆煎茶奶绿,饮料,茶饮料,20.0,5
4,和成天下（红）,非饮料,香烟,75.0,5
2,天地一号,饮料,果蔬饮料,25.0,5
1,86g合味道浓猪骨味,非饮料,方便速食,31.0,5
1,37.5g费列罗榛果威化巧克力3颗,非饮料,糖果/巧克力,55.38,5
3,205ml安慕希蓝莓味,饮料,乳制品,29.0,5
4,500ml恒大冰泉矿泉水,饮料,水,17.5,5
2,多芙利香草奶油味蛋糕,非饮料,饼干糕点,30.0,5
1,40g上好佳日式鱼果,非饮料,膨化食品,20.5,5
4,250ml维他椰子味豆奶7716,饮料,植物蛋白,12.5,5
1,250ML东鹏特饮,饮料,功能饮料,19.5,5
2,250ml香满楼纯牛奶,饮料,乳制品,17.5,5
3,145ml旺仔牛奶罐装,饮料,乳制品,18.0,5
1,180ml雀巢咖啡罐装,饮料,咖啡,31.5,5
3,13g雀巢咖啡1+2特浓,饮料,咖啡,25.0,5
1,70g乐事薯片黄瓜味,非饮料,膨化食品,46.5,5
1,500ml农夫果园 (芒果+菠萝+番石榴),饮料,果蔬饮料,28.5,5
1,劲仔小鱼（卤香味）,非饮料,肉干/豆制品/蛋,17.0,5
2,123gUFO炒面XO酱海鲜风味,非饮料,方便速食,31.5,5
4,250ml维他椰子植物蛋白饮料9374,饮料,植物蛋白,20.0,5
1,5片装益达绿箭口香糖,非饮料,糖果/巧克力,10.0,5
1,双汇玉米热狗肠,非饮料,肉干/豆制品/蛋,12.0,5
3,经典奶茶,饮料,茶饮料,18.0,5
3,顺宝九制梅,非饮料,蜜饯/果干,25.0,5
1,无穷烤鸡小腿（蜂蜜）,非饮料,肉干/豆制品/蛋,21.0,5
1,泰奇八宝粥,非饮料,方便速食,35.0,5
1,安慕希酸奶,饮料,乳制品,30.0,5
4,脉动（椰子菠萝口味）,饮料,功能饮料,45.0,5
3,40g卫龙点心面黑椒牛排味,非饮料,肉干/豆制品/蛋,35.0,5
4,维他奶黑豆奶饮品,饮料,植物蛋白,17.5,5
1,手撕素肉排,非饮料,肉干/豆制品/蛋,5.2,5
1,维他奶（巧克力味）,饮料,植物蛋白,21.0,5
3,330ml伊利畅意乳酸菌草莓味,饮料,乳制品,36.0,5
3,汤达人方便面,非饮料,方便速食,21.0,5
1,卫龙亲嘴烧红烧牛肉味,非饮料,肉干/豆制品/蛋,7.5,5
2,乐事薯片（青柠）,非饮料,膨化食品,56.0,5
2,40g上好佳田园薯片番茄味,非饮料,膨化食品,25.0,5
1,咪咪,非饮料,膨化食品,5.0,5
1,诗竹竹纤维面巾纸,非饮料,纸巾,24.0,5
1,威化饼干,非饮料,饼干糕点,17.0,5
3,脉动（椰子菠萝口味）,饮料,功能饮料,35.0,5
2,乐虎（380ml）,饮料,功能饮料,22.0,5
3,107g出前一丁桶面酱香牛肉王,非饮料,方便速食,24.0,4
2,340ml蒙牛优益C乳酸菌,饮料,乳制品,28.0,4
3,安慕希酸奶,饮料,乳制品,18.0,4
1,统一来一桶香辣老坛酸菜牛肉面,非饮料,方便速食,33.0,4
4,40g盼盼手撕面包,非饮料,饼干糕点,10.0,4
1,50g上好佳田园薯片番茄味,非饮料,膨化食品,18.0,4
4,10g越南LIPO奶味面包干0015,非饮料,饼干糕点,3.5,4
3,55g奥利奥迷你杯夹心小饼干杯装原味,非饮料,饼干糕点,22.0,4
1,美汁源果粒橙,饮料,果蔬饮料,16.0,4
3,乐事薯片（青柠）,非饮料,膨化食品,48.0,4
3,味之不规则饼干（芝士味）,非饮料,饼干糕点,40.0,4
1,奥利奥原味芝士,非饮料,饼干糕点,24.0,4
1,188g澳门永辉鸡仔饼,非饮料,饼干糕点,153.0,4
3,越南LIPO奶味面包干100g,非饮料,饼干糕点,32.0,4
2,拿铁咖啡（统一）,饮料,咖啡,22.0,4
3,500ML宝矿力,饮料,功能饮料,21.5,4
4,口味王槟榔（绿色）,非饮料,蜜饯/果干,40.0,4
1,145g果王迷你山楂包装,非饮料,蜜饯/果干,25.5,4
3,和成天下（黄）,非饮料,香烟,40.0,4
1,80g四洲粟一烧烧烤味,非饮料,膨化食品,30.0,4
1,70g乐事薯片原味,非饮料,膨化食品,25.0,4
4,20g咩咩世界虾味条,非饮料,膨化食品,5.6,4
1,乐虎（380ml）,饮料,功能饮料,16.0,4
1,500ML宝矿力,饮料,功能饮料,22.0,4
4,新麦潮手撕面包（提子味）,非饮料,饼干糕点,16.0,4
1,100g果王咸柑桔罐装,非饮料,蜜饯/果干,25.0,4
2,80g盼盼手撕面包,非饮料,饼干糕点,16.0,4
2,迷你纸巾,非饮料,纸巾,4.0,4
3,83g汤达人酸辣豚骨拉面,非饮料,方便速食,26.0,4
2,脉动（椰子菠萝口味）,饮料,功能饮料,40.0,4
3,32g卫龙亲嘴烧川香味,非饮料,肉干/豆制品/蛋,14.4,4
1,劲仔小鱼（麻辣味）,非饮料,肉干/豆制品/蛋,7.5,4
4,20g士力架,非饮料,糖果/巧克力,8.0,4
2,可口可乐330ml（罐）,饮料,碳酸饮料,10.5,4
1,150g健能酸奶原味,饮料,乳制品,15.0,4
1,丽芝士纳宝帝奶酪威化饼干,非饮料,饼干糕点,14.0,4
3,新麦潮北海道吐司,非饮料,饼干糕点,16.0,4
1,40g乐事美国经典原味,非饮料,膨化食品,17.5,4
3,20g咩咩世界虾味条,非饮料,膨化食品,7.2,4
2,维他柠檬茶330ml（罐）,饮料,茶饮料,9.0,3
4,80g盼盼手撕面包,非饮料,饼干糕点,12.0,3
3,50g双层百力滋特浓番茄味,非饮料,饼干糕点,13.5,3
1,40g呀土豆薯片滋香烤鸡味,非饮料,膨化食品,13.5,3
1,12g劲仔小鱼卤香味,非饮料,肉干/豆制品/蛋,4.5,3
2,珠江纯生啤酒,饮料,功能饮料,14.0,3
1,40g呀土豆番茄酱味,非饮料,膨化食品,18.0,3
1,130g果王玉带蚕豆,非饮料,坚果炒货,21.0,3
4,劲仔小鱼,非饮料,肉干/豆制品/蛋,4.5,3
4,新麦潮天然酵母面包（良品铺子）,非饮料,饼干糕点,12.0,3
2,合味道（浓猪骨）,非饮料,方便速食,20.0,3
1,燕塘原味酸奶,饮料,乳制品,13.5,3
4,每日特惠,非饮料,其他,3.0,3
1,205ml安慕希蓝莓味,饮料,乳制品,17.4,3
3,小茗同学冷泡茶（乳酸菌味）,饮料,茶饮料,18.0,3
1,55g奥利奥迷你杯夹心小饼干杯装原味,非饮料,饼干糕点,16.5,3
2,安慕希酸奶,饮料,乳制品,18.0,3
2,威化饼干,非饮料,饼干糕点,10.0,3
1,103g康师傅红烧牛肉面,非饮料,方便速食,16.5,3
3,34g公仔迷你杯风味排骨味,非饮料,方便速食,10.5,3
1,91g徐福记凤梨酥,非饮料,饼干糕点,19.5,3
4,220g宝丰龙龟苓膏绿豆味,非饮料,果冻/龟苓膏,16.0,3
1,鸡爪,非饮料,肉干/豆制品/蛋,6.0,3
4,红利群（硬）,非饮料,香烟,45.0,3
3,20g士力架,非饮料,糖果/巧克力,6.0,3
2,小茗同学（青柠红茶）,饮料,茶饮料,24.0,3
2,小茗同学冷泡茶（乳酸菌味）,饮料,茶饮料,18.0,3
3,可口可乐330ml（罐）,饮料,碳酸饮料,7.5,3
1,雪碧,饮料,碳酸饮料,10.5,3
1,冰红茶（罐）,饮料,茶饮料,7.5,3
3,250ml维他椰子味豆奶7716,饮料,植物蛋白,7.5,3
4,12g劲仔小鱼（香辣味）,非饮料,肉干/豆制品/蛋,7.5,3
1,加多宝,饮料,茶饮料,13.5,3
3,250ml维他椰子植物蛋白饮料9374,饮料,植物蛋白,11.5,3
4,娃哈哈红枣酸奶,饮料,乳制品,10.5,3
2,巧克力奶油味蛋糕,非饮料,饼干糕点,7.0,3
3,拿铁咖啡（统一）,饮料,咖啡,17.0,3
1,70g乐事薯片（黄瓜味）,非饮料,膨化食品,17.5,3
1,80g香飘飘椰果奶茶麦香味,饮料,茶饮料,13.5,3
3,乖媳妇野山椒风爪,非饮料,肉干/豆制品/蛋,11.91,3
4,250ml香满楼纯牛奶,饮料,乳制品,17.5,3
1,可口可乐330ml（罐）,饮料,碳酸饮料,7.5,3
3,多芙利香草奶油味蛋糕,非饮料,饼干糕点,18.0,3
3,50g双层百力滋奶咖味,非饮料,饼干糕点,13.0,3
2,卫龙亲嘴烧麦辣鸡汁味,非饮料,肉干/豆制品/蛋,7.5,3
4,利群（硬）,非饮料,香烟,30.0,2
1,480ml小茗同学冷泡溜溜哒茶,饮料,茶饮料,11.5,2
3,80g盼盼手撕面包,非饮料,饼干糕点,8.0,2
4,小茗同学（青柠红茶）,饮料,茶饮料,12.0,2
2,20g咩咩世界虾味条,非饮料,膨化食品,3.2,2
2,新麦潮手撕面包（提子味）,非饮料,饼干糕点,7.5,2
2,维他奶黑豆奶饮品,饮料,植物蛋白,7.0,2
4,小茗同学冷泡茶（乳酸菌味）,饮料,茶饮料,12.0,2
2,多力多滋（热辣味）,非饮料,膨化食品,15.0,2
1,34g公仔迷你杯风味排骨味,非饮料,方便速食,7.0,2
1,260g马来西亚进口茱蒂丝口口香饼干,非饮料,饼干糕点,54.0,2
1,旺仔牛奶,饮料,乳制品,11.2,2
4,味之不规则饼干（番茄味）,非饮料,饼干糕点,20.0,2
1,百事可乐330ml,饮料,碳酸饮料,5.0,2
1,250ml维他椰子植物蛋白饮料,饮料,植物蛋白,20.0,2
1,250ml维他椰子植物蛋白饮料9374,饮料,植物蛋白,8.0,2
1,123gUFO炒面XO酱海鲜风味,非饮料,方便速食,19.0,2
1,117gUFO炒面铁板色拉鱿鱼风味,非饮料,方便速食,19.5,2
3,合味道（浓猪骨）,非饮料,方便速食,13.0,2
4,劲仔小鱼（香辣味）,非饮料,肉干/豆制品/蛋,3.0,2
3,娃哈哈红枣酸奶,饮料,乳制品,7.0,2
1,燕塘红枣牛奶,饮料,乳制品,9.0,2
2,汤达人方便面,非饮料,方便速食,10.0,2
1,250ml王老吉盒装,饮料,茶饮料,7.5,2
1,迷你纸巾,非饮料,纸巾,2.0,2
3,新麦潮天然酵母面包（良品铺子）,非饮料,饼干糕点,8.0,2
1,83g汤达人酸辣豚骨拉面,非饮料,方便速食,13.0,2
1,220g宝丰龙龟苓膏,非饮料,果冻/龟苓膏,10.0,2
3,500ml恒大冰泉矿泉水,饮料,水,10.0,2
1,维他奶黑豆奶饮品,饮料,植物蛋白,7.0,2
4,340ml蒙牛优益C乳酸菌,饮料,乳制品,14.0,2
1,70g乐事薯片（原味）,非饮料,膨化食品,11.0,2
1,合味道（海鲜风味）,非饮料,方便速食,21.0,2
3,贡美苹果数据线,非饮料,其他,38.0,2
1,180g统一满汉全席台式半筋半肉牛肉面,非饮料,方便速食,99.0,2
2,劲仔小鱼（酱汁味）,非饮料,肉干/豆制品/蛋,3.0,2
1,80g马赛克香蕉片,非饮料,蜜饯/果干,14.0,2
3,40g上好佳田园薯片番茄味,非饮料,膨化食品,9.0,2
3,10g越南LIPO奶味面包干0015,非饮料,饼干糕点,2.5,2
4,220g宝丰龙龟苓膏菊花味,非饮料,果冻/龟苓膏,10.0,2
1,乐虎,饮料,功能饮料,9.5,2
4,20g洽洽每日坚果,非饮料,坚果炒货,16.5,2
3,220g宝丰龙龟苓膏绿豆味,非饮料,果冻/龟苓膏,12.0,2
3,220g宝丰龙龟苓膏菊花味,非饮料,果冻/龟苓膏,15.0,2
1,优益C活菌型乳酸菌饮品,饮料,乳制品,25.9,2
1,韩国海牌海苔,非饮料,海味零食,6.4,2
1,卫龙亲嘴烧麦辣鸡汁味,非饮料,肉干/豆制品/蛋,7.5,2
1,越南LIPO奶味面包干100g,非饮料,饼干糕点,16.0,2
4,10g越南LIPO奶味面包干0046,非饮料,饼干糕点,5.0,2
3,劲仔小鱼（酱汁味）,非饮料,肉干/豆制品/蛋,4.5,2
1,统一阿萨姆奶茶,饮料,茶饮料,11.0,2
2,12g劲仔小鱼（香辣味）,非饮料,肉干/豆制品/蛋,3.0,2
1,500ml统一冰糖雪梨,饮料,果蔬饮料,7.0,2
1,500ml营养快线原味,饮料,乳制品,9.0,2
1,红利群（硬）,非饮料,香烟,30.0,2
1,经典奶茶,饮料,茶饮料,8.0,2
4,70g乐事薯片青柠味,非饮料,膨化食品,13.0,2
3,70g乐事薯片青柠味,非饮料,膨化食品,14.5,2
3,每日特惠,非饮料,其他,2.0,2
4,汤达人桶面,非饮料,方便速食,6.0,2
2,10g越南LIPO奶味面包干0046,非饮料,饼干糕点,4.0,2
4,75g达利园柠檬蛋糕,非饮料,饼干糕点,9.0,2
2,40g盼盼手撕面包,非饮料,饼干糕点,4.0,2
2,10g越南LIPO奶味面包干0015,非饮料,饼干糕点,57.5,2
2,口味王槟榔（绿色）,非饮料,蜜饯/果干,20.0,2
3,78g卫龙亲语,非饮料,肉干/豆制品/蛋,9.0,2
1,48g好丽友薯愿香烤原味,非饮料,膨化食品,10.0,2
3,10g越南LIPO奶味面包干,非饮料,饼干糕点,2.0,2
2,65g格力高百力滋饼干巧克力味,非饮料,饼干糕点,5.5,1
1,150抽诗竹竹纤维面巾纸,非饮料,纸巾,4.8,1
2,和成天下（红）,非饮料,香烟,15.0,1
2,咪咪,非饮料,膨化食品,1.0,1
2,40g上好佳田园薯片,非饮料,膨化食品,4.5,1
1,10g越南LIPO奶味面包干0015,非饮料,饼干糕点,2.0,1
4,越南LIPO奶味面包干10g,非饮料,饼干糕点,2.0,1
1,107g出前一丁桶面酱香牛肉王,非饮料,方便速食,6.0,1
1,120g达利园蔓越莓提子面包,非饮料,饼干糕点,6.0,1
4,康师傅拉面(袋),非饮料,方便速食,2.0,1
1,14g德芙巧克力,非饮料,糖果/巧克力,2.5,1
1,10g越南LIPO奶味面包干,非饮料,饼干糕点,2.0,1
2,劲仔小鱼（香辣味）,非饮料,肉干/豆制品/蛋,1.5,1
4,汤达人方便面,非饮料,方便速食,5.0,1
2,330ml伊利畅意乳酸菌草莓味,饮料,乳制品,6.0,1
1,145ml旺仔牛奶罐装,饮料,乳制品,3.0,1
2,上好佳洋葱圈,非饮料,膨化食品,4.0,1
2,70g乐事薯片青柠味,非饮料,膨化食品,6.5,1
3,劲仔小鱼,非饮料,肉干/豆制品/蛋,1.5,1
4,威化饼干,非饮料,饼干糕点,4.0,1
1,盼盼手撕面包,非饮料,饼干糕点,4.0,1
3,珠江纯生啤酒,饮料,功能饮料,4.0,1
3,56g益达无糖口香糖,非饮料,糖果/巧克力,13.0,1
3,立体声耳机（象牙白）,非饮料,其他,12.0,1
3,红利群（硬）,非饮料,香烟,15.0,1
1,多芙利香草奶油味蛋糕,非饮料,饼干糕点,6.0,1
1,四洲粟一烧烧烤味,非饮料,膨化食品,9.0,1
3,维他奶黑豆奶饮品,饮料,植物蛋白,3.5,1
1,和成天下（黄）,非饮料,香烟,10.0,1
3,500ml统一冰糖雪梨,饮料,果蔬饮料,3.5,1
1,和成天下（红）,非饮料,香烟,15.0,1
1,味之不规则饼干（芝士味）,非饮料,饼干糕点,10.0,1
3,贡美忆江南充电宝5000mAh,非饮料,其他,58.0,1
1,可乐（500ml）,饮料,碳酸饮料,3.0,1
3,340ml蒙牛优益C乳酸菌,饮料,乳制品,7.0,1
1,劲仔小鱼,非饮料,肉干/豆制品/蛋,1.5,1
1,钙芝奶酪味高钙威化饼干,非饮料,饼干糕点,1.5,1
3,250ml香满楼纯牛奶,饮料,乳制品,3.5,1
1,小茗同学,饮料,茶饮料,5.0,1
1,益力多100g*5瓶,饮料,乳制品,16.0,1
1,顺宝九制梅,非饮料,蜜饯/果干,5.0,1
3,75g达利园柠檬蛋糕,非饮料,饼干糕点,4.5,1
3,利群（硬）,非饮料,香烟,15.0,1
1,旺仔牛奶145ml,饮料,乳制品,3.0,1
1,汤达人桶面,非饮料,方便速食,3.0,1
3,口味王槟榔（绿色）,非饮料,蜜饯/果干,10.0,1
1,日式鱼果,非饮料,膨化食品,4.0,1
3,可乐（500ml）,饮料,碳酸饮料,3.0,1
1,新麦潮天然酵母面包,非饮料,饼干糕点,4.0,1
3,味之不规则饼干（番茄味）,非饮料,饼干糕点,10.0,1
3,多力多滋（热辣味）,非饮料,膨化食品,30.0,1
3,天地一号,饮料,果蔬饮料,5.0,1
1,燕塘甜牛奶,饮料,乳制品,4.5,1
3,威化饼干,非饮料,饼干糕点,3.0,1
3,小茗同学（青柠红茶）,饮料,茶饮料,4.5,1
2,58.5g钙芝奶酪味高钙威化饼干,非饮料,饼干糕点,3.0,1
1,珠江纯生啤酒,饮料,功能饮料,4.0,1
3,巧克力奶油味蛋糕,非饮料,饼干糕点,21.0,1
1,小茗同学冷泡茶（乳酸菌味）,饮料,茶饮料,5.5,1
1,健能酸奶,饮料,乳制品,4.0,1
1,乖媳妇野山椒风爪,非饮料,肉干/豆制品/蛋,3.5,1
1,250ml维他奶黑豆奶饮品,饮料,植物蛋白,3.0,1
2,13g雀巢咖啡1+2特浓,饮料,咖啡,2.5,1
4,80g粤光宝盒芒果干,非饮料,蜜饯/果干,11.0,1
2,经典奶茶,饮料,茶饮料,4.0,1
4,90g顺宝九制杨梅,非饮料,蜜饯/果干,5.0,1
2,20g士力架,非饮料,糖果/巧克力,2.0,1
1,40g卫龙点心面黑椒牛排味,非饮料,肉干/豆制品/蛋,7.0,1
1,40g乐事薯片墨西哥鸡汁番茄味,非饮料,膨化食品,7.0,1
1,40g上好佳田园薯片番茄味,非饮料,膨化食品,9.0,1
2,220g宝丰龙龟苓膏绿豆味,非饮料,果冻/龟苓膏,4.0,1
1,40g上好佳田园薯片,非饮料,膨化食品,4.5,1
2,每日特惠,非饮料,其他,3.0,1
2,无穷烤鸡小腿,非饮料,肉干/豆制品/蛋,3.0,1
4,劲仔小鱼（酱汁味）,非饮料,肉干/豆制品/蛋,3.0,1
1,34g公仔迷你杯牛肉味,非饮料,方便速食,3.5,1
2,康师傅拉面(袋),非饮料,方便速食,5.0,1
4,味之不规则饼干（韩国泡菜味）,非饮料,膨化食品,10.0,1
2,250ml维他椰子植物蛋白饮料9374,饮料,植物蛋白,4.0,1
4,商品36,非饮料,其他,4.0,1
2,14g德芙巧克力,非饮料,糖果/巧克力,2.5,1
1,500ml康师傅冰糖雪梨,饮料,果蔬饮料,3.0,1
1,上好佳田园薯片,非饮料,膨化食品,4.0,1
1,500ml恒大冰泉矿泉水,饮料,水,5.0,1
3,200g喜之郎/什锦果肉,非饮料,果冻/龟苓膏,5.0,1
3,182g徐福记凤梨酥,非饮料,饼干糕点,13.0,1
1,100g卫龙点心面黑椒牛排味,非饮料,肉干/豆制品/蛋,5.8,1
1,80g香飘飘椰果奶茶原味,饮料,茶饮料,4.5,1
3,14g德芙巧克力,非饮料,糖果/巧克力,2.5,1
4,330ml伊利畅意乳酸菌草莓味,饮料,乳制品,6.0,1
2,100g越南LIPO奶味面包干,非饮料,饼干糕点,8.0,1
3,12g劲仔小鱼（香辣味）,非饮料,肉干/豆制品/蛋,1.5,1
3,123gUFO炒面XO酱海鲜风味,非饮料,方便速食,6.5,1
1,56g益达无糖口香糖,非饮料,糖果/巧克力,13.0,1
1,50g马赛克手撕鱿鱼条,非饮料,海味零食,9.0,1
1,50g双层百力滋特浓番茄味,非饮料,饼干糕点,4.5,1
3,100g越南LIPO奶味面包干,非饮料,饼干糕点,8.0,1
1,50g双层百力滋奶咖味,非饮料,饼干糕点,4.5,1
4,58.5g钙芝奶酪味高钙威化饼干,非饮料,饼干糕点,3.0,1
4,60g湖湘贡手撕鸭脖原味,非饮料,肉干/豆制品/蛋,6.0,1
4,60g溜溜九制梅,非饮料,蜜饯/果干,5.5,1
1,巧克力奶油味蛋糕,非饮料,饼干糕点,12.0,1
