季节（B）,商品,大类,二级类,销售额,订单量
4,怡宝纯净水,饮料,水,1739.0,683
3,怡宝纯净水,饮料,水,807.0,316
2,怡宝纯净水,饮料,水,696.5,251
4,阿萨姆奶茶,饮料,茶饮料,1051.0,251
4,东鹏特饮,饮料,功能饮料,868.0,247
4,营养快线,饮料,乳制品,887.0,206
4,脉动,饮料,功能饮料,877.0,202
4,统一冰红茶,饮料,茶饮料,561.0,168
4,王老吉（500ml）,饮料,茶饮料,680.0,153
4,统一绿茶,饮料,茶饮料,423.5,133
4,果粒橙,饮料,果蔬饮料,451.0,124
3,阿萨姆奶茶,饮料,茶饮料,504.5,119
3,东鹏特饮,饮料,功能饮料,392.5,112
3,营养快线,饮料,乳制品,465.0,109
4,可口可乐330ml,饮料,碳酸饮料,312.5,106
2,30g无穷农场盐_鸡蛋,非饮料,肉干/豆制品/蛋,343.0,103
3,脉动,饮料,功能饮料,438.0,102
2,250ml维他柠檬茶,饮料,茶饮料,346.0,101
2,脉动,饮料,功能饮料,445.5,100
4,鸭翅,非饮料,肉干/豆制品/蛋,176.5,100
4,卫龙大面筋,非饮料,肉干/豆制品/蛋,297.5,99
4,芬达330ml,饮料,碳酸饮料,302.0,98
4,250ml维他原味豆奶,饮料,植物蛋白,324.8,98
4,香豆干,非饮料,肉干/豆制品/蛋,104.5,97
4,伊利优酸乳,饮料,乳制品,259.5,92
1,怡宝纯净水,饮料,水,236.0,92
4,红牛,饮料,功能饮料,541.0,89
4,伊利纯牛奶,饮料,乳制品,267.5,89
4,王老吉（罐）,饮料,茶饮料,328.0,88
2,40g双汇玉米热狗肠,非饮料,肉干/豆制品/蛋,193.5,88
4,30g无穷农场盐_鸡蛋,非饮料,肉干/豆制品/蛋,305.5,87
2,250ml维他原味豆奶,饮料,植物蛋白,259.2,85
4,145ml旺仔牛奶盒装,饮料,乳制品,302.0,82
3,王老吉（500ml）,饮料,茶饮料,355.0,81
3,统一冰红茶,饮料,茶饮料,271.5,81
4,小鱼仔,非饮料,海味零食,90.5,77
4,250ml维他柠檬茶,饮料,茶饮料,268.5,76
2,东鹏特饮,饮料,功能饮料,267.0,76
4,13g无穷烤鸡小腿蜂蜜味,非饮料,肉干/豆制品/蛋,303.0,74
2,营养快线,饮料,乳制品,324.0,73
4,20g咪咪虾条马来西亚风味,非饮料,膨化食品,149.6,72
4,雪碧（500ml）,饮料,碳酸饮料,247.0,72
4,40g双汇玉米热狗肠,非饮料,肉干/豆制品/蛋,157.5,68
4,雪碧最新款,饮料,碳酸饮料,201.5,65
2,统一冰红茶,饮料,茶饮料,221.5,65
4,银鹭八宝粥,饮料,方便速食,256.0,64
3,香豆干,非饮料,肉干/豆制品/蛋,66.5,62
4,可口可乐最新款,饮料,碳酸饮料,185.5,62
3,可口可乐330ml,饮料,碳酸饮料,176.0,62
4,250ml燕塘甜牛奶,饮料,乳制品,267.5,61
4,250ml燕塘原味酸奶,饮料,乳制品,292.0,60
2,145ml旺仔牛奶盒装,饮料,乳制品,196.5,60
3,红牛,饮料,功能饮料,364.5,60
4,百事可乐500ml,饮料,碳酸饮料,174.0,58
4,雪碧330ml,饮料,碳酸饮料,163.5,57
4,250ml燕塘红枣牛奶,饮料,乳制品,266.0,57
2,王老吉（500ml）,饮料,茶饮料,261.5,57
3,果粒橙,饮料,果蔬饮料,204.0,56
4,86g合味道海鲜风味,非饮料,方便速食,351.0,55
2,阿萨姆奶茶,饮料,茶饮料,238.0,55
2,85g新麦潮北海道吐司,非饮料,饼干糕点,171.5,55
3,芬达330ml,饮料,碳酸饮料,170.0,55
3,鸭翅,非饮料,肉干/豆制品/蛋,92.5,53
1,东鹏特饮,饮料,功能饮料,187.5,53
2,13g无穷烤鸡小腿蜂蜜味,非饮料,肉干/豆制品/蛋,213.5,52
4,维他奶,饮料,植物蛋白,146.5,52
2,王老吉（罐）,饮料,茶饮料,194.0,51
4,口味王槟榔（绿）,非饮料,蜜饯/果干,510.0,51
3,卫龙大面筋,非饮料,肉干/豆制品/蛋,150.0,50
3,250ml维他柠檬茶,饮料,茶饮料,181.0,49
2,85g新麦潮手撕面包（提子味）,非饮料,饼干糕点,142.5,47
3,伊利纯牛奶,饮料,乳制品,139.5,47
3,王老吉（罐）,饮料,茶饮料,179.0,47
4,熊字饼,非饮料,饼干糕点,143.5,46
4,85g新麦潮手撕面包（提子味）,非饮料,饼干糕点,167.5,46
2,果粒橙,饮料,果蔬饮料,177.0,46
4,维他柠檬茶,饮料,茶饮料,138.5,45
2,20g咪咪虾条马来西亚风味,非饮料,膨化食品,84.4,45
3,伊利优酸乳,饮料,乳制品,120.0,44
4,250ml维他奶巧克力味,饮料,植物蛋白,140.8,44
4,250ml红牛,饮料,功能饮料,331.5,42
2,85g统一老坛酸菜牛肉面,非饮料,方便速食,230.5,42
4,85g统一老坛酸菜牛肉面,非饮料,方便速食,208.5,42
3,小鱼仔,非饮料,海味零食,50.0,42
4,85g新麦潮北海道吐司,非饮料,饼干糕点,138.0,41
3,熊字饼,非饮料,饼干糕点,127.0,40
3,13g无穷烤鸡小腿蜂蜜味,非饮料,肉干/豆制品/蛋,135.5,40
4,268ml雀巢咖啡丝滑拿铁,饮料,咖啡,307.5,40
2,12g劲仔小鱼麻辣味,非饮料,肉干/豆制品/蛋,95.0,39
2,330ml伊利畅意乳酸菌原味,饮料,乳制品,278.5,39
3,30g无穷农场盐_鸡蛋,非饮料,肉干/豆制品/蛋,144.5,38
4,450ml美汁源果粒橙,饮料,果蔬饮料,182.0,38
2,600ml可口可乐,饮料,碳酸饮料,133.5,38
4,600ml可口可乐,饮料,碳酸饮料,138.0,38
2,250ml燕塘甜牛奶,饮料,乳制品,163.0,38
3,250ml维他原味豆奶,饮料,植物蛋白,121.0,37
1,营养快线,饮料,乳制品,154.0,37
2,鸭翅,非饮料,肉干/豆制品/蛋,63.0,36
2,芬达330ml,饮料,碳酸饮料,112.0,36
4,330ml伊利畅意乳酸菌原味,饮料,乳制品,260.5,36
2,32g卫龙亲嘴烧,非饮料,肉干/豆制品/蛋,91.8,36
3,统一绿茶,饮料,茶饮料,113.0,35
2,86g合味道海鲜风味,非饮料,方便速食,248.5,35
4,12g劲仔小鱼麻辣味,非饮料,肉干/豆制品/蛋,91.2,34
4,冰糖雪梨,饮料,果蔬饮料,118.5,34
2,250ml燕塘红枣牛奶,饮料,乳制品,186.5,33
2,250ml燕塘原味酸奶,饮料,乳制品,155.0,33
2,统一绿茶,饮料,茶饮料,108.0,33
2,58g丽芝士纳宝帝奶酪威化饼干,非饮料,饼干糕点,108.5,33
3,雪碧最新款,饮料,碳酸饮料,101.0,33
3,雪碧（500ml）,饮料,碳酸饮料,109.0,33
3,百事可乐500ml,饮料,碳酸饮料,99.0,33
2,卫龙大面筋,非饮料,肉干/豆制品/蛋,99.5,33
2,250ml红牛,饮料,功能饮料,286.0,32
2,红牛,饮料,功能饮料,194.0,32
2,可口可乐330ml,饮料,碳酸饮料,100.0,32
1,阿萨姆奶茶,饮料,茶饮料,137.5,32
2,伊利纯牛奶,饮料,乳制品,99.5,32
3,口味王槟榔（绿）,非饮料,蜜饯/果干,310.0,31
4,500ml统一阿萨姆奶茶,饮料,茶饮料,176.5,30
4,可口可乐（500ml）,饮料,碳酸饮料,92.0,29
2,伊利优酸乳,饮料,乳制品,74.5,29
4,2g韩国海牌海苔,非饮料,海味零食,67.4,29
2,450ml美汁源果粒橙,饮料,果蔬饮料,122.0,29
2,430g泰奇八宝粥,非饮料,方便速食,190.0,29
3,250ml燕塘原味酸奶,饮料,乳制品,140.5,29
2,78g卫龙亲嘴语辣条,非饮料,肉干/豆制品/蛋,139.5,29
4,205g伊利安慕希原味,饮料,乳制品,191.0,29
2,268ml雀巢咖啡丝滑拿铁,饮料,咖啡,168.0,28
4,78g卫龙亲嘴语辣条,非饮料,肉干/豆制品/蛋,135.0,28
3,145ml旺仔牛奶盒装,饮料,乳制品,113.0,28
2,250ml维他奶巧克力味,饮料,植物蛋白,83.3,28
4,70g乖媳妇野山泡椒凤爪,非饮料,肉干/豆制品/蛋,112.0,28
1,脉动,饮料,功能饮料,111.5,27
3,银鹭八宝粥,饮料,方便速食,107.5,27
4,430g泰奇八宝粥,非饮料,方便速食,166.0,27
3,40g双汇玉米热狗肠,非饮料,肉干/豆制品/蛋,51.5,27
2,雪碧最新款,饮料,碳酸饮料,79.0,26
3,268ml雀巢咖啡丝滑拿铁,饮料,咖啡,187.0,26
3,可口可乐最新款,饮料,碳酸饮料,77.5,26
2,500ml统一阿萨姆奶茶,饮料,茶饮料,140.0,26
4,香脆肠,非饮料,肉干/豆制品/蛋,33.0,25
2,205g伊利安慕希原味,饮料,乳制品,208.5,25
2,75g新麦潮天然酵母面包（北海道牛奶风味）,非饮料,饼干糕点,75.0,24
3,250ml红牛,饮料,功能饮料,200.0,24
3,250ml燕塘甜牛奶,饮料,乳制品,113.0,24
4,32g卫龙亲嘴烧,非饮料,肉干/豆制品/蛋,73.8,24
2,55g奥利奥原味芝士饼干,非饮料,饼干糕点,88.5,24
2,32g卫龙亲嘴烧红烧牛肉味,非饮料,肉干/豆制品/蛋,52.2,24
2,2g韩国海牌海苔,非饮料,海味零食,51.6,23
4,芙蓉王,非饮料,香烟,575.0,23
4,10g卫龙亲嘴烧香辣味,非饮料,肉干/豆制品/蛋,47.1,23
2,45g双汇泡面拍挡,非饮料,肉干/豆制品/蛋,37.5,23
3,10g卫龙亲嘴烧香辣味,非饮料,肉干/豆制品/蛋,26.1,22
3,20g咪咪虾条马来西亚风味,非饮料,膨化食品,45.28,22
3,冰糖雪梨,饮料,果蔬饮料,74.0,22
2,70g乖媳妇野山泡椒凤爪,非饮料,肉干/豆制品/蛋,76.5,22
4,85g嘉士利果乐果香夹心饼干蓝莓味,非饮料,饼干糕点,99.0,22
3,430g泰奇八宝粥,非饮料,方便速食,136.0,22
3,雪碧330ml,饮料,碳酸饮料,59.5,21
4,75g新麦潮天然酵母面包（北海道牛奶风味）,非饮料,饼干糕点,58.0,21
2,银鹭八宝粥,饮料,方便速食,85.0,21
2,小鱼仔,非饮料,海味零食,24.5,21
2,可口可乐（500ml）,饮料,碳酸饮料,67.5,21
3,12g劲仔小鱼麻辣味,非饮料,肉干/豆制品/蛋,51.4,21
2,雪碧（500ml）,饮料,碳酸饮料,70.0,20
4,150g健能酸奶原味,饮料,乳制品,149.0,20
4,600ml雪碧,饮料,碳酸饮料,60.0,20
1,统一冰红茶,饮料,茶饮料,62.5,20
4,480ml小茗同学冷泡青柠红茶,饮料,茶饮料,126.5,20
3,怡宝,饮料,水,60.0,20
3,250ml燕塘红枣牛奶,饮料,乳制品,93.5,20
3,32g卫龙亲嘴烧,非饮料,肉干/豆制品/蛋,52.2,19
1,果粒橙,饮料,果蔬饮料,68.0,19
1,王老吉（500ml）,饮料,茶饮料,83.0,19
3,维他奶,饮料,植物蛋白,53.5,19
4,32g卫龙亲嘴烧红烧牛肉味,非饮料,肉干/豆制品/蛋,43.2,18
4,160g盼盼手撕面包,非饮料,饼干糕点,127.0,18
2,熊字饼,非饮料,饼干糕点,62.5,18
1,香豆干,非饮料,肉干/豆制品/蛋,20.5,18
2,维他奶,饮料,植物蛋白,51.5,18
3,维他柠檬茶,饮料,茶饮料,50.0,17
1,红牛,饮料,功能饮料,102.0,17
2,600ml雪碧,饮料,碳酸饮料,42.7,17
4,58g丽芝士纳宝帝奶酪威化饼干,非饮料,饼干糕点,65.0,17
4,148g富甲一方紫薯仔,非饮料,蜜饯/果干,117.0,17
2,91g徐福记凤梨酥,非饮料,饼干糕点,110.5,17
4,45g双汇泡面拍挡,非饮料,肉干/豆制品/蛋,26.5,17
2,香豆干,非饮料,肉干/豆制品/蛋,20.5,17
4,茉莉蜜茶,饮料,茶饮料,51.5,17
2,可口可乐最新款,饮料,碳酸饮料,49.5,17
3,500ml统一阿萨姆奶茶,饮料,茶饮料,86.5,17
2,雪碧330ml,饮料,碳酸饮料,49.5,16
1,香脆肠,非饮料,肉干/豆制品/蛋,21.5,16
3,芙蓉王,非饮料,香烟,400.0,16
3,香脆肠,非饮料,肉干/豆制品/蛋,22.0,16
4,52g旺旺仙贝,非饮料,膨化食品,76.5,16
4,600ml脉动青柠,饮料,功能饮料,79.5,16
4,20g马来西亚风味咪咪蟹味粒0219,非饮料,膨化食品,31.0,15
3,100g*5瓶益力多,饮料,乳制品,197.0,15
3,好吃点小饼干,非饮料,饼干糕点,15.0,15
3,250ml维他奶巧克力味,饮料,植物蛋白,57.5,15
4,100g*5瓶益力多,饮料,乳制品,273.5,15
3,75g新麦潮天然酵母面包（北海道牛奶风味）,非饮料,饼干糕点,40.0,15
4,雀巢咖啡,饮料,咖啡,102.0,15
4,口味王槟榔（红）,非饮料,蜜饯/果干,225.0,15
4,68g好丽友巧克力派2枚,非饮料,饼干糕点,71.0,15
3,450ml美汁源果粒橙,饮料,果蔬饮料,65.0,15
1,雪碧最新款,饮料,碳酸饮料,46.5,15
1,鸭翅,非饮料,肉干/豆制品/蛋,25.5,15
1,王老吉（罐）,饮料,茶饮料,55.5,15
2,10g卫龙亲嘴烧香辣味,非饮料,肉干/豆制品/蛋,18.4,15
3,600ml脉动青柠,饮料,功能饮料,72.5,14
3,雀巢咖啡,饮料,咖啡,94.5,14
1,30g无穷农场盐_鸡蛋,非饮料,肉干/豆制品/蛋,34.5,14
4,50g上好佳田园薯片番茄味,非饮料,膨化食品,62.0,14
2,480ml小茗同学冷泡青柠红茶,饮料,茶饮料,70.0,14
4,65g卫龙亲嘴豆皮,非饮料,肉干/豆制品/蛋,63.0,14
2,150g健能酸奶原味,饮料,乳制品,93.0,14
4,咪咪虾条马来西亚风味,非饮料,膨化食品,23.8,14
2,85g嘉士利果乐果香夹心饼干蓝莓味,非饮料,饼干糕点,63.0,14
4,110g顺宝九制话梅,非饮料,蜜饯/果干,70.2,14
3,85g新麦潮北海道吐司,非饮料,饼干糕点,42.5,14
3,85g新麦潮手撕面包（提子味）,非饮料,饼干糕点,49.5,14
1,伊利优酸乳,饮料,乳制品,37.0,14
2,160g盼盼手撕面包,非饮料,饼干糕点,84.0,13
4,500ml加多宝,饮料,茶饮料,88.0,13
3,印尼芝士威化饼干,非饮料,饼干糕点,39.0,13
4,咪咪,非饮料,膨化食品,14.0,13
3,85g统一老坛酸菜牛肉面,非饮料,方便速食,66.5,13
2,110g顺宝九制话梅,非饮料,蜜饯/果干,61.8,13
4,250ML东鹏特饮,饮料,功能饮料,63.5,13
1,怡宝,饮料,水,38.0,13
2,无穷烤鸡小腿（蜂蜜）,非饮料,肉干/豆制品/蛋,39.0,13
2,80g四洲粟一烧烧烤味,非饮料,膨化食品,99.0,13
3,86g合味道海鲜风味,非饮料,方便速食,88.5,13
2,40g呀土豆番茄酱味,非饮料,膨化食品,57.0,12
1,雪碧（500ml）,饮料,碳酸饮料,42.5,12
2,维他柠檬茶,饮料,茶饮料,37.0,12
4,55g奥利奥原味芝士饼干,非饮料,饼干糕点,46.5,12
1,可口可乐330ml,饮料,碳酸饮料,34.0,12
3,600ml雪碧,饮料,碳酸饮料,34.1,12
4,40g呀土豆薯片滋香烤鸡味,非饮料,膨化食品,58.5,12
2,100g*5瓶益力多,饮料,乳制品,262.5,12
3,45g双汇泡面拍挡,非饮料,肉干/豆制品/蛋,25.0,12
3,330ml伊利畅意乳酸菌原味,饮料,乳制品,63.5,11
3,500ml加多宝,饮料,茶饮料,44.0,11
3,58g丽芝士纳宝帝奶酪威化饼干,非饮料,饼干糕点,42.0,11
2,250ML东鹏特饮,饮料,功能饮料,81.0,11
4,凤爪,非饮料,肉干/豆制品/蛋,21.0,11
3,160g盼盼手撕面包,非饮料,饼干糕点,74.0,11
3,85g嘉士利果乐果香夹心饼干蓝莓味,非饮料,饼干糕点,54.0,11
2,68g好丽友巧克力派2枚,非饮料,饼干糕点,58.5,11
2,500ml加多宝,饮料,茶饮料,58.5,11
2,50g上好佳田园薯片番茄味,非饮料,膨化食品,50.5,11
1,卫龙大面筋,非饮料,肉干/豆制品/蛋,34.0,11
4,40g乐事美国经典原味,非饮料,膨化食品,58.5,11
1,可口可乐最新款,饮料,碳酸饮料,33.0,11
1,250ml维他柠檬茶,饮料,茶饮料,31.5,10
2,40g上好佳日式鱼果,非饮料,膨化食品,43.5,10
4,双汇玉米热狗肠,非饮料,肉干/豆制品/蛋,22.0,10
2,250ml维他奶低糖原味,饮料,植物蛋白,36.0,10
3,205g伊利安慕希原味,饮料,乳制品,60.5,10
4,70g乐事薯片黄瓜味,非饮料,膨化食品,61.5,10
4,好吃点小饼干,非饮料,饼干糕点,10.0,10
4,80g四洲粟一烧烧烤味,非饮料,膨化食品,84.0,10
1,40g双汇玉米热狗肠,非饮料,肉干/豆制品/蛋,21.0,10
4,91g徐福记凤梨酥,非饮料,饼干糕点,65.0,10
3,70g乖媳妇野山泡椒凤爪,非饮料,肉干/豆制品/蛋,32.0,10
2,52g旺旺仙贝,非饮料,膨化食品,45.0,10
2,20g马来西亚风味咪咪蟹味粒0219,非饮料,膨化食品,19.0,10
2,40g呀土豆薯片滋香烤鸡味,非饮料,膨化食品,49.5,10
2,70g乐事薯片黄瓜味,非饮料,膨化食品,61.4,10
4,250ml王老吉盒装,饮料,茶饮料,32.5,10
1,85g新麦潮北海道吐司,非饮料,饼干糕点,30.0,10
1,20g咪咪虾条马来西亚风味,非饮料,膨化食品,18.8,10
1,85g新麦潮手撕面包（提子味）,非饮料,饼干糕点,40.5,10
2,65g卫龙亲嘴豆皮,非饮料,肉干/豆制品/蛋,45.0,10
4,180ml雀巢咖啡罐装,饮料,咖啡,81.0,9
2,茉莉蜜茶,饮料,茶饮料,28.5,9
4,500ml农夫果园 (芒果+菠萝+番石榴),饮料,果蔬饮料,47.0,9
2,百事可乐500ml,饮料,碳酸饮料,27.5,9
4,阿萨姆煎茶奶绿,饮料,茶饮料,36.0,9
1,芬达330ml,饮料,碳酸饮料,28.5,9
2,250ml王老吉盒装,饮料,茶饮料,30.0,9
2,口味王槟榔（绿）,非饮料,蜜饯/果干,90.0,9
3,康师傅矿泉水,饮料,水,11.4,9
4,225g味之不规则饼干芝士味,非饮料,饼干糕点,80.5,9
3,2g韩国海牌海苔,非饮料,海味零食,17.3,9
2,55g奥利奥原味夹心饼干,非饮料,饼干糕点,53.5,9
2,40g乐事美国经典原味,非饮料,膨化食品,40.0,9
1,雪碧330ml,饮料,碳酸饮料,26.0,9
2,40g乐事薯片黄瓜味,非饮料,膨化食品,45.0,9
4,30g元朗小蛋卷,非饮料,饼干糕点,25.0,9
4,40g乐事薯片黄瓜味,非饮料,膨化食品,44.5,9
3,78g卫龙亲嘴语辣条,非饮料,肉干/豆制品/蛋,39.5,9
3,双汇玉米热狗肠,非饮料,肉干/豆制品/蛋,22.0,9
2,600ml脉动青柠,饮料,功能饮料,36.5,8
3,110g顺宝九制话梅,非饮料,蜜饯/果干,42.6,8
1,熊字饼,非饮料,饼干糕点,27.0,8
2,180ml雀巢咖啡罐装,饮料,咖啡,45.0,8
3,148g富甲一方紫薯仔,非饮料,蜜饯/果干,58.5,8
2,印尼芝士威化饼干,非饮料,饼干糕点,25.0,8
1,250ml燕塘原味酸奶,饮料,乳制品,35.0,8
1,银鹭八宝粥,饮料,方便速食,31.5,8
1,统一绿茶,饮料,茶饮料,26.0,8
4,丽芝士纳宝帝奶酪威化饼干,非饮料,饼干糕点,28.0,8
2,148g富甲一方紫薯仔,非饮料,蜜饯/果干,52.0,8
4,维他原味豆奶,饮料,植物蛋白,28.0,8
3,椰树牌椰汁,饮料,植物蛋白,36.0,8
3,70g乐事薯片黄瓜味,非饮料,膨化食品,54.0,8
3,600ml可口可乐,饮料,碳酸饮料,30.5,8
4,32g卫龙亲嘴烧川香味,非饮料,肉干/豆制品/蛋,23.39,8
1,250ml维他原味豆奶,饮料,植物蛋白,27.5,8
4,145g果王迷你山楂包装,非饮料,蜜饯/果干,53.5,8
4,500ml营养快线原味,饮料,乳制品,40.5,8
2,咪咪虾条马来西亚风味,非饮料,膨化食品,9.6,8
4,12g劲仔小鱼卤香味,非饮料,肉干/豆制品/蛋,18.0,8
1,250ml维他奶巧克力味,饮料,植物蛋白,23.5,8
4,经典奶茶,饮料,茶饮料,28.0,8
4,手撕素肉排,非饮料,肉干/豆制品/蛋,7.5,7
4,70g乐事薯片（黄瓜味）,非饮料,膨化食品,40.5,7
4,370g泰奇八宝粥,非饮料,方便速食,60.0,7
2,48g好丽友薯愿香烤原味,非饮料,膨化食品,35.0,7
4,迷你纸巾,非饮料,纸巾,7.0,7
4,天地一号,饮料,果蔬饮料,33.5,7
4,美年达（罐）,饮料,碳酸饮料,19.0,7
2,500ml农夫果园 (芒果+菠萝+番石榴),饮料,果蔬饮料,32.5,7
4,48g好丽友薯愿香烤原味,非饮料,膨化食品,35.0,7
3,500ml农夫果园 (芒果+菠萝+番石榴),饮料,果蔬饮料,35.5,7
4,150g洽洽原香瓜子,非饮料,坚果炒货,45.0,7
4,260g马来西亚进口茱蒂丝口口香饼干,非饮料,饼干糕点,324.0,7
2,30g元朗小蛋卷,非饮料,饼干糕点,17.5,7
4,可乐可乐,饮料,碳酸饮料,38.5,7
3,55g奥利奥原味芝士饼干,非饮料,饼干糕点,29.5,7
3,68g好丽友巧克力派2枚,非饮料,饼干糕点,31.5,7
4,印尼芝士威化饼干,非饮料,饼干糕点,21.0,7
2,尖叫,饮料,功能饮料,29.0,7
1,伊利纯牛奶,饮料,乳制品,23.0,7
4,250ml维他奶低糖原味,饮料,植物蛋白,27.0,7
3,91g徐福记凤梨酥,非饮料,饼干糕点,45.5,7
3,上好佳田园薯片,非饮料,膨化食品,28.5,7
2,好吃点小饼干,非饮料,饼干糕点,7.0,7
4,220g宝丰龙龟苓膏,非饮料,果冻/龟苓膏,32.0,7
2,口味王槟榔（红）,非饮料,蜜饯/果干,105.0,7
4,湘潭铺子(羽泉版),非饮料,蜜饯/果干,70.0,7
4,无穷烤鸡小腿（蜂蜜）,非饮料,肉干/豆制品/蛋,57.0,7
4,泰奇八宝粥,非饮料,方便速食,47.5,7
3,150g洽洽原香瓜子,非饮料,坚果炒货,43.5,7
4,34g公仔迷你杯牛肉味,非饮料,方便速食,26.5,7
4,无穷农场盐_鸡蛋,非饮料,肉干/豆制品/蛋,26.0,7
1,250ml燕塘甜牛奶,饮料,乳制品,30.5,7
2,260g马来西亚进口茱蒂丝口口香饼干,非饮料,饼干糕点,198.0,7
2,80g香飘飘椰果奶茶原味,饮料,茶饮料,31.5,6
4,40g呀土豆番茄酱味,非饮料,膨化食品,27.0,6
3,80g四洲粟一烧烧烤味,非饮料,膨化食品,46.0,6
3,口味王槟榔（红）,非饮料,蜜饯/果干,90.0,6
2,370g泰奇八宝粥,非饮料,方便速食,36.0,6
1,小鱼仔,非饮料,海味零食,7.0,6
1,75g新麦潮天然酵母面包（北海道牛奶风味）,非饮料,饼干糕点,15.5,6
2,250ml统一麦香奶茶,饮料,茶饮料,15.0,6
4,益力多100g*5瓶,饮料,乳制品,69.0,6
4,80g香飘飘椰果奶茶原味,饮料,茶饮料,27.0,6
4,燕塘甜牛奶,饮料,乳制品,27.0,6
4,103g康师傅红烧牛肉面,非饮料,方便速食,33.0,6
2,188g澳门永辉鸡仔饼,非饮料,饼干糕点,170.0,6
4,80g香飘飘椰果奶茶麦香味,饮料,茶饮料,31.5,6
3,鸡爪,非饮料,肉干/豆制品/蛋,12.0,6
4,500ml康师傅冰糖雪梨,饮料,果蔬饮料,22.5,6
4,奥利奥原味芝士,非饮料,饼干糕点,24.0,6
4,诗竹竹纤维面巾纸,非饮料,纸巾,28.81,6
3,凤爪,非饮料,肉干/豆制品/蛋,12.5,6
4,188g澳门永辉鸡仔饼,非饮料,饼干糕点,204.0,6
2,68g好丽友蛋黄派2枚,非饮料,饼干糕点,31.5,6
1,美年达（罐）,饮料,碳酸饮料,16.5,6
2,手撕素肉排,非饮料,肉干/豆制品/蛋,7.0,6
2,香脆肠,非饮料,肉干/豆制品/蛋,10.0,6
2,250ml维他奶黑豆奶饮品,饮料,植物蛋白,27.0,6
2,美汁源果粒橙,饮料,果蔬饮料,32.0,6
2,50g上好佳日式鱼果,非饮料,膨化食品,26.0,5
3,乐虎（380ml）,饮料,功能饮料,20.0,5
4,55g奥利奥原味夹心饼干,非饮料,饼干糕点,26.5,5
1,450ml美汁源果粒橙,饮料,果蔬饮料,18.0,5
2,50g马赛克手撕鱿鱼条,非饮料,海味零食,54.0,5
4,37.5g费列罗榛果威化巧克力3颗,非饮料,糖果/巧克力,70.75,5
1,32g卫龙亲嘴烧,非饮料,肉干/豆制品/蛋,10.8,5
3,80g香飘飘椰果奶茶原味,饮料,茶饮料,27.0,5
4,乐虎（380ml）,饮料,功能饮料,20.0,5
4,韩国海牌海苔,非饮料,海味零食,11.0,5
4,250ml统一麦香奶茶,饮料,茶饮料,15.0,5
2,40g乐事薯片墨西哥鸡汁番茄味,非饮料,膨化食品,27.0,5
4,40g乐事薯片墨西哥鸡汁番茄味,非饮料,膨化食品,22.5,5
4,50g马赛克手撕鱿鱼条,非饮料,海味零食,42.8,5
3,225g味之不规则饼干芝士味,非饮料,饼干糕点,42.5,5
4,怡宝,饮料,水,15.0,5
4,86g合味道浓猪骨味,非饮料,方便速食,30.0,5
3,阿萨姆煎茶奶绿,饮料,茶饮料,20.0,5
4,安慕希酸奶,饮料,乳制品,30.0,5
3,燕塘红枣牛奶,饮料,乳制品,27.0,5
3,180ml雀巢咖啡罐装,饮料,咖啡,36.0,5
4,5片装益达绿箭口香糖,非饮料,糖果/巧克力,10.0,5
3,32g卫龙亲嘴烧红烧牛肉味,非饮料,肉干/豆制品/蛋,9.0,5
4,好吃点,非饮料,饼干糕点,21.0,5
3,370g泰奇八宝粥,非饮料,方便速食,30.0,5
1,330ml伊利畅意乳酸菌原味,饮料,乳制品,29.5,5
4,80g马赛克香蕉片,非饮料,蜜饯/果干,35.0,5
1,500ml统一阿萨姆奶茶,饮料,茶饮料,24.0,5
1,500ml加多宝,饮料,茶饮料,19.5,5
1,维他柠檬茶,饮料,茶饮料,15.0,5
2,维他原味豆奶,饮料,植物蛋白,17.5,5
2,180g统一满汉全席台式半筋半肉牛肉面,非饮料,方便速食,138.6,5
2,150g洽洽原香瓜子,非饮料,坚果炒货,42.0,5
3,手撕素肉排,非饮料,肉干/豆制品/蛋,5.8,5
1,茉莉蜜茶,饮料,茶饮料,15.0,5
3,20g马来西亚风味咪咪蟹味粒0219,非饮料,膨化食品,9.4,5
4,70g乐事薯片原味,非饮料,膨化食品,31.0,5
3,美年达（罐）,饮料,碳酸饮料,13.0,5
4,50g上好佳日式鱼果,非饮料,膨化食品,22.5,5
3,卫龙亲嘴烧红烧牛肉味,非饮料,肉干/豆制品/蛋,10.5,4
4,健能酸奶,饮料,乳制品,15.0,4
3,经典奶茶,饮料,茶饮料,14.0,4
4,70g乐事薯片（原味）,非饮料,膨化食品,23.0,4
4,250ml维他奶黑豆奶饮品,饮料,植物蛋白,21.0,4
1,可口可乐（500ml）,饮料,碳酸饮料,12.0,4
1,印尼芝士威化饼干,非饮料,饼干糕点,12.0,4
1,维他奶,饮料,植物蛋白,11.5,4
4,205ml安慕希蓝莓味,饮料,乳制品,23.2,4
3,好吃点,非饮料,饼干糕点,18.0,4
4,180g统一满汉全席台式半筋半肉牛肉面,非饮料,方便速食,178.2,4
3,茉莉蜜茶,饮料,茶饮料,12.0,4
4,乐虎,饮料,功能饮料,20.5,4
3,合味道（海鲜风味）,非饮料,方便速食,28.0,4
3,咪咪,非饮料,膨化食品,4.0,4
4,480ml小茗同学冷泡溜溜哒茶,饮料,茶饮料,36.0,4
3,四洲粟一烧烧烤味,非饮料,膨化食品,36.0,4
3,尖叫,饮料,功能饮料,18.5,4
1,86g合味道海鲜风味,非饮料,方便速食,23.5,4
3,优益C活菌型乳酸菌饮品,饮料,乳制品,60.2,4
2,130g果王玉带蚕豆,非饮料,坚果炒货,28.0,4
3,40g上好佳日式鱼果,非饮料,膨化食品,18.0,4
3,5片装益达绿箭口香糖,非饮料,糖果/巧克力,10.0,4
2,12g劲仔小鱼卤香味,非饮料,肉干/豆制品/蛋,10.5,4
2,40g卫龙点心面黑椒牛排味,非饮料,肉干/豆制品/蛋,28.0,4
4,脉动（青柠）,饮料,功能饮料,20.0,4
2,合味道（海鲜风味）,非饮料,方便速食,28.0,4
2,340ml蒙牛优益C乳酸菌,饮料,乳制品,28.0,4
3,50g上好佳田园薯片番茄味,非饮料,膨化食品,17.0,4
1,250ml燕塘红枣牛奶,饮料,乳制品,19.5,4
3,500ml康师傅冰糖雪梨,饮料,果蔬饮料,17.5,4
2,34g公仔迷你杯牛肉味,非饮料,方便速食,10.0,4
2,34g公仔迷你杯风味排骨味,非饮料,方便速食,17.5,4
3,48g好丽友薯愿香烤原味,非饮料,膨化食品,19.0,4
2,100g果王咸柑桔罐装,非饮料,蜜饯/果干,26.0,4
2,康师傅矿泉水,饮料,水,4.2,4
2,无穷农场盐_鸡蛋,非饮料,肉干/豆制品/蛋,10.0,4
4,统一阿萨姆奶茶,饮料,茶饮料,22.0,4
2,双汇玉米热狗肠,非饮料,肉干/豆制品/蛋,7.5,4
2,美年达（罐）,饮料,碳酸饮料,10.5,4
1,2g韩国海牌海苔,非饮料,海味零食,9.59,4
2,250ml维他椰子植物蛋白饮料,饮料,植物蛋白,17.5,4
2,5片装益达绿箭口香糖,非饮料,糖果/巧克力,8.0,4
4,鸡爪,非饮料,肉干/豆制品/蛋,8.0,4
1,12g劲仔小鱼麻辣味,非饮料,肉干/豆制品/蛋,9.0,4
4,劲仔小鱼（卤香味）,非饮料,肉干/豆制品/蛋,6.0,4
2,80g香飘飘椰果奶茶麦香味,饮料,茶饮料,18.0,4
4,卫龙亲嘴烧红烧牛肉味,非饮料,肉干/豆制品/蛋,16.5,4
2,阿萨姆煎茶奶绿,饮料,茶饮料,16.0,4
4,椰树牌椰汁,饮料,植物蛋白,18.0,4
2,诗竹竹纤维面巾纸,非饮料,纸巾,19.2,4
4,新麦潮天然酵母面包（牛奶风味）,非饮料,饼干糕点,16.0,4
2,芦荟汁,饮料,果蔬饮料,24.0,4
3,70g乐事薯片（黄瓜味）,非饮料,膨化食品,23.0,4
3,70g乐事薯片原味,非饮料,膨化食品,24.0,4
4,珠江纯生啤酒,饮料,功能饮料,13.0,3
2,225g味之不规则饼干芝士味,非饮料,饼干糕点,24.0,3
4,燕塘红枣牛奶,饮料,乳制品,18.0,3
1,78g卫龙亲嘴语辣条,非饮料,肉干/豆制品/蛋,13.5,3
2,燕塘甜牛奶,饮料,乳制品,13.5,3
3,12g劲仔小鱼卤香味,非饮料,肉干/豆制品/蛋,6.0,3
2,芙蓉王,非饮料,香烟,71.0,3
2,湘潭铺子(羽泉版),非饮料,蜜饯/果干,30.0,3
1,好吃点小饼干,非饮料,饼干糕点,3.0,3
2,泰奇八宝粥,非饮料,方便速食,21.0,3
3,农夫果园,饮料,果蔬饮料,15.0,3
4,100g果王咸柑桔罐装,非饮料,蜜饯/果干,19.5,3
2,椰树牌椰汁,饮料,植物蛋白,13.5,3
2,70g乐事薯片（原味）,非饮料,膨化食品,16.5,3
1,凤爪,非饮料,肉干/豆制品/蛋,7.0,3
2,80g马赛克香蕉片,非饮料,蜜饯/果干,28.0,3
2,500ml营养快线原味,饮料,乳制品,18.0,3
4,雪碧,饮料,碳酸饮料,10.5,3
4,雪力矿泉水,饮料,水,6.0,3
2,86g合味道浓猪骨味,非饮料,方便速食,24.0,3
2,500ml康师傅冰糖雪梨,饮料,果蔬饮料,10.5,3
1,85g嘉士利果乐果香夹心饼干蓝莓味,非饮料,饼干糕点,13.5,3
1,160g盼盼手撕面包,非饮料,饼干糕点,19.0,3
1,口味王槟榔（红）,非饮料,蜜饯/果干,45.0,3
2,健能酸奶,饮料,乳制品,12.0,3
1,口味王槟榔（绿）,非饮料,蜜饯/果干,30.0,3
2,可乐可乐,饮料,碳酸饮料,9.5,3
4,145ml旺仔牛奶罐装,饮料,乳制品,9.0,3
1,可口可乐330ml（罐）,饮料,碳酸饮料,7.5,3
4,美汁源果粒橙,饮料,果蔬饮料,16.0,3
4,旺仔牛奶,饮料,乳制品,8.41,3
4,130g果王玉带蚕豆,非饮料,坚果炒货,21.0,3
4,40g上好佳日式鱼果,非饮料,膨化食品,12.5,3
4,107g出前一丁桶面酱香牛肉王,非饮料,方便速食,18.0,3
2,好吃点,非饮料,饼干糕点,6.5,3
3,美汁源果粒橙,饮料,果蔬饮料,12.0,3
3,50g上好佳日式鱼果,非饮料,膨化食品,13.5,3
3,37.5g费列罗榛果威化巧克力3颗,非饮料,糖果/巧克力,33.6,3
3,湘潭铺子(羽泉版),非饮料,蜜饯/果干,30.0,3
3,80g马赛克香蕉片,非饮料,蜜饯/果干,21.0,3
4,合味道（海鲜风味）,非饮料,方便速食,21.0,3
2,103g康师傅红烧牛肉面,非饮料,方便速食,16.5,3
3,40g呀土豆番茄酱味,非饮料,膨化食品,18.0,3
3,旺仔牛奶,饮料,乳制品,11.2,3
1,430g泰奇八宝粥,非饮料,方便速食,18.5,3
3,78g合味道杯面香菇炖鸡风味,非饮料,方便速食,18.0,3
3,可乐可乐,饮料,碳酸饮料,10.0,3
3,480ml小茗同学冷泡青柠红茶,饮料,茶饮料,14.5,3
3,145g果王迷你山楂包装,非饮料,蜜饯/果干,19.5,3
2,100g卫龙点心面黑椒牛排味,非饮料,肉干/豆制品/蛋,17.4,3
4,上好佳田园薯片,非饮料,膨化食品,12.0,3
1,雀巢咖啡,饮料,咖啡,21.0,3
3,可口可乐（500ml）,饮料,碳酸饮料,10.0,3
3,55g奥利奥原味夹心饼干,非饮料,饼干糕点,13.0,3
3,咪咪虾条马来西亚风味,非饮料,膨化食品,10.4,3
1,45g双汇泡面拍挡,非饮料,肉干/豆制品/蛋,6.0,3
4,卫龙亲嘴烧麦辣鸡汁味,非饮料,肉干/豆制品/蛋,6.0,3
3,30g元朗小蛋卷,非饮料,饼干糕点,7.5,3
2,145g果王迷你山楂包装,非饮料,蜜饯/果干,20.0,3
3,冰红茶（罐）,饮料,茶饮料,7.5,3
4,加多宝,饮料,茶饮料,13.5,3
3,180g统一满汉全席台式半筋半肉牛肉面,非饮料,方便速食,178.2,3
3,乐虎,饮料,功能饮料,16.0,3
1,600ml可口可乐,饮料,碳酸饮料,9.5,3
4,68g好丽友蛋黄派2枚,非饮料,饼干糕点,13.5,3
3,250ML东鹏特饮,饮料,功能饮料,13.5,3
3,220g宝丰龙龟苓膏,非饮料,果冻/龟苓膏,19.0,3
4,康师傅矿泉水,饮料,水,4.0,3
4,尖叫,饮料,功能饮料,12.5,3
3,加多宝,饮料,茶饮料,13.5,3
3,劲仔小鱼（麻辣味）,非饮料,肉干/豆制品/蛋,6.0,3
3,260g马来西亚进口茱蒂丝口口香饼干,非饮料,饼干糕点,108.0,3
3,65g卫龙亲嘴豆皮,非饮料,肉干/豆制品/蛋,13.5,3
1,480ml小茗同学冷泡青柠红茶,饮料,茶饮料,13.5,2
4,乐事薯片（黄瓜味）,非饮料,膨化食品,15.0,2
1,150g洽洽原香瓜子,非饮料,坚果炒货,12.0,2
4,顺宝九制梅,非饮料,蜜饯/果干,10.0,2
1,13g无穷烤鸡小腿蜂蜜味,非饮料,肉干/豆制品/蛋,32.5,2
1,205g伊利安慕希原味,饮料,乳制品,10.5,2
1,40g呀土豆薯片滋香烤鸡味,非饮料,膨化食品,9.0,2
1,85g统一老坛酸菜牛肉面,非饮料,方便速食,9.5,2
4,旺仔牛奶145ml,饮料,乳制品,6.0,2
1,225g味之不规则饼干芝士味,非饮料,饼干糕点,20.0,2
4,乐事薯片（青柠）,非饮料,膨化食品,16.0,2
4,55g奥利奥迷你杯夹心小饼干杯装原味,非饮料,饼干糕点,11.0,2
4,日式鱼果,非饮料,膨化食品,12.0,2
1,600ml雪碧,饮料,碳酸饮料,5.3,2
4,燕塘原味酸奶,饮料,乳制品,13.5,2
1,55g奥利奥原味芝士饼干,非饮料,饼干糕点,7.5,2
1,52g旺旺仙贝,非饮料,膨化食品,9.0,2
4,小茗同学,饮料,茶饮料,10.0,2
4,盼盼手撕面包,非饮料,饼干糕点,8.0,2
4,78g合味道杯面香菇炖鸡风味,非饮料,方便速食,12.0,2
1,80g马赛克香蕉片,非饮料,蜜饯/果干,14.0,2
4,味之不规则饼干（芝士味）,非饮料,饼干糕点,17.5,2
1,40g乐事美国经典原味,非饮料,膨化食品,8.5,2
4,维他奶（巧克力味）,饮料,植物蛋白,7.0,2
4,维他柠檬茶330ml（罐）,饮料,茶饮料,6.0,2
1,40g乐事薯片黄瓜味,非饮料,膨化食品,13.5,2
4,可口可乐330ml（罐）,饮料,碳酸饮料,5.5,2
1,500ML宝矿力,饮料,功能饮料,11.0,2
1,40g呀土豆番茄酱味,非饮料,膨化食品,13.5,2
4,口味王槟榔（绿色）,非饮料,蜜饯/果干,20.0,2
1,500ml农夫果园 (芒果+菠萝+番石榴),饮料,果蔬饮料,9.5,2
3,燕塘甜牛奶,饮料,乳制品,9.0,2
4,250ml维他椰子植物蛋白饮料,饮料,植物蛋白,7.0,2
3,68g多力多玉米片爆香热辣味,非饮料,膨化食品,16.0,2
3,34g公仔迷你杯牛肉味,非饮料,方便速食,6.0,2
3,40g乐事美国经典原味,非饮料,膨化食品,8.5,2
3,40g乐事薯片墨西哥鸡汁番茄味,非饮料,膨化食品,9.0,2
3,40g乐事薯片黄瓜味,非饮料,膨化食品,13.5,2
3,40g呀土豆薯片滋香烤鸡味,非饮料,膨化食品,9.0,2
3,500ML宝矿力,饮料,功能饮料,11.0,2
3,500ml营养快线原味,饮料,乳制品,9.0,2
3,52g旺旺仙贝,非饮料,膨化食品,9.0,2
3,86g合味道浓猪骨味,非饮料,方便速食,13.0,2
1,百事可乐500ml,饮料,碳酸饮料,6.5,2
3,丽芝士纳宝帝奶酪威化饼干,非饮料,饼干糕点,7.0,2
3,劲仔小鱼（卤香味）,非饮料,肉干/豆制品/蛋,3.0,2
3,安慕希酸奶,饮料,乳制品,12.0,2
3,无穷烤鸡小腿（蜂蜜）,非饮料,肉干/豆制品/蛋,39.0,2
3,旺仔牛奶145ml,饮料,乳制品,6.0,2
3,益力多100g*5瓶,饮料,乳制品,23.5,2
1,维他原味豆奶,饮料,植物蛋白,7.0,2
3,统一来一桶香辣老坛酸菜牛肉面,非饮料,方便速食,11.0,2
3,32g卫龙亲嘴烧川香味,非饮料,肉干/豆制品/蛋,5.4,2
3,250ml统一麦香奶茶,饮料,茶饮料,5.0,2
3,250ml王老吉盒装,饮料,茶饮料,5.0,2
3,150抽诗竹竹纤维面巾纸,非饮料,纸巾,9.6,2
2,68g多力多玉米片爆香热辣味,非饮料,膨化食品,16.0,2
2,70g乐事薯片原味,非饮料,膨化食品,12.0,2
2,500ml统一冰糖雪梨,饮料,果蔬饮料,7.0,2
2,乐事薯片（黄瓜味）,非饮料,膨化食品,11.0,2
2,乐虎（380ml）,饮料,功能饮料,9.0,2
2,500ML宝矿力,饮料,功能饮料,16.5,2
2,冰糖雪梨,饮料,果蔬饮料,6.5,2
2,安慕希酸奶,饮料,乳制品,12.0,2
2,巧克力奶油味蛋糕,非饮料,饼干糕点,4.0,2
2,燕塘原味酸奶,饮料,乳制品,9.0,2
2,37.5g费列罗榛果威化巧克力3颗,非饮料,糖果/巧克力,23.6,2
2,百事可乐330ml,饮料,碳酸饮料,5.5,2
2,32g卫龙亲嘴烧川香味,非饮料,肉干/豆制品/蛋,3.6,2
2,脉动（青柠）,饮料,功能饮料,10.0,2
2,雪力矿泉水,饮料,水,4.0,2
3,117gUFO炒面铁板色拉鱿鱼风味,非饮料,方便速食,13.0,2
3,13g雀巢咖啡1+2特浓,饮料,咖啡,5.0,2
3,维他原味豆奶,饮料,植物蛋白,10.5,2
3,80g香飘飘椰果奶茶麦香味,饮料,茶饮料,9.0,2
3,维他奶（巧克力味）,饮料,植物蛋白,7.0,2
3,脉动（青柠）,饮料,功能饮料,10.0,2
1,咪咪,非饮料,膨化食品,2.0,2
1,劲仔小鱼（卤香味）,非饮料,肉干/豆制品/蛋,3.0,2
1,威化饼干,非饮料,饼干糕点,7.0,2
1,手撕素肉排,非饮料,肉干/豆制品/蛋,2.0,2
1,湘潭铺子(羽泉版),非饮料,蜜饯/果干,20.0,2
1,椰树牌椰汁,饮料,植物蛋白,9.0,2
1,安慕希酸奶,饮料,乳制品,12.0,2
1,可乐可乐,饮料,碳酸饮料,7.0,2
4,117gUFO炒面铁板色拉鱿鱼风味,非饮料,方便速食,6.5,1
2,330ml伊利畅意乳酸菌草莓味,饮料,乳制品,6.0,1
4,汤达人桶面,非饮料,方便速食,3.0,1
1,30g元朗小蛋卷,非饮料,饼干糕点,2.5,1
4,百事可乐330ml,饮料,碳酸饮料,2.5,1
1,260g马来西亚进口茱蒂丝口口香饼干,非饮料,饼干糕点,36.0,1
2,统一阿萨姆奶茶,饮料,茶饮料,5.5,1
2,越南LIPO奶味面包干100g,非饮料,饼干糕点,8.0,1
2,250ml香满楼纯牛奶,饮料,乳制品,3.5,1
2,雀巢咖啡,饮料,咖啡,7.5,1
4,100g卫龙点心面黑椒牛排味,非饮料,肉干/豆制品/蛋,5.8,1
3,100g卫龙点心面黑椒牛排味,非饮料,肉干/豆制品/蛋,5.8,1
4,40g卫龙点心面黑椒牛排味,非饮料,肉干/豆制品/蛋,7.0,1
4,每日特惠,非饮料,其他,1.0,1
3,100g果王咸柑桔罐装,非饮料,蜜饯/果干,6.5,1
4,13g雀巢咖啡1+2特浓,饮料,咖啡,10.0,1
2,205ml安慕希蓝莓味,饮料,乳制品,5.8,1
1,好吃点,非饮料,饼干糕点,4.5,1
3,150g健能酸奶原味,饮料,乳制品,4.0,1
3,188g澳门永辉鸡仔饼,非饮料,饼干糕点,17.0,1
4,新麦潮手撕面包（提子味）,非饮料,饼干糕点,4.0,1
3,200g喜之郎/什锦果肉,非饮料,果冻/龟苓膏,5.0,1
4,新麦潮北海道吐司,非饮料,饼干糕点,4.0,1
1,80g香飘飘椰果奶茶麦香味,饮料,茶饮料,4.5,1
4,怡宝矿泉水,饮料,水,2.0,1
3,250ml维他奶低糖原味,饮料,植物蛋白,3.0,1
3,250ml维他奶黑豆奶饮品,饮料,植物蛋白,3.0,1
3,250ml维他椰子植物蛋白饮料9374,饮料,植物蛋白,3.5,1
4,12g劲仔小鱼（香辣味）,非饮料,肉干/豆制品/蛋,4.5,1
1,250ml维他奶黑豆奶饮品,饮料,植物蛋白,3.0,1
2,燕塘红枣牛奶,饮料,乳制品,4.5,1
1,148g富甲一方紫薯仔,非饮料,蜜饯/果干,6.5,1
4,220g宝丰龙龟苓膏绿豆味,非饮料,果冻/龟苓膏,4.0,1
2,乖媳妇野山椒风爪,非饮料,肉干/豆制品/蛋,2.8,1
4,220g宝丰龙龟苓膏菊花味,非饮料,果冻/龟苓膏,5.0,1
2,丽芝士纳宝帝奶酪威化饼干,非饮料,饼干糕点,3.5,1
2,500ml恒大冰泉矿泉水,饮料,水,2.5,1
1,冰红茶（罐）,饮料,茶饮料,2.5,1
1,145ml旺仔牛奶盒装,饮料,乳制品,2.5,1
4,小茗同学（青柠红茶）,饮料,茶饮料,6.0,1
2,50g双层百力滋奶咖味,非饮料,饼干糕点,4.5,1
2,70g乐事薯片（黄瓜味）,非饮料,膨化食品,5.5,1
1,冰糖雪梨,饮料,果蔬饮料,3.5,1
1,86g合味道浓猪骨味,非饮料,方便速食,6.0,1
1,12g劲仔小鱼卤香味,非饮料,肉干/豆制品/蛋,1.5,1
2,50g双层百力滋特浓番茄味,非饮料,饼干糕点,4.5,1
4,20g士力架,非饮料,糖果/巧克力,2.0,1
2,冰红茶（罐）,饮料,茶饮料,2.5,1
2,凤爪,非饮料,肉干/豆制品/蛋,2.5,1
2,劲仔小鱼（卤香味）,非饮料,肉干/豆制品/蛋,1.5,1
2,劲仔小鱼（麻辣味）,非饮料,肉干/豆制品/蛋,6.0,1
2,合味道（浓猪骨）,非饮料,方便速食,7.0,1
4,脉动（椰子菠萝口味）,饮料,功能饮料,10.0,1
2,和成天下（黄）,非饮料,香烟,10.0,1
2,四洲粟一烧烧烤味,非饮料,膨化食品,9.0,1
2,天地一号,饮料,果蔬饮料,5.0,1
4,340ml蒙牛优益C乳酸菌,饮料,乳制品,7.0,1
1,250ml统一麦香奶茶,饮料,茶饮料,2.5,1
4,150抽诗竹竹纤维面巾纸,非饮料,纸巾,4.8,1
2,康师傅拉面(袋),非饮料,方便速食,5.0,1
2,怡宝矿泉水,饮料,水,2.0,1
2,无穷烤鸡小腿,非饮料,肉干/豆制品/蛋,3.0,1
4,统一来一桶香辣老坛酸菜牛肉面,非饮料,方便速食,5.5,1
1,370g泰奇八宝粥,非饮料,方便速食,5.0,1
3,250ml香满楼纯牛奶,饮料,乳制品,3.5,1
4,小茗同学冷泡茶（乳酸菌味）,饮料,茶饮料,6.0,1
4,90g顺宝九制杨梅,非饮料,蜜饯/果干,5.0,1
1,50g上好佳日式鱼果,非饮料,膨化食品,4.5,1
1,500ml营养快线原味,饮料,乳制品,4.5,1
3,芦荟汁,饮料,果蔬饮料,6.0,1
3,无穷农场盐_鸡蛋,非饮料,肉干/豆制品/蛋,2.0,1
3,拿铁咖啡（统一）,饮料,咖啡,5.5,1
3,怡宝矿泉水,饮料,水,2.0,1
1,诗竹竹纤维面巾纸,非饮料,纸巾,4.8,1
1,雪力矿泉水,饮料,水,2.0,1
3,小茗同学（青柠红茶）,饮料,茶饮料,4.5,1
4,50g双层百力滋特浓番茄味,非饮料,饼干糕点,4.5,1
3,奥利奥原味芝士,非饮料,饼干糕点,4.0,1
3,多芙利香草奶油味蛋糕,非饮料,饼干糕点,6.0,1
3,味之不规则饼干（芝士味）,非饮料,饼干糕点,10.0,1
1,阿萨姆煎茶奶绿,饮料,茶饮料,4.0,1
4,83g汤达人酸辣豚骨拉面,非饮料,方便速食,6.5,1
1,70g乐事薯片黄瓜味,非饮料,膨化食品,19.5,1
1,芙蓉王,非饮料,香烟,25.0,1
3,汤达人方便面,非饮料,方便速食,3.0,1
4,80g盼盼手撕面包,非饮料,饼干糕点,4.0,1
3,泰奇八宝粥,非饮料,方便速食,7.0,1
1,美汁源果粒橙,饮料,果蔬饮料,4.0,1
1,50g上好佳田园薯片番茄味,非饮料,膨化食品,4.5,1
3,珠江纯生啤酒,饮料,功能饮料,4.0,1
3,百事可乐330ml,饮料,碳酸饮料,2.5,1
3,立体声耳机（象牙白）,非饮料,其他,12.0,1
3,维他柠檬茶330ml（罐）,饮料,茶饮料,3.0,1
1,统一来一桶香辣老坛酸菜牛肉面,非饮料,方便速食,5.5,1
1,58g丽芝士纳宝帝奶酪威化饼干,非饮料,饼干糕点,3.0,1
4,68g多力多玉米片爆香热辣味,非饮料,膨化食品,8.0,1
3,统一阿萨姆奶茶,饮料,茶饮料,5.5,1
1,5片装益达绿箭口香糖,非饮料,糖果/巧克力,2.0,1
3,可口可乐330ml（罐）,饮料,碳酸饮料,2.5,1
3,卫龙亲嘴烧麦辣鸡汁味,非饮料,肉干/豆制品/蛋,1.5,1
1,70g乐事薯片原味,非饮料,膨化食品,6.5,1
3,40g上好佳田园薯片番茄味,非饮料,膨化食品,4.5,1
3,迷你纸巾,非饮料,纸巾,1.0,1
1,10g卫龙亲嘴烧香辣味,非饮料,肉干/豆制品/蛋,2.0,1
1,康师傅矿泉水,饮料,水,1.5,1
3,雪力矿泉水,饮料,水,2.0,1
1,70g乐事薯片（黄瓜味）,非饮料,膨化食品,5.5,1
1,巧克力奶油味蛋糕,非饮料,饼干糕点,12.0,1
4,多芙利香草奶油味蛋糕,非饮料,饼干糕点,6.0,1
4,优益C活菌型乳酸菌饮品,饮料,乳制品,7.0,1
3,34g公仔迷你杯风味排骨味,非饮料,方便速食,3.5,1
1,尖叫,饮料,功能饮料,4.0,1
3,330ml伊利畅意乳酸菌草莓味,饮料,乳制品,6.0,1
3,韩国海牌海苔,非饮料,海味零食,1.6,1
4,娃哈哈红枣酸奶,饮料,乳制品,3.5,1
2,117gUFO炒面铁板色拉鱿鱼风味,非饮料,方便速食,6.5,1
3,越南LIPO奶味面包干100g,非饮料,饼干糕点,8.0,1
3,50g马赛克手撕鱿鱼条,非饮料,海味零食,6.8,1
1,70g乐事薯片（原味）,非饮料,膨化食品,5.5,1
3,55g奥利奥迷你杯夹心小饼干杯装原味,非饮料,饼干糕点,5.5,1
3,诗竹竹纤维面巾纸,非饮料,纸巾,4.8,1
3,70g乐事薯片（原味）,非饮料,膨化食品,5.5,1
3,80g盼盼手撕面包,非饮料,饼干糕点,4.0,1
1,乐虎,饮料,功能饮料,5.0,1
3,83g汤达人酸辣豚骨拉面,非饮料,方便速食,6.5,1
4,劲仔小鱼（麻辣味）,非饮料,肉干/豆制品/蛋,3.0,1
1,鸡爪,非饮料,肉干/豆制品/蛋,2.0,1
4,利群（硬）,非饮料,香烟,15.0,1
3,健能酸奶,饮料,乳制品,3.0,1
4,冰红茶（罐）,饮料,茶饮料,2.5,1
3,利群（硬）,非饮料,香烟,15.0,1
4,农夫果园,饮料,果蔬饮料,5.5,1
4,50g双层百力滋奶咖味,非饮料,饼干糕点,4.5,1
1,103g康师傅红烧牛肉面,非饮料,方便速食,5.5,1
