商品,大类,二级类,销售额,订单量
怡宝纯净水,饮料,水,3478.0,1342
东鹏特饮,饮料,功能饮料,1715.0,488
阿萨姆奶茶,饮料,茶饮料,1931.0,457
脉动,饮料,功能饮料,1872.0,431
营养快线,饮料,乳制品,1830.0,425
统一冰红茶,饮料,茶饮料,1116.0,334
王老吉（500ml）,饮料,茶饮料,1380.0,310
果粒橙,饮料,果蔬饮料,900.0,245
30g无穷农场盐_鸡蛋,非饮料,肉干/豆制品/蛋,827.5,242
250ml维他柠檬茶,饮料,茶饮料,827.0,236
250ml维他原味豆奶,饮料,植物蛋白,732.5,228
可口可乐330ml,饮料,碳酸饮料,622.5,212
统一绿茶,饮料,茶饮料,670.5,209
鸭翅,非饮料,肉干/豆制品/蛋,357.5,204
王老吉（罐）,饮料,茶饮料,756.5,201
红牛,饮料,功能饮料,1202.0,198
芬达330ml,饮料,碳酸饮料,612.5,198
香豆干,非饮料,肉干/豆制品/蛋,212.0,194
40g双汇玉米热狗肠,非饮料,肉干/豆制品/蛋,423.5,193
卫龙大面筋,非饮料,肉干/豆制品/蛋,581.0,193
伊利优酸乳,饮料,乳制品,491.0,179
伊利纯牛奶,饮料,乳制品,529.5,175
145ml旺仔牛奶盒装,饮料,乳制品,614.0,171
13g无穷烤鸡小腿蜂蜜味,非饮料,肉干/豆制品/蛋,684.5,168
20g咪咪虾条马来西亚风味,非饮料,膨化食品,298.0,149
小鱼仔,非饮料,海味零食,172.0,146
雪碧最新款,饮料,碳酸饮料,428.0,139
雪碧（500ml）,饮料,碳酸饮料,468.5,137
250ml燕塘甜牛奶,饮料,乳制品,574.0,130
250ml燕塘原味酸奶,饮料,乳制品,622.5,130
银鹭八宝粥,饮料,方便速食,480.0,120
85g新麦潮北海道吐司,非饮料,饼干糕点,382.0,120
85g新麦潮手撕面包（提子味）,非饮料,饼干糕点,400.0,117
可口可乐最新款,饮料,碳酸饮料,345.5,116
250ml燕塘红枣牛奶,饮料,乳制品,565.5,114
熊字饼,非饮料,饼干糕点,360.0,112
86g合味道海鲜风味,非饮料,方便速食,711.5,107
雪碧330ml,饮料,碳酸饮料,298.5,103
百事可乐500ml,饮料,碳酸饮料,307.0,102
85g统一老坛酸菜牛肉面,非饮料,方便速食,515.0,99
12g劲仔小鱼麻辣味,非饮料,肉干/豆制品/蛋,246.6,98
250ml红牛,饮料,功能饮料,817.5,98
250ml维他奶巧克力味,饮料,植物蛋白,305.0,95
268ml雀巢咖啡丝滑拿铁,饮料,咖啡,662.5,94
口味王槟榔（绿）,非饮料,蜜饯/果干,940.0,94
维他奶,饮料,植物蛋白,263.0,93
330ml伊利畅意乳酸菌原味,饮料,乳制品,632.0,91
450ml美汁源果粒橙,饮料,果蔬饮料,387.0,87
600ml可口可乐,饮料,碳酸饮料,311.5,87
32g卫龙亲嘴烧,非饮料,肉干/豆制品/蛋,228.6,84
430g泰奇八宝粥,非饮料,方便速食,510.5,81
维他柠檬茶,饮料,茶饮料,240.5,79
500ml统一阿萨姆奶茶,饮料,茶饮料,427.0,78
78g卫龙亲嘴语辣条,非饮料,肉干/豆制品/蛋,327.5,69
205g伊利安慕希原味,饮料,乳制品,470.5,66
75g新麦潮天然酵母面包（北海道牛奶风味）,非饮料,饼干糕点,188.5,66
2g韩国海牌海苔,非饮料,海味零食,145.9,65
香脆肠,非饮料,肉干/豆制品/蛋,86.5,63
58g丽芝士纳宝帝奶酪威化饼干,非饮料,饼干糕点,218.5,62
10g卫龙亲嘴烧香辣味,非饮料,肉干/豆制品/蛋,93.6,61
70g乖媳妇野山泡椒凤爪,非饮料,肉干/豆制品/蛋,220.5,60
冰糖雪梨,饮料,果蔬饮料,202.5,59
可口可乐（500ml）,饮料,碳酸饮料,181.5,57
45g双汇泡面拍挡,非饮料,肉干/豆制品/蛋,95.0,55
600ml雪碧,饮料,碳酸饮料,142.1,51
85g嘉士利果乐果香夹心饼干蓝莓味,非饮料,饼干糕点,229.5,50
32g卫龙亲嘴烧红烧牛肉味,非饮料,肉干/豆制品/蛋,104.4,47
55g奥利奥原味芝士饼干,非饮料,饼干糕点,172.0,45
160g盼盼手撕面包,非饮料,饼干糕点,304.0,45
芙蓉王,非饮料,香烟,1071.0,43
100g*5瓶益力多,饮料,乳制品,733.0,42
500ml加多宝,饮料,茶饮料,210.0,40
480ml小茗同学冷泡青柠红茶,饮料,茶饮料,224.5,39
怡宝,饮料,水,113.0,38
600ml脉动青柠,饮料,功能饮料,188.5,38
好吃点小饼干,非饮料,饼干糕点,35.0,35
150g健能酸奶原味,饮料,乳制品,246.0,35
茉莉蜜茶,饮料,茶饮料,107.0,35
110g顺宝九制话梅,非饮料,蜜饯/果干,174.6,35
148g富甲一方紫薯仔,非饮料,蜜饯/果干,234.0,34
91g徐福记凤梨酥,非饮料,饼干糕点,221.0,34
68g好丽友巧克力派2枚,非饮料,饼干糕点,161.0,33
雀巢咖啡,饮料,咖啡,225.0,33
印尼芝士威化饼干,非饮料,饼干糕点,97.0,32
口味王槟榔（红）,非饮料,蜜饯/果干,465.0,31
50g上好佳田园薯片番茄味,非饮料,膨化食品,134.0,30
52g旺旺仙贝,非饮料,膨化食品,139.5,30
20g马来西亚风味咪咪蟹味粒0219,非饮料,膨化食品,59.4,30
80g四洲粟一烧烧烤味,非饮料,膨化食品,229.0,29
70g乐事薯片黄瓜味,非饮料,膨化食品,196.4,29
250ML东鹏特饮,饮料,功能饮料,158.0,27
65g卫龙亲嘴豆皮,非饮料,肉干/豆制品/蛋,121.5,27
40g呀土豆薯片滋香烤鸡味,非饮料,膨化食品,126.0,26
咪咪虾条马来西亚风味,非饮料,膨化食品,43.78,25
500ml农夫果园 (芒果+菠萝+番石榴),饮料,果蔬饮料,124.5,25
40g乐事美国经典原味,非饮料,膨化食品,115.5,24
40g呀土豆番茄酱味,非饮料,膨化食品,115.5,23
双汇玉米热狗肠,非饮料,肉干/豆制品/蛋,51.5,23
180ml雀巢咖啡罐装,饮料,咖啡,162.0,22
无穷烤鸡小腿（蜂蜜）,非饮料,肉干/豆制品/蛋,135.0,22
美年达（罐）,饮料,碳酸饮料,59.0,22
40g乐事薯片黄瓜味,非饮料,膨化食品,116.5,22
150g洽洽原香瓜子,非饮料,坚果炒货,142.5,21
凤爪,非饮料,肉干/豆制品/蛋,43.0,21
250ml王老吉盒装,饮料,茶饮料,67.5,21
30g元朗小蛋卷,非饮料,饼干糕点,52.5,20
手撕素肉排,非饮料,肉干/豆制品/蛋,22.3,20
咪咪,非饮料,膨化食品,20.0,19
370g泰奇八宝粥,非饮料,方便速食,131.0,19
阿萨姆煎茶奶绿,饮料,茶饮料,76.0,19
225g味之不规则饼干芝士味,非饮料,饼干糕点,167.0,19
250ml维他奶低糖原味,饮料,植物蛋白,66.0,18
48g好丽友薯愿香烤原味,非饮料,膨化食品,89.0,18
260g马来西亚进口茱蒂丝口口香饼干,非饮料,饼干糕点,666.0,18
康师傅矿泉水,饮料,水,21.1,17
55g奥利奥原味夹心饼干,非饮料,饼干糕点,93.0,17
80g香飘飘椰果奶茶原味,饮料,茶饮料,85.5,17
维他原味豆奶,饮料,植物蛋白,63.0,17
40g上好佳日式鱼果,非饮料,膨化食品,74.0,17
椰树牌椰汁,饮料,植物蛋白,76.5,17
12g劲仔小鱼卤香味,非饮料,肉干/豆制品/蛋,36.0,16
尖叫,饮料,功能饮料,64.0,15
湘潭铺子(羽泉版),非饮料,蜜饯/果干,150.0,15
可乐可乐,饮料,碳酸饮料,65.0,15
500ml营养快线原味,饮料,乳制品,72.0,14
250ml统一麦香奶茶,饮料,茶饮料,37.5,14
50g上好佳日式鱼果,非饮料,膨化食品,66.5,14
145g果王迷你山楂包装,非饮料,蜜饯/果干,93.0,14
5片装益达绿箭口香糖,非饮料,糖果/巧克力,30.0,14
美汁源果粒橙,饮料,果蔬饮料,64.0,13
500ml康师傅冰糖雪梨,饮料,果蔬饮料,50.5,13
好吃点,非饮料,饼干糕点,50.0,13
188g澳门永辉鸡仔饼,非饮料,饼干糕点,391.0,13
70g乐事薯片（黄瓜味）,非饮料,膨化食品,74.5,13
34g公仔迷你杯牛肉味,非饮料,方便速食,42.5,13
80g马赛克香蕉片,非饮料,蜜饯/果干,98.0,13
80g香飘飘椰果奶茶麦香味,饮料,茶饮料,63.0,13
诗竹竹纤维面巾纸,非饮料,纸巾,57.62,12
70g乐事薯片原味,非饮料,膨化食品,73.5,12
180g统一满汉全席台式半筋半肉牛肉面,非饮料,方便速食,495.0,12
经典奶茶,饮料,茶饮料,42.0,12
无穷农场盐_鸡蛋,非饮料,肉干/豆制品/蛋,38.0,12
250ml维他奶黑豆奶饮品,饮料,植物蛋白,54.0,12
32g卫龙亲嘴烧川香味,非饮料,肉干/豆制品/蛋,32.4,12
乐虎（380ml）,饮料,功能饮料,49.0,12
40g乐事薯片墨西哥鸡汁番茄味,非饮料,膨化食品,58.5,12
86g合味道浓猪骨味,非饮料,方便速食,73.0,11
安慕希酸奶,饮料,乳制品,66.0,11
合味道（海鲜风味）,非饮料,方便速食,77.0,11
燕塘甜牛奶,饮料,乳制品,49.5,11
泰奇八宝粥,非饮料,方便速食,75.5,11
50g马赛克手撕鱿鱼条,非饮料,海味零食,103.6,11
丽芝士纳宝帝奶酪威化饼干,非饮料,饼干糕点,38.5,11
鸡爪,非饮料,肉干/豆制品/蛋,22.0,11
220g宝丰龙龟苓膏,非饮料,果冻/龟苓膏,51.0,10
103g康师傅红烧牛肉面,非饮料,方便速食,55.0,10
上好佳田园薯片,非饮料,膨化食品,40.5,10
37.5g费列罗榛果威化巧克力3颗,非饮料,糖果/巧克力,128.0,10
燕塘红枣牛奶,饮料,乳制品,49.5,9
劲仔小鱼（卤香味）,非饮料,肉干/豆制品/蛋,13.5,9
68g好丽友蛋黄派2枚,非饮料,饼干糕点,45.0,9
70g乐事薯片（原味）,非饮料,膨化食品,50.5,9
脉动（青柠）,饮料,功能饮料,40.0,8
益力多100g*5瓶,饮料,乳制品,92.5,8
卫龙亲嘴烧红烧牛肉味,非饮料,肉干/豆制品/蛋,27.0,8
健能酸奶,饮料,乳制品,30.0,8
迷你纸巾,非饮料,纸巾,8.0,8
乐虎,饮料,功能饮料,41.5,8
天地一号,饮料,果蔬饮料,38.5,8
100g果王咸柑桔罐装,非饮料,蜜饯/果干,52.0,8
雪力矿泉水,饮料,水,14.0,7
130g果王玉带蚕豆,非饮料,坚果炒货,49.0,7
奥利奥原味芝士,非饮料,饼干糕点,28.0,7
250ml维他椰子植物蛋白饮料,饮料,植物蛋白,24.5,6
旺仔牛奶,饮料,乳制品,19.61,6
500ML宝矿力,饮料,功能饮料,38.5,6
可口可乐330ml（罐）,饮料,碳酸饮料,15.5,6
统一阿萨姆奶茶,饮料,茶饮料,33.0,6
韩国海牌海苔,非饮料,海味零食,12.6,6
加多宝,饮料,茶饮料,27.0,6
冰红茶（罐）,饮料,茶饮料,15.0,6
芦荟汁,饮料,果蔬饮料,30.0,5
205ml安慕希蓝莓味,饮料,乳制品,29.0,5
40g卫龙点心面黑椒牛排味,非饮料,肉干/豆制品/蛋,35.0,5
100g卫龙点心面黑椒牛排味,非饮料,肉干/豆制品/蛋,29.0,5
劲仔小鱼（麻辣味）,非饮料,肉干/豆制品/蛋,15.0,5
四洲粟一烧烧烤味,非饮料,膨化食品,45.0,5
优益C活菌型乳酸菌饮品,饮料,乳制品,67.2,5
34g公仔迷你杯风味排骨味,非饮料,方便速食,21.0,5
68g多力多玉米片爆香热辣味,非饮料,膨化食品,40.0,5
340ml蒙牛优益C乳酸菌,饮料,乳制品,35.0,5
78g合味道杯面香菇炖鸡风味,非饮料,方便速食,30.0,5
统一来一桶香辣老坛酸菜牛肉面,非饮料,方便速食,22.0,4
卫龙亲嘴烧麦辣鸡汁味,非饮料,肉干/豆制品/蛋,7.5,4
燕塘原味酸奶,饮料,乳制品,22.5,4
农夫果园,饮料,果蔬饮料,20.5,4
乐事薯片（黄瓜味）,非饮料,膨化食品,26.0,4
维他奶（巧克力味）,饮料,植物蛋白,14.0,4
珠江纯生啤酒,饮料,功能饮料,17.0,4
百事可乐330ml,饮料,碳酸饮料,10.5,4
旺仔牛奶145ml,饮料,乳制品,12.0,4
新麦潮天然酵母面包（牛奶风味）,非饮料,饼干糕点,16.0,4
117gUFO炒面铁板色拉鱿鱼风味,非饮料,方便速食,26.0,4
480ml小茗同学冷泡溜溜哒茶,饮料,茶饮料,36.0,4
维他柠檬茶330ml（罐）,饮料,茶饮料,9.0,3
13g雀巢咖啡1+2特浓,饮料,咖啡,15.0,3
55g奥利奥迷你杯夹心小饼干杯装原味,非饮料,饼干糕点,16.5,3
雪碧,饮料,碳酸饮料,10.5,3
怡宝矿泉水,饮料,水,6.0,3
150抽诗竹竹纤维面巾纸,非饮料,纸巾,14.41,3
107g出前一丁桶面酱香牛肉王,非饮料,方便速食,18.0,3
145ml旺仔牛奶罐装,饮料,乳制品,9.0,3
味之不规则饼干（芝士味）,非饮料,饼干糕点,27.5,3
巧克力奶油味蛋糕,非饮料,饼干糕点,16.0,3
口味王槟榔（绿色）,非饮料,蜜饯/果干,20.0,2
威化饼干,非饮料,饼干糕点,7.0,2
500ml统一冰糖雪梨,饮料,果蔬饮料,7.0,2
顺宝九制梅,非饮料,蜜饯/果干,10.0,2
小茗同学（青柠红茶）,饮料,茶饮料,10.5,2
50g双层百力滋奶咖味,非饮料,饼干糕点,9.0,2
50g双层百力滋特浓番茄味,非饮料,饼干糕点,9.0,2
小茗同学,饮料,茶饮料,10.0,2
越南LIPO奶味面包干100g,非饮料,饼干糕点,16.0,2
330ml伊利畅意乳酸菌草莓味,饮料,乳制品,12.0,2
日式鱼果,非饮料,膨化食品,12.0,2
80g盼盼手撕面包,非饮料,饼干糕点,8.0,2
250ml香满楼纯牛奶,饮料,乳制品,7.0,2
83g汤达人酸辣豚骨拉面,非饮料,方便速食,13.0,2
盼盼手撕面包,非饮料,饼干糕点,8.0,2
乐事薯片（青柠）,非饮料,膨化食品,16.0,2
利群（硬）,非饮料,香烟,30.0,2
多芙利香草奶油味蛋糕,非饮料,饼干糕点,12.0,2
每日特惠,非饮料,其他,1.0,1
小茗同学冷泡茶（乳酸菌味）,饮料,茶饮料,6.0,1
500ml恒大冰泉矿泉水,饮料,水,2.5,1
立体声耳机（象牙白）,非饮料,其他,12.0,1
200g喜之郎/什锦果肉,非饮料,果冻/龟苓膏,5.0,1
40g上好佳田园薯片番茄味,非饮料,膨化食品,4.5,1
220g宝丰龙龟苓膏绿豆味,非饮料,果冻/龟苓膏,4.0,1
拿铁咖啡（统一）,饮料,咖啡,5.5,1
新麦潮北海道吐司,非饮料,饼干糕点,4.0,1
合味道（浓猪骨）,非饮料,方便速食,7.0,1
新麦潮手撕面包（提子味）,非饮料,饼干糕点,4.0,1
无穷烤鸡小腿,非饮料,肉干/豆制品/蛋,3.0,1
90g顺宝九制杨梅,非饮料,蜜饯/果干,5.0,1
12g劲仔小鱼（香辣味）,非饮料,肉干/豆制品/蛋,4.5,1
和成天下（黄）,非饮料,香烟,10.0,1
乖媳妇野山椒风爪,非饮料,肉干/豆制品/蛋,2.8,1
汤达人桶面,非饮料,方便速食,3.0,1
汤达人方便面,非饮料,方便速食,3.0,1
娃哈哈红枣酸奶,饮料,乳制品,3.5,1
220g宝丰龙龟苓膏菊花味,非饮料,果冻/龟苓膏,5.0,1
250ml维他椰子植物蛋白饮料9374,饮料,植物蛋白,3.5,1
脉动（椰子菠萝口味）,饮料,功能饮料,10.0,1
20g士力架,非饮料,糖果/巧克力,2.0,1
康师傅拉面(袋),非饮料,方便速食,5.0,1
