商品,大类,二级类,销售额,订单量
怡宝纯净水,饮料,水,4620.0,1705
脉动,饮料,功能饮料,4510.0,996
营养快线,饮料,乳制品,3532.0,805
阿萨姆奶茶,饮料,茶饮料,3486.0,792
东鹏特饮,饮料,功能饮料,2616.0,709
统一冰红茶,饮料,茶饮料,2174.0,626
统一绿茶,饮料,茶饮料,1716.0,490
果粒橙,饮料,果蔬饮料,1743.0,470
王老吉（500ml）,饮料,茶饮料,1880.0,417
40g双汇玉米热狗肠,非饮料,肉干/豆制品/蛋,876.0,415
王老吉（罐）,饮料,茶饮料,1579.0,410
250ml维他柠檬茶,饮料,茶饮料,1502.0,396
250ml维他原味豆奶,饮料,植物蛋白,1296.0,391
芬达330ml,饮料,碳酸饮料,1233.0,382
伊利优酸乳,饮料,乳制品,1019.0,375
30g无穷农场盐_鸡蛋,非饮料,肉干/豆制品/蛋,1087.0,340
雪碧最新款,饮料,碳酸饮料,990.5,309
红牛,饮料,功能饮料,1954.0,289
鸭翅,非饮料,肉干/豆制品/蛋,502.0,282
20g咪咪虾条马来西亚风味,非饮料,膨化食品,479.2,260
香豆干,非饮料,肉干/豆制品/蛋,300.0,251
250ml燕塘原味酸奶,饮料,乳制品,1132.0,248
可口可乐330ml,饮料,碳酸饮料,762.0,244
伊利纯牛奶,饮料,乳制品,747.5,241
250ml燕塘甜牛奶,饮料,乳制品,1021.0,232
145ml旺仔牛奶盒装,饮料,乳制品,775.0,227
银鹭八宝粥,饮料,方便速食,919.0,220
13g无穷烤鸡小腿蜂蜜味,非饮料,肉干/豆制品/蛋,850.0,212
86g合味道海鲜风味,非饮料,方便速食,1270.0,209
250ml燕塘红枣牛奶,饮料,乳制品,957.5,206
可口可乐（500ml）,饮料,碳酸饮料,740.0,202
268ml雀巢咖啡丝滑拿铁,饮料,咖啡,1291.0,196
熊字饼,非饮料,饼干糕点,641.0,191
12g劲仔小鱼麻辣味,非饮料,肉干/豆制品/蛋,424.5,182
85g新麦潮北海道吐司,非饮料,饼干糕点,571.0,180
85g统一老坛酸菜牛肉面,非饮料,方便速食,1003.5,179
雪碧330ml,饮料,碳酸饮料,533.0,173
雪碧（500ml）,饮料,碳酸饮料,628.5,172
250ml红牛,饮料,功能饮料,1476.0,172
维他柠檬茶,饮料,茶饮料,544.5,169
卫龙大面筋,非饮料,肉干/豆制品/蛋,534.0,168
430g泰奇八宝粥,非饮料,方便速食,1016.0,159
500ml统一阿萨姆奶茶,饮料,茶饮料,760.5,157
32g卫龙亲嘴烧,非饮料,肉干/豆制品/蛋,387.0,149
330ml伊利畅意乳酸菌原味,饮料,乳制品,915.0,149
85g新麦潮手撕面包（提子味）,非饮料,饼干糕点,446.0,145
600ml可口可乐,饮料,碳酸饮料,508.5,145
冰糖雪梨,饮料,果蔬饮料,508.5,143
78g卫龙亲嘴语辣条,非饮料,肉干/豆制品/蛋,632.0,143
可口可乐最新款,饮料,碳酸饮料,444.0,142
600ml雪碧,饮料,碳酸饮料,380.5,140
450ml美汁源果粒橙,饮料,果蔬饮料,559.5,140
250ml维他奶巧克力味,饮料,植物蛋白,438.8,138
美年达（罐）,饮料,碳酸饮料,395.0,133
维他奶,饮料,植物蛋白,400.5,132
小鱼仔,非饮料,海味零食,174.0,130
600ml脉动青柠,饮料,功能饮料,604.0,127
55g奥利奥原味芝士饼干,非饮料,饼干糕点,504.5,122
咪咪虾条马来西亚风味,非饮料,膨化食品,191.0,122
58g丽芝士纳宝帝奶酪威化饼干,非饮料,饼干糕点,376.5,121
70g乖媳妇野山泡椒凤爪,非饮料,肉干/豆制品/蛋,433.5,118
500ml加多宝,饮料,茶饮料,488.5,116
双汇玉米热狗肠,非饮料,肉干/豆制品/蛋,272.0,103
32g卫龙亲嘴烧红烧牛肉味,非饮料,肉干/豆制品/蛋,264.5,101
雀巢咖啡,饮料,咖啡,732.0,97
2g韩国海牌海苔,非饮料,海味零食,246.4,95
维他原味豆奶,饮料,植物蛋白,367.5,93
75g新麦潮天然酵母面包（北海道牛奶风味）,非饮料,饼干糕点,270.5,93
45g双汇泡面拍挡,非饮料,肉干/豆制品/蛋,175.5,88
85g嘉士利果乐果香夹心饼干蓝莓味,非饮料,饼干糕点,421.5,88
205g伊利安慕希原味,饮料,乳制品,593.0,87
茉莉蜜茶,饮料,茶饮料,271.5,83
口味王槟榔（绿）,非饮料,蜜饯/果干,820.5,82
无穷农场盐_鸡蛋,非饮料,肉干/豆制品/蛋,275.0,81
480ml小茗同学冷泡青柠红茶,饮料,茶饮料,441.5,77
香脆肠,非饮料,肉干/豆制品/蛋,133.5,75
可乐可乐,饮料,碳酸饮料,285.5,71
10g卫龙亲嘴烧香辣味,非饮料,肉干/豆制品/蛋,119.4,71
148g富甲一方紫薯仔,非饮料,蜜饯/果干,481.0,70
65g卫龙亲嘴豆皮,非饮料,肉干/豆制品/蛋,319.5,69
尖叫,饮料,功能饮料,289.0,67
无穷烤鸡小腿（蜂蜜）,非饮料,肉干/豆制品/蛋,336.0,67
100g*5瓶益力多,饮料,乳制品,885.0,64
秒充,非饮料,其他,384.0,64
500ml农夫果园 (芒果+菠萝+番石榴),饮料,果蔬饮料,299.5,63
110g顺宝九制话梅,非饮料,蜜饯/果干,278.5,59
52g旺旺仙贝,非饮料,膨化食品,265.5,59
150g健能酸奶原味,饮料,乳制品,247.0,58
250ml维他奶低糖原味,饮料,植物蛋白,191.8,57
68g好丽友巧克力派2枚,非饮料,饼干糕点,261.5,55
康师傅矿泉水,饮料,水,75.9,54
椰树牌椰汁,饮料,植物蛋白,250.5,54
160g盼盼手撕面包,非饮料,饼干糕点,365.0,52
韩国海牌海苔,非饮料,海味零食,99.2,49
250ML东鹏特饮,饮料,功能饮料,228.0,49
卫龙亲嘴烧红烧牛肉味,非饮料,肉干/豆制品/蛋,135.0,49
225g味之不规则饼干芝士味,非饮料,饼干糕点,428.5,48
燕塘红枣牛奶,饮料,乳制品,243.0,47
旺仔牛奶,饮料,乳制品,246.4,47
乐虎,饮料,功能饮料,230.0,47
80g四洲粟一烧烧烤味,非饮料,膨化食品,353.0,46
加多宝,饮料,茶饮料,241.0,46
奥利奥原味芝士,非饮料,饼干糕点,185.0,44
250ml统一麦香奶茶,饮料,茶饮料,122.5,44
30g元朗小蛋卷,非饮料,饼干糕点,120.0,44
芦荟汁,饮料,果蔬饮料,259.0,44
91g徐福记凤梨酥,非饮料,饼干糕点,286.0,43
丽芝士纳宝帝奶酪威化饼干,非饮料,饼干糕点,150.0,43
维他奶（巧克力味）,饮料,植物蛋白,143.5,41
脉动（青柠）,饮料,功能饮料,215.0,40
40g乐事薯片黄瓜味,非饮料,膨化食品,175.5,39
燕塘甜牛奶,饮料,乳制品,175.5,39
合味道（海鲜风味）,非饮料,方便速食,265.5,39
雪碧,饮料,碳酸饮料,220.5,38
统一阿萨姆奶茶,饮料,茶饮料,209.0,38
劲仔小鱼（麻辣味）,非饮料,肉干/豆制品/蛋,183.0,37
印尼芝士威化饼干,非饮料,饼干糕点,112.5,37
怡宝,饮料,水,80.0,37
雪力矿泉水,饮料,水,70.0,35
220g宝丰龙龟苓膏,非饮料,果冻/龟苓膏,163.0,35
70g乐事薯片原味,非饮料,膨化食品,245.0,35
乐事薯片（黄瓜味）,非饮料,膨化食品,267.0,34
益力多100g*5瓶,饮料,乳制品,453.5,34
50g马赛克手撕鱿鱼条,非饮料,海味零食,272.8,33
50g上好佳田园薯片番茄味,非饮料,膨化食品,153.0,33
37.5g费列罗榛果威化巧克力3颗,非饮料,糖果/巧克力,389.2,33
湘潭铺子(羽泉版),非饮料,蜜饯/果干,329.5,32
86g合味道浓猪骨味,非饮料,方便速食,198.0,32
手撕素肉排,非饮料,肉干/豆制品/蛋,40.2,31
40g乐事美国经典原味,非饮料,膨化食品,148.0,31
上好佳田园薯片,非饮料,膨化食品,136.0,30
5片装益达绿箭口香糖,非饮料,糖果/巧克力,66.0,30
70g乐事薯片黄瓜味,非饮料,膨化食品,196.9,30
260g马来西亚进口茱蒂丝口口香饼干,非饮料,饼干糕点,1188.0,30
燕塘原味酸奶,饮料,乳制品,130.5,29
旺仔牛奶145ml,饮料,乳制品,162.0,29
农夫果园,饮料,果蔬饮料,207.0,29
40g呀土豆薯片滋香烤鸡味,非饮料,膨化食品,134.5,29
40g呀土豆番茄酱味,非饮料,膨化食品,126.0,28
50g上好佳日式鱼果,非饮料,膨化食品,134.5,28
40g上好佳日式鱼果,非饮料,膨化食品,112.5,28
55g奥利奥原味夹心饼干,非饮料,饼干糕点,124.5,28
优益C活菌型乳酸菌饮品,饮料,乳制品,322.0,28
20g马来西亚风味咪咪蟹味粒0219,非饮料,膨化食品,34.8,27
美汁源果粒橙,饮料,果蔬饮料,124.0,27
健能酸奶,饮料,乳制品,87.0,27
70g乐事薯片（黄瓜味）,非饮料,膨化食品,161.0,26
117gUFO炒面铁板色拉鱿鱼风味,非饮料,方便速食,182.0,26
统一来一桶香辣老坛酸菜牛肉面,非饮料,方便速食,148.5,26
34g公仔迷你杯牛肉味,非饮料,方便速食,95.5,26
48g好丽友薯愿香烤原味,非饮料,膨化食品,125.0,25
泰奇八宝粥,非饮料,方便速食,203.0,25
180ml雀巢咖啡罐装,饮料,咖啡,121.5,24
好吃点小饼干,非饮料,饼干糕点,29.5,24
咪咪,非饮料,膨化食品,27.5,24
150g洽洽原香瓜子,非饮料,坚果炒货,160.0,23
500ml康师傅冰糖雪梨,饮料,果蔬饮料,99.0,23
40g乐事薯片墨西哥鸡汁番茄味,非饮料,膨化食品,103.0,23
日式鱼果,非饮料,膨化食品,104.0,22
诗竹竹纤维面巾纸,非饮料,纸巾,110.44,21
口味王槟榔（红）,非饮料,蜜饯/果干,315.0,21
145ml旺仔牛奶罐装,饮料,乳制品,78.0,21
80g香飘飘椰果奶茶原味,饮料,茶饮料,94.5,20
250ml王老吉盒装,饮料,茶饮料,60.0,20
好吃点,非饮料,饼干糕点,85.5,20
100g果王咸柑桔罐装,非饮料,蜜饯/果干,124.0,20
70g乐事薯片（原味）,非饮料,膨化食品,107.5,19
103g康师傅红烧牛肉面,非饮料,方便速食,115.5,19
怡宝矿泉水,饮料,水,38.0,19
370g泰奇八宝粥,非饮料,方便速食,107.0,18
和成天下（黄）,非饮料,香烟,180.0,18
新麦潮天然酵母面包（牛奶风味）,非饮料,饼干糕点,72.0,18
80g马赛克香蕉片,非饮料,蜜饯/果干,137.0,18
68g好丽友蛋黄派2枚,非饮料,饼干糕点,76.5,17
劲仔小鱼（卤香味）,非饮料,肉干/豆制品/蛋,41.0,16
凤爪,非饮料,肉干/豆制品/蛋,34.0,16
乖媳妇野山椒风爪,非饮料,肉干/豆制品/蛋,56.0,16
40g卫龙点心面黑椒牛排味,非饮料,肉干/豆制品/蛋,99.5,15
12g劲仔小鱼卤香味,非饮料,肉干/豆制品/蛋,42.0,15
480ml小茗同学冷泡溜溜哒茶,饮料,茶饮料,96.0,15
180g统一满汉全席台式半筋半肉牛肉面,非饮料,方便速食,614.0,15
145g果王迷你山楂包装,非饮料,蜜饯/果干,105.0,15
顺宝九制梅,非饮料,蜜饯/果干,75.0,15
150抽诗竹竹纤维面巾纸,非饮料,纸巾,72.0,15
新麦潮北海道吐司,非饮料,饼干糕点,55.0,14
盼盼手撕面包,非饮料,饼干糕点,56.0,14
68g多力多玉米片爆香热辣味,非饮料,膨化食品,112.0,14
百事可乐500ml,饮料,碳酸饮料,45.0,14
迷你纸巾,非饮料,纸巾,13.0,13
188g澳门永辉鸡仔饼,非饮料,饼干糕点,493.0,13
107g出前一丁桶面酱香牛肉王,非饮料,方便速食,84.0,13
100g卫龙点心面黑椒牛排味,非饮料,肉干/豆制品/蛋,65.7,12
32g卫龙亲嘴烧川香味,非饮料,肉干/豆制品/蛋,36.0,12
250ml维他椰子植物蛋白饮料,饮料,植物蛋白,57.5,12
130g果王玉带蚕豆,非饮料,坚果炒货,74.0,11
越南LIPO奶味面包干100g,非饮料,饼干糕点,88.0,11
80g香飘飘椰果奶茶麦香味,饮料,茶饮料,54.0,11
阿萨姆煎茶奶绿,饮料,茶饮料,44.0,11
205ml安慕希蓝莓味,饮料,乳制品,58.0,10
乐事薯片（青柠）,非饮料,膨化食品,112.0,10
500ml营养快线原味,饮料,乳制品,49.5,10
小茗同学,饮料,茶饮料,50.0,10
500ml恒大冰泉矿泉水,饮料,水,30.0,9
55g奥利奥迷你杯夹心小饼干杯装原味,非饮料,饼干糕点,55.0,9
脉动（椰子菠萝口味）,饮料,功能饮料,75.0,9
34g公仔迷你杯风味排骨味,非饮料,方便速食,31.5,8
50g双层百力滋特浓番茄味,非饮料,饼干糕点,36.0,8
新麦潮天然酵母面包（良品铺子）,非饮料,饼干糕点,30.0,8
拿铁咖啡（统一）,饮料,咖啡,43.5,8
50g双层百力滋奶咖味,非饮料,饼干糕点,36.0,8
味之不规则饼干（芝士味）,非饮料,饼干糕点,62.5,7
500ML宝矿力,饮料,功能饮料,38.0,7
巧克力奶油味蛋糕,非饮料,饼干糕点,37.0,7
卫龙亲嘴烧麦辣鸡汁味,非饮料,肉干/豆制品/蛋,13.5,7
芙蓉王,非饮料,香烟,142.0,6
鸡爪,非饮料,肉干/豆制品/蛋,12.0,6
123gUFO炒面XO酱海鲜风味,非饮料,方便速食,51.0,6
多芙利香草奶油味蛋糕,非饮料,饼干糕点,36.0,6
40g上好佳田园薯片番茄味,非饮料,膨化食品,33.5,6
和成天下（红）,非饮料,香烟,90.0,6
四洲粟一烧烧烤味,非饮料,膨化食品,53.0,6
250ml维他奶黑豆奶饮品,饮料,植物蛋白,24.0,5
安慕希酸奶,饮料,乳制品,30.0,5
220g宝丰龙龟苓膏绿豆味,非饮料,果冻/龟苓膏,28.0,5
83g汤达人酸辣豚骨拉面,非饮料,方便速食,32.5,5
80g盼盼手撕面包,非饮料,饼干糕点,20.0,5
每日特惠,非饮料,其他,6.0,4
13g雀巢咖啡1+2特浓,饮料,咖啡,12.5,4
250ml维他椰子味豆奶7716,饮料,植物蛋白,7.5,3
10g越南LIPO奶味面包干,非饮料,饼干糕点,5.0,3
可口可乐330ml（罐）,饮料,碳酸饮料,8.5,3
新麦潮手撕面包（提子味）,非饮料,饼干糕点,15.5,3
330ml伊利畅意乳酸菌草莓味,饮料,乳制品,24.0,3
78g合味道杯面香菇炖鸡风味,非饮料,方便速食,18.0,3
劲仔小鱼（酱汁味）,非饮料,肉干/豆制品/蛋,6.0,3
20g咩咩世界虾味条,非饮料,膨化食品,4.8,3
500ml统一冰糖雪梨,饮料,果蔬饮料,10.5,3
10g越南LIPO奶味面包干0015,非饮料,饼干糕点,58.5,3
乐虎（380ml）,饮料,功能饮料,8.0,2
味之不规则饼干（番茄味）,非饮料,饼干糕点,20.0,2
20g士力架,非饮料,糖果/巧克力,4.0,2
合味道（浓猪骨）,非饮料,方便速食,12.0,2
百事可乐330ml,饮料,碳酸饮料,5.5,2
经典奶茶,饮料,茶饮料,8.0,2
70g乐事薯片青柠味,非饮料,膨化食品,13.0,2
12g劲仔小鱼（香辣味）,非饮料,肉干/豆制品/蛋,3.0,2
维他柠檬茶330ml（罐）,饮料,茶饮料,6.0,2
冰红茶（罐）,饮料,茶饮料,5.0,2
75g达利园柠檬蛋糕,非饮料,饼干糕点,9.0,2
340ml蒙牛优益C乳酸菌,饮料,乳制品,14.0,2
250ml维他椰子植物蛋白饮料9374,饮料,植物蛋白,8.0,2
78g卫龙亲语,非饮料,肉干/豆制品/蛋,9.0,2
小茗同学（青柠红茶）,饮料,茶饮料,6.0,1
220g宝丰龙龟苓膏菊花味,非饮料,果冻/龟苓膏,10.0,1
小茗同学冷泡茶（乳酸菌味）,饮料,茶饮料,6.0,1
60g溜溜九制梅,非饮料,蜜饯/果干,5.5,1
威化饼干,非饮料,饼干糕点,3.0,1
维他奶黑豆奶饮品,饮料,植物蛋白,3.5,1
新麦潮天然酵母面包,非饮料,饼干糕点,4.0,1
14g德芙巧克力,非饮料,糖果/巧克力,2.5,1
40g盼盼手撕面包,非饮料,饼干糕点,2.0,1
10g越南LIPO奶味面包干0046,非饮料,饼干糕点,4.0,1
珠江纯生啤酒,饮料,功能饮料,4.0,1
