商品,大类,二级类,销售额,订单量
东鹏特饮,饮料,功能饮料,1444.0,411
怡宝纯净水,饮料,水,777.5,387
阿萨姆奶茶,饮料,茶饮料,1462.0,365
营养快线,饮料,乳制品,1286.0,319
统一冰红茶,饮料,茶饮料,930.5,309
脉动,饮料,功能饮料,1152.0,283
卫龙大面筋,非饮料,肉干/豆制品/蛋,622.0,205
30g无穷农场盐_鸡蛋,非饮料,肉干/豆制品/蛋,628.5,192
香豆干,非饮料,肉干/豆制品/蛋,200.0,188
统一绿茶,饮料,茶饮料,571.0,188
红牛,饮料,功能饮料,1083.0,180
雪碧最新款,饮料,碳酸饮料,533.5,178
王老吉（罐）,饮料,茶饮料,623.5,177
可口可乐（500ml）,饮料,碳酸饮料,528.0,176
果粒橙,饮料,果蔬饮料,507.5,168
鸭翅,非饮料,肉干/豆制品/蛋,282.0,158
40g双汇玉米热狗肠,非饮料,肉干/豆制品/蛋,317.0,151
可口可乐最新款,饮料,碳酸饮料,432.5,144
雪碧（500ml）,饮料,碳酸饮料,396.5,132
20g咪咪虾条马来西亚风味,非饮料,膨化食品,264.2,124
熊字饼,非饮料,饼干糕点,351.5,117
13g无穷烤鸡小腿蜂蜜味,非饮料,肉干/豆制品/蛋,453.5,111
250ml维他柠檬茶,饮料,茶饮料,455.0,108
小鱼仔,非饮料,海味零食,117.0,108
伊利优酸乳,饮料,乳制品,253.0,102
250ml维他原味豆奶,饮料,植物蛋白,318.0,96
王老吉（500ml）,饮料,茶饮料,348.0,87
85g统一老坛酸菜牛肉面,非饮料,方便速食,470.0,86
美年达（罐）,饮料,碳酸饮料,244.0,83
银鹭八宝粥,饮料,方便速食,333.5,83
伊利纯牛奶,饮料,乳制品,243.0,81
145ml旺仔牛奶盒装,饮料,乳制品,292.5,81
32g卫龙亲嘴烧,非饮料,肉干/豆制品/蛋,172.8,80
250ml燕塘甜牛奶,饮料,乳制品,379.0,77
250ml燕塘原味酸奶,饮料,乳制品,352.5,72
85g新麦潮北海道吐司,非饮料,饼干糕点,214.0,67
250ml红牛,饮料,功能饮料,719.0,67
维他柠檬茶,饮料,茶饮料,200.0,65
250ml燕塘红枣牛奶,饮料,乳制品,299.5,64
430g泰奇八宝粥,非饮料,方便速食,490.0,63
600ml可口可乐,饮料,碳酸饮料,242.0,61
55g奥利奥原味芝士饼干,非饮料,饼干糕点,299.5,59
86g合味道海鲜风味,非饮料,方便速食,364.5,57
维他奶,饮料,植物蛋白,167.0,56
12g劲仔小鱼麻辣味,非饮料,肉干/豆制品/蛋,140.0,56
85g新麦潮手撕面包（提子味）,非饮料,饼干糕点,170.0,54
10g卫龙亲嘴烧香辣味,非饮料,肉干/豆制品/蛋,90.5,54
可口可乐330ml,饮料,碳酸饮料,153.0,54
268ml雀巢咖啡丝滑拿铁,饮料,咖啡,338.5,53
口味王槟榔（绿）,非饮料,蜜饯/果干,510.0,51
2g韩国海牌海苔,非饮料,海味零食,169.5,48
45g双汇泡面拍挡,非饮料,肉干/豆制品/蛋,100.5,47
78g卫龙亲嘴语辣条,非饮料,肉干/豆制品/蛋,190.5,43
85g嘉士利果乐果香夹心饼干蓝莓味,非饮料,饼干糕点,198.0,43
香脆肠,非饮料,肉干/豆制品/蛋,59.5,42
330ml伊利畅意乳酸菌原味,饮料,乳制品,285.5,40
58g丽芝士纳宝帝奶酪威化饼干,非饮料,饼干糕点,154.5,39
32g卫龙亲嘴烧红烧牛肉味,非饮料,肉干/豆制品/蛋,124.2,37
52g旺旺仙贝,非饮料,膨化食品,162.0,36
500ml统一阿萨姆奶茶,饮料,茶饮料,240.0,35
600ml脉动青柠,饮料,功能饮料,213.9,35
480ml小茗同学冷泡青柠红茶,饮料,茶饮料,232.5,33
20g马来西亚风味咪咪蟹味粒0219,非饮料,膨化食品,61.2,32
百事可乐330ml,饮料,碳酸饮料,94.5,32
205g伊利安慕希原味,饮料,乳制品,180.5,32
150g健能酸奶原味,饮料,乳制品,129.0,31
茉莉蜜茶,饮料,茶饮料,94.5,31
250ml维他奶巧克力味,饮料,植物蛋白,115.0,29
70g乖媳妇野山泡椒凤爪,非饮料,肉干/豆制品/蛋,156.5,28
咪咪,非饮料,膨化食品,28.0,28
180ml雀巢咖啡罐装,饮料,咖啡,157.5,28
250ML东鹏特饮,饮料,功能饮料,124.0,25
100g*5瓶益力多,饮料,乳制品,336.0,25
148g富甲一方紫薯仔,非饮料,蜜饯/果干,169.0,25
450ml美汁源果粒橙,饮料,果蔬饮料,110.0,25
40g乐事美国经典原味,非饮料,膨化食品,121.5,25
雀巢咖啡,饮料,咖啡,165.0,24
500ml加多宝,饮料,茶饮料,111.0,23
65g卫龙亲嘴豆皮,非饮料,肉干/豆制品/蛋,103.5,23
40g乐事薯片黄瓜味,非饮料,膨化食品,116.5,23
68g好丽友巧克力派2枚,非饮料,饼干糕点,103.0,22
91g徐福记凤梨酥,非饮料,饼干糕点,136.5,21
雪碧330ml,饮料,碳酸饮料,53.0,19
600ml雪碧,饮料,碳酸饮料,87.4,19
可乐可乐,饮料,碳酸饮料,66.0,18
维他原味豆奶,饮料,植物蛋白,73.5,18
160g盼盼手撕面包,非饮料,饼干糕点,145.0,18
80g香飘飘椰果奶茶麦香味,饮料,茶饮料,99.0,18
75g新麦潮天然酵母面包（北海道牛奶风味）,非饮料,饼干糕点,51.5,17
双汇玉米热狗肠,非饮料,肉干/豆制品/蛋,40.0,16
370g泰奇八宝粥,非饮料,方便速食,102.0,16
印尼芝士威化饼干,非饮料,饼干糕点,48.0,16
口味王槟榔（红）,非饮料,蜜饯/果干,228.0,16
劲仔小鱼（麻辣味）,非饮料,肉干/豆制品/蛋,27.0,16
冰糖雪梨,饮料,果蔬饮料,55.5,16
78g卫龙亲语,非饮料,肉干/豆制品/蛋,67.5,15
凤爪,非饮料,肉干/豆制品/蛋,31.0,15
103g康师傅红烧牛肉面,非饮料,方便速食,82.5,15
80g四洲粟一烧烧烤味,非饮料,膨化食品,126.0,15
70g乐事薯片黄瓜味,非饮料,膨化食品,100.0,15
乐虎（380ml）,饮料,功能饮料,60.0,15
40g呀土豆番茄酱味,非饮料,膨化食品,72.0,15
阿萨姆煎茶奶绿,饮料,茶饮料,56.0,14
40g呀土豆薯片滋香烤鸡味,非饮料,膨化食品,67.5,14
怡宝,饮料,水,28.0,14
220g宝丰龙龟苓膏,非饮料,果冻/龟苓膏,64.0,13
55g奥利奥原味夹心饼干,非饮料,饼干糕点,67.0,13
湘潭铺子(羽泉版),非饮料,蜜饯/果干,120.0,12
12g劲仔小鱼卤香味,非饮料,肉干/豆制品/蛋,45.0,12
无穷农场盐_鸡蛋,非饮料,肉干/豆制品/蛋,30.0,12
乖媳妇野山椒风爪,非饮料,肉干/豆制品/蛋,42.0,12
咪咪虾条马来西亚风味,非饮料,膨化食品,31.19,11
86g合味道浓猪骨味,非饮料,方便速食,67.0,11
500ml农夫果园 (芒果+菠萝+番石榴),饮料,果蔬饮料,58.5,11
150g洽洽原香瓜子,非饮料,坚果炒货,77.0,11
110g顺宝九制话梅,非饮料,蜜饯/果干,53.8,11
250ml王老吉盒装,饮料,茶饮料,32.5,11
奥利奥原味芝士,非饮料,饼干糕点,48.0,10
80g香飘飘椰果奶茶原味,饮料,茶饮料,54.0,10
50g上好佳田园薯片番茄味,非饮料,膨化食品,45.0,10
康师傅矿泉水,饮料,水,16.7,10
合味道（海鲜风味）,非饮料,方便速食,63.0,9
芬达330ml,饮料,碳酸饮料,25.0,9
100g果王咸柑桔罐装,非饮料,蜜饯/果干,58.5,9
225g味之不规则饼干芝士味,非饮料,饼干糕点,81.0,9
70g乐事薯片（黄瓜味）,非饮料,膨化食品,57.5,9
37.5g费列罗榛果威化巧克力3颗,非饮料,糖果/巧克力,104.4,9
30g元朗小蛋卷,非饮料,饼干糕点,25.0,9
250ml维他奶低糖原味,饮料,植物蛋白,27.0,9
健能酸奶,饮料,乳制品,43.0,8
美汁源果粒橙,饮料,果蔬饮料,50.0,8
70g乐事薯片原味,非饮料,膨化食品,60.0,8
芙蓉王,非饮料,香烟,200.0,8
145g果王迷你山楂包装,非饮料,蜜饯/果干,48.0,7
48g好丽友薯愿香烤原味,非饮料,膨化食品,34.0,7
椰树牌椰汁,饮料,植物蛋白,31.5,7
好吃点小饼干,非饮料,饼干糕点,7.0,7
雪力矿泉水,饮料,水,14.0,7
68g好丽友蛋黄派2枚,非饮料,饼干糕点,31.5,7
加多宝,饮料,茶饮料,48.5,7
统一来一桶香辣老坛酸菜牛肉面,非饮料,方便速食,44.0,7
480ml小茗同学冷泡溜溜哒茶,饮料,茶饮料,54.0,7
80g马赛克香蕉片,非饮料,蜜饯/果干,47.5,7
燕塘原味酸奶,饮料,乳制品,27.0,6
泰奇八宝粥,非饮料,方便速食,42.0,6
丽芝士纳宝帝奶酪威化饼干,非饮料,饼干糕点,21.0,6
50g上好佳日式鱼果,非饮料,膨化食品,26.0,6
尖叫,饮料,功能饮料,24.5,6
40g上好佳日式鱼果,非饮料,膨化食品,26.0,6
好吃点,非饮料,饼干糕点,23.0,6
燕塘红枣牛奶,饮料,乳制品,22.5,5
260g马来西亚进口茱蒂丝口口香饼干,非饮料,饼干糕点,198.0,5
180g统一满汉全席台式半筋半肉牛肉面,非饮料,方便速食,217.8,5
劲仔小鱼（卤香味）,非饮料,肉干/豆制品/蛋,12.0,5
55g奥利奥迷你杯夹心小饼干杯装原味,非饮料,饼干糕点,27.5,5
益力多100g*5瓶,饮料,乳制品,61.0,5
百事可乐500ml,饮料,碳酸饮料,15.0,5
78g合味道杯面香菇炖鸡风味,非饮料,方便速食,24.0,4
怡宝矿泉水,饮料,水,8.0,4
83g汤达人酸辣豚骨拉面,非饮料,方便速食,26.0,4
卫龙亲嘴烧红烧牛肉味,非饮料,肉干/豆制品/蛋,6.0,4
安慕希酸奶,饮料,乳制品,18.0,4
50g马赛克手撕鱿鱼条,非饮料,海味零食,45.0,4
新麦潮北海道吐司,非饮料,饼干糕点,13.0,4
乐事薯片（黄瓜味）,非饮料,膨化食品,21.0,3
无穷烤鸡小腿（蜂蜜）,非饮料,肉干/豆制品/蛋,9.0,3
500ml康师傅冰糖雪梨,饮料,果蔬饮料,10.5,3
统一阿萨姆奶茶,饮料,茶饮料,22.0,3
117gUFO炒面铁板色拉鱿鱼风味,非饮料,方便速食,19.5,3
123gUFO炒面XO酱海鲜风味,非饮料,方便速食,19.5,3
100g卫龙点心面黑椒牛排味,非饮料,肉干/豆制品/蛋,17.4,3
5片装益达绿箭口香糖,非饮料,糖果/巧克力,6.0,3
34g公仔迷你杯牛肉味,非饮料,方便速食,10.5,3
250ml维他奶黑豆奶饮品,饮料,植物蛋白,9.0,3
107g出前一丁桶面酱香牛肉王,非饮料,方便速食,18.0,3
雪碧,饮料,碳酸饮料,14.0,3
150抽诗竹竹纤维面巾纸,非饮料,纸巾,14.41,3
威化饼干,非饮料,饼干糕点,10.0,3
诗竹竹纤维面巾纸,非饮料,纸巾,14.41,3
上好佳田园薯片,非饮料,膨化食品,16.0,3
32g卫龙亲嘴烧川香味,非饮料,肉干/豆制品/蛋,7.2,3
500ml营养快线原味,饮料,乳制品,22.5,3
250ml维他椰子植物蛋白饮料,饮料,植物蛋白,8.0,2
红利群（硬）,非饮料,香烟,30.0,2
205ml安慕希蓝莓味,饮料,乳制品,11.6,2
250ml统一麦香奶茶,饮料,茶饮料,7.5,2
250ml维他椰子味豆奶7716,饮料,植物蛋白,5.0,2
维他奶（巧克力味）,饮料,植物蛋白,7.0,2
乐虎,饮料,功能饮料,8.0,2
燕塘甜牛奶,饮料,乳制品,9.0,2
旺仔牛奶,饮料,乳制品,5.6,2
和成天下（黄）,非饮料,香烟,20.0,2
500ml统一冰糖雪梨,饮料,果蔬饮料,7.0,2
可口可乐330ml（罐）,饮料,碳酸饮料,5.5,2
可乐（500ml）,饮料,碳酸饮料,6.0,2
四洲粟一烧烧烤味,非饮料,膨化食品,18.0,2
日式鱼果,非饮料,膨化食品,8.0,2
新麦潮手撕面包（提子味）,非饮料,饼干糕点,8.0,2
70g乐事薯片（原味）,非饮料,膨化食品,13.0,2
冰红茶（罐）,饮料,茶饮料,5.0,2
汤达人方便面,非饮料,方便速食,10.0,2
汤达人桶面,非饮料,方便速食,6.0,2
农夫果园,饮料,果蔬饮料,9.5,2
70g乐事薯片青柠味,非饮料,膨化食品,6.5,1
韩国海牌海苔,非饮料,海味零食,1.6,1
上好佳洋葱圈,非饮料,膨化食品,4.0,1
合味道（浓猪骨）,非饮料,方便速食,7.0,1
250ml维他椰子植物蛋白饮料9374,饮料,植物蛋白,4.0,1
250ml香满楼纯牛奶,饮料,乳制品,7.0,1
味之不规则饼干（韩国泡菜味）,非饮料,膨化食品,10.0,1
贡美苹果数据线,非饮料,其他,19.0,1
10g越南LIPO奶味面包干0046,非饮料,饼干糕点,1.0,1
50g双层百力滋特浓番茄味,非饮料,饼干糕点,9.0,1
脉动（青柠）,饮料,功能饮料,5.0,1
芦荟汁,饮料,果蔬饮料,6.0,1
新麦潮天然酵母面包（牛奶风味）,非饮料,饼干糕点,4.0,1
40g卫龙点心面黑椒牛排味,非饮料,肉干/豆制品/蛋,7.0,1
盼盼手撕面包,非饮料,饼干糕点,4.0,1
每日特惠,非饮料,其他,1.0,1
40g乐事薯片墨西哥鸡汁番茄味,非饮料,膨化食品,4.5,1
经典奶茶,饮料,茶饮料,4.0,1
旺仔牛奶145ml,饮料,乳制品,6.0,1
手撕素肉排,非饮料,肉干/豆制品/蛋,1.3,1
多芙利香草奶油味蛋糕,非饮料,饼干糕点,6.0,1
500ml恒大冰泉矿泉水,饮料,水,2.5,1
34g公仔迷你杯风味排骨味,非饮料,方便速食,3.5,1
小茗同学冷泡茶（乳酸菌味）,饮料,茶饮料,6.0,1
50g双层百力滋奶咖味,非饮料,饼干糕点,4.5,1
脉动（椰子菠萝口味）,饮料,功能饮料,10.0,1
500ML宝矿力,饮料,功能饮料,5.0,1
145ml旺仔牛奶罐装,饮料,乳制品,3.0,1
