月份（B）,商品,大类,二级类,销售额,订单量
12,怡宝纯净水,饮料,水,653.0,260
10,怡宝纯净水,饮料,水,645.0,229
11,怡宝纯净水,饮料,水,441.0,194
8,怡宝纯净水,饮料,水,462.0,163
9,怡宝纯净水,饮料,水,296.0,133
12,东鹏特饮,饮料,功能饮料,415.0,118
6,怡宝纯净水,饮料,水,308.5,112
12,阿萨姆奶茶,饮料,茶饮料,457.5,110
4,怡宝纯净水,饮料,水,287.0,101
11,东鹏特饮,饮料,功能饮料,350.0,100
12,统一冰红茶,饮料,茶饮料,256.0,79
9,东鹏特饮,饮料,功能饮料,269.5,77
11,营养快线,饮料,乳制品,301.0,74
12,脉动,饮料,功能饮料,301.0,74
12,营养快线,饮料,乳制品,310.5,72
10,阿萨姆奶茶,饮料,茶饮料,310.5,71
11,阿萨姆奶茶,饮料,茶饮料,283.0,70
12,统一绿茶,饮料,茶饮料,217.5,69
9,阿萨姆奶茶,饮料,茶饮料,273.5,67
10,脉动,饮料,功能饮料,313.0,66
6,250ml维他柠檬茶,饮料,茶饮料,215.5,63
11,脉动,饮料,功能饮料,263.0,62
6,30g无穷农场盐_鸡蛋,非饮料,肉干/豆制品/蛋,191.5,60
10,营养快线,饮料,乳制品,275.5,60
6,脉动,饮料,功能饮料,264.0,60
9,脉动,饮料,功能饮料,242.5,58
6,250ml维他原味豆奶,饮料,植物蛋白,171.29999999999995,56
12,王老吉（500ml）,饮料,茶饮料,242.0,55
1,怡宝纯净水,饮料,水,150.0,54
11,卫龙大面筋,非饮料,肉干/豆制品/蛋,159.0,53
10,果粒橙,饮料,果蔬饮料,197.0,52
10,统一冰红茶,饮料,茶饮料,187.5,52
8,营养快线,饮料,乳制品,230.0,52
10,王老吉（500ml）,饮料,茶饮料,242.0,51
6,40g双汇玉米热狗肠,非饮料,肉干/豆制品/蛋,103.5,49
11,香豆干,非饮料,肉干/豆制品/蛋,49.5,49
10,250ml维他原味豆奶,饮料,植物蛋白,153.2,48
11,王老吉（500ml）,饮料,茶饮料,196.0,47
9,营养快线,饮料,乳制品,188.5,46
6,东鹏特饮,饮料,功能饮料,158.5,45
8,阿萨姆奶茶,饮料,茶饮料,196.5,44
9,王老吉（500ml）,饮料,茶饮料,180.0,44
10,王老吉（罐）,饮料,茶饮料,164.0,44
9,鸭翅,非饮料,肉干/豆制品/蛋,76.0,44
12,鸭翅,非饮料,肉干/豆制品/蛋,78.0,44
10,30g无穷农场盐_鸡蛋,非饮料,肉干/豆制品/蛋,160.0,43
10,40g双汇玉米热狗肠,非饮料,肉干/豆制品/蛋,93.0,43
10,145ml旺仔牛奶盒装,饮料,乳制品,114.0,43
6,营养快线,饮料,乳制品,187.0,43
11,伊利纯牛奶,饮料,乳制品,119.0,42
11,红牛,饮料,功能饮料,253.0,41
12,果粒橙,饮料,果蔬饮料,152.0,41
10,13g无穷烤鸡小腿蜂蜜味,非饮料,肉干/豆制品/蛋,151.0,41
10,250ml维他柠檬茶,饮料,茶饮料,125.0,41
11,小鱼仔,非饮料,海味零食,44.0,40
8,脉动,饮料,功能饮料,179.0,40
12,芬达330ml,饮料,碳酸饮料,122.5,40
6,统一冰红茶,饮料,茶饮料,133.0,39
11,鸭翅,非饮料,肉干/豆制品/蛋,69.5,39
5,怡宝纯净水,饮料,水,101.0,38
12,可口可乐330ml,饮料,碳酸饮料,112.0,38
12,雪碧（500ml）,饮料,碳酸饮料,117.5,37
9,统一冰红茶,饮料,茶饮料,116.5,37
10,统一绿茶,饮料,茶饮料,123.0,37
6,145ml旺仔牛奶盒装,饮料,乳制品,111.0,37
11,统一冰红茶,饮料,茶饮料,117.5,37
9,红牛,饮料,功能饮料,226.5,37
8,果粒橙,饮料,果蔬饮料,140.0,37
8,统一冰红茶,饮料,茶饮料,127.5,36
9,卫龙大面筋,非饮料,肉干/豆制品/蛋,108.0,36
10,芬达330ml,饮料,碳酸饮料,117.0,36
8,芬达330ml,饮料,碳酸饮料,115.0,36
11,伊利优酸乳,饮料,乳制品,95.0,35
6,阿萨姆奶茶,饮料,茶饮料,150.5,35
11,可口可乐330ml,饮料,碳酸饮料,95.5,35
12,卫龙大面筋,非饮料,肉干/豆制品/蛋,102.0,34
11,百事可乐500ml,饮料,碳酸饮料,99.0,33
9,250ml维他柠檬茶,饮料,茶饮料,123.5,33
9,香豆干,非饮料,肉干/豆制品/蛋,34.0,33
10,可口可乐330ml,饮料,碳酸饮料,105.0,33
6,85g新麦潮北海道吐司,非饮料,饼干糕点,106.5,32
8,王老吉（500ml）,饮料,茶饮料,153.0,32
11,果粒橙,饮料,果蔬饮料,102.0,31
8,东鹏特饮,饮料,功能饮料,109.0,31
5,30g无穷农场盐_鸡蛋,非饮料,肉干/豆制品/蛋,109.5,31
12,小鱼仔,非饮料,海味零食,38.0,31
12,30g无穷农场盐_鸡蛋,非饮料,肉干/豆制品/蛋,107.0,30
11,银鹭八宝粥,饮料,方便速食,120.0,30
12,雪碧330ml,饮料,碳酸饮料,85.5,30
12,香豆干,非饮料,肉干/豆制品/蛋,34.5,30
12,红牛,饮料,功能饮料,180.0,30
10,东鹏特饮,饮料,功能饮料,103.0,29
9,可口可乐330ml,饮料,碳酸饮料,74.5,29
12,伊利优酸乳,饮料,乳制品,78.5,29
11,250ml维他原味豆奶,饮料,植物蛋白,107.8,29
10,伊利优酸乳,饮料,乳制品,86.0,28
10,20g咪咪虾条马来西亚风味,非饮料,膨化食品,46.6,28
6,85g新麦潮手撕面包（提子味）,非饮料,饼干糕点,89.5,28
11,250ml维他柠檬茶,饮料,茶饮料,123.5,28
6,王老吉（500ml）,饮料,茶饮料,125.5,28
5,脉动,饮料,功能饮料,125.0,28
12,伊利纯牛奶,饮料,乳制品,85.5,28
12,维他奶,饮料,植物蛋白,77.0,27
12,王老吉（罐）,饮料,茶饮料,102.5,27
11,统一绿茶,饮料,茶饮料,83.0,27
9,250ml维他原味豆奶,饮料,植物蛋白,89.5,27
11,20g咪咪虾条马来西亚风味,非饮料,膨化食品,75.79999999999998,26
5,250ml维他柠檬茶,饮料,茶饮料,92.5,26
9,百事可乐500ml,饮料,碳酸饮料,78.0,26
6,王老吉（罐）,饮料,茶饮料,99.0,26
6,250ml燕塘甜牛奶,饮料,乳制品,113.0,26
9,伊利纯牛奶,饮料,乳制品,75.0,26
12,可口可乐最新款,饮料,碳酸饮料,78.5,26
11,145ml旺仔牛奶盒装,饮料,乳制品,143.0,25
12,维他柠檬茶,饮料,茶饮料,77.0,25
9,小鱼仔,非饮料,海味零食,26.5,25
6,20g咪咪虾条马来西亚风味,非饮料,膨化食品,50.999999999999986,25
6,330ml伊利畅意乳酸菌原味,饮料,乳制品,187.5,25
5,40g双汇玉米热狗肠,非饮料,肉干/豆制品/蛋,57.0,25
8,王老吉（罐）,饮料,茶饮料,95.5,25
6,芬达330ml,饮料,碳酸饮料,75.5,25
8,可口可乐330ml,饮料,碳酸饮料,77.5,25
10,250ml维他奶巧克力味,饮料,植物蛋白,75.5,25
10,雪碧最新款,饮料,碳酸饮料,75.0,24
11,口味王槟榔（绿）,非饮料,蜜饯/果干,240.0,24
11,熊字饼,非饮料,饼干糕点,72.0,24
12,百事可乐500ml,饮料,碳酸饮料,72.0,24
11,250ml燕塘甜牛奶,饮料,乳制品,109.0,24
10,250ml燕塘甜牛奶,饮料,乳制品,102.5,24
8,香豆干,非饮料,肉干/豆制品/蛋,27.0,24
9,30g无穷农场盐_鸡蛋,非饮料,肉干/豆制品/蛋,77.5,24
10,86g合味道海鲜风味,非饮料,方便速食,136.0,23
2,怡宝纯净水,饮料,水,49.0,23
12,银鹭八宝粥,饮料,方便速食,92.0,23
2,东鹏特饮,饮料,功能饮料,80.5,23
6,统一绿茶,饮料,茶饮料,75.0,23
8,雪碧最新款,饮料,碳酸饮料,70.5,23
5,13g无穷烤鸡小腿蜂蜜味,非饮料,肉干/豆制品/蛋,83.0,23
12,雪碧最新款,饮料,碳酸饮料,72.0,23
9,250ml燕塘原味酸奶,饮料,乳制品,115.0,23
10,250ml燕塘红枣牛奶,饮料,乳制品,113.0,23
9,伊利优酸乳,饮料,乳制品,54.5,22
11,芬达330ml,饮料,碳酸饮料,62.5,22
12,250ml燕塘原味酸奶,饮料,乳制品,104.5,22
6,32g卫龙亲嘴烧,非饮料,肉干/豆制品/蛋,48.6,22
6,600ml可口可乐,饮料,碳酸饮料,76.5,22
6,鸭翅,非饮料,肉干/豆制品/蛋,37.5,22
12,85g新麦潮手撕面包（提子味）,非饮料,饼干糕点,88.0,22
6,13g无穷烤鸡小腿蜂蜜味,非饮料,肉干/豆制品/蛋,102.0,21
5,250ml维他原味豆奶,饮料,植物蛋白,65.5,21
10,雪碧（500ml）,饮料,碳酸饮料,85.5,21
12,250ml维他原味豆奶,饮料,植物蛋白,63.8,21
8,伊利优酸乳,饮料,乳制品,63.0,21
6,雪碧最新款,饮料,碳酸饮料,63.5,21
11,250ml燕塘原味酸奶,饮料,乳制品,112.0,21
12,香脆肠,非饮料,肉干/豆制品/蛋,25.5,20
9,银鹭八宝粥,饮料,方便速食,80.0,20
10,12g劲仔小鱼麻辣味,非饮料,肉干/豆制品/蛋,59.2,20
9,250ml燕塘甜牛奶,饮料,乳制品,93.5,20
9,王老吉（罐）,饮料,茶饮料,75.5,20
9,250ml红牛,饮料,功能饮料,177.0,20
9,268ml雀巢咖啡丝滑拿铁,饮料,咖啡,156.0,20
8,红牛,饮料,功能饮料,120.0,20
6,红牛,饮料,功能饮料,120.0,20
11,86g合味道海鲜风味,非饮料,方便速食,131.5,20
6,12g劲仔小鱼麻辣味,非饮料,肉干/豆制品/蛋,50.5,20
7,怡宝纯净水,饮料,水,49.0,20
9,熊字饼,非饮料,饼干糕点,60.0,20
6,58g丽芝士纳宝帝奶酪威化饼干,非饮料,饼干糕点,63.5,19
6,450ml美汁源果粒橙,饮料,果蔬饮料,77.0,19
12,250ml燕塘红枣牛奶,饮料,乳制品,79.0,19
10,600ml可口可乐,饮料,碳酸饮料,62.5,19
6,250ml维他奶巧克力味,饮料,植物蛋白,58.8,19
4,王老吉（500ml）,饮料,茶饮料,91.0,19
12,可口可乐（500ml）,饮料,碳酸饮料,57.0,19
10,伊利纯牛奶,饮料,乳制品,63.0,19
6,果粒橙,饮料,果蔬饮料,70.0,18
11,可口可乐最新款,饮料,碳酸饮料,53.0,18
10,红牛,饮料,功能饮料,108.0,18
11,雪碧最新款,饮料,碳酸饮料,54.5,18
4,果粒橙,饮料,果蔬饮料,68.5,18
9,430g泰奇八宝粥,非饮料,方便速食,110.0,18
10,可口可乐最新款,饮料,碳酸饮料,54.0,18
8,怡宝,饮料,水,54.0,18
9,冰糖雪梨,饮料,果蔬饮料,62.0,18
6,可口可乐330ml,饮料,碳酸饮料,55.0,18
5,东鹏特饮,饮料,功能饮料,63.0,18
9,雪碧（500ml）,饮料,碳酸饮料,56.0,18
10,250ml红牛,饮料,功能饮料,141.0,18
6,伊利优酸乳,饮料,乳制品,43.0,18
8,13g无穷烤鸡小腿蜂蜜味,非饮料,肉干/豆制品/蛋,55.0,18
10,香豆干,非饮料,肉干/豆制品/蛋,20.5,18
11,冰糖雪梨,饮料,果蔬饮料,64.0,18
6,卫龙大面筋,非饮料,肉干/豆制品/蛋,54.5,18
12,20g咪咪虾条马来西亚风味,非饮料,膨化食品,27.200000000000006,18
5,统一冰红茶,饮料,茶饮料,57.5,17
5,85g统一老坛酸菜牛肉面,非饮料,方便速食,94.5,17
9,统一绿茶,饮料,茶饮料,52.5,17
11,13g无穷烤鸡小腿蜂蜜味,非饮料,肉干/豆制品/蛋,84.5,17
10,鸭翅,非饮料,肉干/豆制品/蛋,29.0,17
11,维他柠檬茶,饮料,茶饮料,51.0,17
4,王老吉（罐）,饮料,茶饮料,65.0,17
12,85g统一老坛酸菜牛肉面,非饮料,方便速食,84.5,17
10,2g韩国海牌海苔,非饮料,海味零食,37.400000000000006,17
6,85g统一老坛酸菜牛肉面,非饮料,方便速食,90.5,17
12,40g双汇玉米热狗肠,非饮料,肉干/豆制品/蛋,34.5,17
6,250ml燕塘红枣牛奶,饮料,乳制品,97.5,17
4,营养快线,饮料,乳制品,77.0,17
9,口味王槟榔（绿）,非饮料,蜜饯/果干,170.0,17
11,王老吉（罐）,饮料,茶饮料,61.5,17
3,东鹏特饮,饮料,功能饮料,61.0,17
11,330ml伊利畅意乳酸菌原味,饮料,乳制品,123.0,17
5,145ml旺仔牛奶盒装,饮料,乳制品,69.5,17
6,75g新麦潮天然酵母面包（北海道牛奶风味）,非饮料,饼干糕点,55.5,17
6,268ml雀巢咖啡丝滑拿铁,饮料,咖啡,95.0,17
11,85g新麦潮北海道吐司,非饮料,饼干糕点,57.5,17
10,250ml燕塘原味酸奶,饮料,乳制品,75.5,17
11,维他奶,饮料,植物蛋白,44.0,16
5,85g新麦潮北海道吐司,非饮料,饼干糕点,49.0,16
8,小鱼仔,非饮料,海味零食,22.5,16
8,熊字饼,非饮料,饼干糕点,55.0,16
10,450ml美汁源果粒橙,饮料,果蔬饮料,93.0,16
4,伊利纯牛奶,饮料,乳制品,50.5,16
12,13g无穷烤鸡小腿蜂蜜味,非饮料,肉干/豆制品/蛋,67.5,16
6,2g韩国海牌海苔,非饮料,海味零食,34.20000000000001,16
6,250ml燕塘原味酸奶,饮料,乳制品,72.0,16
6,430g泰奇八宝粥,非饮料,方便速食,104.0,16
9,40g双汇玉米热狗肠,非饮料,肉干/豆制品/蛋,29.0,16
10,雪碧330ml,饮料,碳酸饮料,50.5,16
6,78g卫龙亲嘴语辣条,非饮料,肉干/豆制品/蛋,72.0,16
9,可口可乐最新款,饮料,碳酸饮料,47.5,16
10,85g新麦潮手撕面包（提子味）,非饮料,饼干糕点,45.0,15
12,茉莉蜜茶,饮料,茶饮料,45.5,15
3,怡宝纯净水,饮料,水,37.0,15
11,268ml雀巢咖啡丝滑拿铁,饮料,咖啡,88.5,15
5,85g新麦潮手撕面包（提子味）,非饮料,饼干糕点,42.0,15
6,可口可乐（500ml）,饮料,碳酸饮料,49.5,15
12,口味王槟榔（绿）,非饮料,蜜饯/果干,150.0,15
6,小鱼仔,非饮料,海味零食,17.5,15
9,芬达330ml,饮料,碳酸饮料,43.0,15
8,统一绿茶,饮料,茶饮料,50.0,15
9,145ml旺仔牛奶盒装,饮料,乳制品,44.5,15
11,250ml燕塘红枣牛奶,饮料,乳制品,74.0,15
11,芙蓉王,非饮料,香烟,375.0,15
5,250ml燕塘原味酸奶,饮料,乳制品,70.5,15
8,10g卫龙亲嘴烧香辣味,非饮料,肉干/豆制品/蛋,20.7,15
9,维他奶,饮料,植物蛋白,39.0,14
11,250ml红牛,饮料,功能饮料,122.5,14
6,维他奶,饮料,植物蛋白,40.0,14
6,205g伊利安慕希原味,饮料,乳制品,137.0,14
11,雪碧（500ml）,饮料,碳酸饮料,44.0,14
4,40g双汇玉米热狗肠,非饮料,肉干/豆制品/蛋,33.0,14
11,30g无穷农场盐_鸡蛋,非饮料,肉干/豆制品/蛋,38.5,14
6,500ml统一阿萨姆奶茶,饮料,茶饮料,79.0,14
8,伊利纯牛奶,饮料,乳制品,43.5,14
6,250ml红牛,饮料,功能饮料,114.5,14
11,430g泰奇八宝粥,非饮料,方便速食,85.0,14
11,500ml统一阿萨姆奶茶,饮料,茶饮料,78.0,14
6,银鹭八宝粥,饮料,方便速食,56.5,14
5,86g合味道海鲜风味,非饮料,方便速食,100.5,14
10,205g伊利安慕希原味,饮料,乳制品,109.5,14
9,20g咪咪虾条马来西亚风味,非饮料,膨化食品,22.1,14
12,145ml旺仔牛奶盒装,饮料,乳制品,45.0,14
4,东鹏特饮,饮料,功能饮料,45.5,13
1,阿萨姆奶茶,饮料,茶饮料,59.5,13
1,东鹏特饮,饮料,功能饮料,46.0,13
9,雀巢咖啡,饮料,咖啡,88.5,13
11,85g统一老坛酸菜牛肉面,非饮料,方便速食,65.5,13
2,营养快线,饮料,乳制品,52.0,13
9,雪碧330ml,饮料,碳酸饮料,33.5,13
12,268ml雀巢咖啡丝滑拿铁,饮料,咖啡,83.0,13
6,86g合味道海鲜风味,非饮料,方便速食,94.5,13
5,营养快线,饮料,乳制品,60.0,13
12,85g新麦潮北海道吐司,非饮料,饼干糕点,44.5,13
9,果粒橙,饮料,果蔬饮料,45.0,13
9,维他柠檬茶,饮料,茶饮料,38.5,13
9,250ml燕塘红枣牛奶,饮料,乳制品,64.5,13
9,13g无穷烤鸡小腿蜂蜜味,非饮料,肉干/豆制品/蛋,50.0,13
9,250ml维他奶巧克力味,饮料,植物蛋白,49.5,13
10,78g卫龙亲嘴语辣条,非饮料,肉干/豆制品/蛋,58.5,13
10,70g乖媳妇野山泡椒凤爪,非饮料,肉干/豆制品/蛋,52.0,13
12,250ml燕塘甜牛奶,饮料,乳制品,56.0,13
10,卫龙大面筋,非饮料,肉干/豆制品/蛋,36.5,12
11,450ml美汁源果粒橙,饮料,果蔬饮料,54.0,12
9,12g劲仔小鱼麻辣味,非饮料,肉干/豆制品/蛋,30.0,12
11,32g卫龙亲嘴烧,非饮料,肉干/豆制品/蛋,34.2,12
1,营养快线,饮料,乳制品,52.0,12
12,86g合味道海鲜风味,非饮料,方便速食,83.5,12
4,脉动,饮料,功能饮料,56.5,12
10,85g统一老坛酸菜牛肉面,非饮料,方便速食,58.5,12
10,口味王槟榔（绿）,非饮料,蜜饯/果干,120.0,12
8,卫龙大面筋,非饮料,肉干/豆制品/蛋,36.0,12
3,营养快线,饮料,乳制品,50.0,12
9,32g卫龙亲嘴烧,非饮料,肉干/豆制品/蛋,28.800000000000004,12
10,10g卫龙亲嘴烧香辣味,非饮料,肉干/豆制品/蛋,23.099999999999998,12
10,268ml雀巢咖啡丝滑拿铁,饮料,咖啡,136.0,12
9,450ml美汁源果粒橙,饮料,果蔬饮料,53.0,12
4,30g无穷农场盐_鸡蛋,非饮料,肉干/豆制品/蛋,42.0,12
12,熊字饼,非饮料,饼干糕点,38.5,12
5,12g劲仔小鱼麻辣味,非饮料,肉干/豆制品/蛋,33.0,12
10,68g好丽友巧克力派2枚,非饮料,饼干糕点,58.0,12
4,250ml维他柠檬茶,饮料,茶饮料,38.0,12
7,营养快线,饮料,乳制品,46.5,11
5,32g卫龙亲嘴烧,非饮料,肉干/豆制品/蛋,37.800000000000004,11
7,145ml旺仔牛奶盒装,饮料,乳制品,64.0,11
5,250ml红牛,饮料,功能饮料,89.5,11
6,香豆干,非饮料,肉干/豆制品/蛋,12.5,11
6,70g乖媳妇野山泡椒凤爪,非饮料,肉干/豆制品/蛋,38.0,11
10,500ml统一阿萨姆奶茶,饮料,茶饮料,74.0,11
12,600ml可口可乐,饮料,碳酸饮料,37.5,11
5,32g卫龙亲嘴烧红烧牛肉味,非饮料,肉干/豆制品/蛋,23.400000000000002,11
5,600ml可口可乐,饮料,碳酸饮料,40.0,11
5,330ml伊利畅意乳酸菌原味,饮料,乳制品,73.0,11
5,55g奥利奥原味芝士饼干,非饮料,饼干糕点,42.0,11
10,85g新麦潮北海道吐司,非饮料,饼干糕点,36.0,11
5,45g双汇泡面拍挡,非饮料,肉干/豆制品/蛋,16.0,11
10,75g新麦潮天然酵母面包（北海道牛奶风味）,非饮料,饼干糕点,30.0,11
6,可口可乐最新款,饮料,碳酸饮料,32.0,11
10,银鹭八宝粥,饮料,方便速食,44.0,11
10,330ml伊利畅意乳酸菌原味,饮料,乳制品,73.0,11
11,雀巢咖啡,饮料,咖啡,76.5,11
1,30g无穷农场盐_鸡蛋,非饮料,肉干/豆制品/蛋,27.0,11
12,冰糖雪梨,饮料,果蔬饮料,38.0,11
11,雪碧330ml,饮料,碳酸饮料,27.5,11
1,雪碧最新款,饮料,碳酸饮料,34.0,11
9,芙蓉王,非饮料,香烟,275.0,11
8,雪碧（500ml）,饮料,碳酸饮料,41.0,11
12,咪咪,非饮料,膨化食品,11.0,10
5,268ml雀巢咖啡丝滑拿铁,饮料,咖啡,67.0,10
9,500ml统一阿萨姆奶茶,饮料,茶饮料,52.0,10
4,阿萨姆奶茶,饮料,茶饮料,45.5,10
5,卫龙大面筋,非饮料,肉干/豆制品/蛋,30.0,10
5,王老吉（500ml）,饮料,茶饮料,45.0,10
8,可口可乐最新款,饮料,碳酸饮料,30.0,10
9,45g双汇泡面拍挡,非饮料,肉干/豆制品/蛋,22.0,10
6,雪碧（500ml）,饮料,碳酸饮料,34.0,10
5,果粒橙,饮料,果蔬饮料,38.5,10
12,250ml维他奶巧克力味,饮料,植物蛋白,30.8,10
9,雪碧最新款,饮料,碳酸饮料,30.5,10
6,雪碧330ml,饮料,碳酸饮料,32.0,10
3,统一冰红茶,饮料,茶饮料,31.0,10
12,250ml红牛,饮料,功能饮料,68.0,10
10,熊字饼,非饮料,饼干糕点,33.0,10
5,250ml燕塘红枣牛奶,饮料,乳制品,54.0,10
5,阿萨姆奶茶,饮料,茶饮料,42.0,10
3,脉动,饮料,功能饮料,43.5,10
6,55g奥利奥原味芝士饼干,非饮料,饼干糕点,36.0,10
4,熊字饼,非饮料,饼干糕点,34.5,10
2,阿萨姆奶茶,饮料,茶饮料,41.5,10
4,20g咪咪虾条马来西亚风味,非饮料,膨化食品,15.8,10
11,12g劲仔小鱼麻辣味,非饮料,肉干/豆制品/蛋,26.0,10
8,香脆肠,非饮料,肉干/豆制品/蛋,12.5,10
6,600ml雪碧,饮料,碳酸饮料,26.700000000000003,10
7,30g无穷农场盐_鸡蛋,非饮料,肉干/豆制品/蛋,44.5,10
5,450ml美汁源果粒橙,饮料,果蔬饮料,45.0,10
7,250ml维他柠檬茶,饮料,茶饮料,40.5,10
2,脉动,饮料,功能饮料,40.0,10
11,160g盼盼手撕面包,非饮料,饼干糕点,72.0,10
5,20g咪咪虾条马来西亚风味,非饮料,膨化食品,17.6,10
9,100g*5瓶益力多,饮料,乳制品,134.5,10
12,450ml美汁源果粒橙,饮料,果蔬饮料,35.0,10
10,480ml小茗同学冷泡青柠红茶,饮料,茶饮料,44.0,9
5,78g卫龙亲嘴语辣条,非饮料,肉干/豆制品/蛋,49.5,9
5,伊利纯牛奶,饮料,乳制品,27.0,9
11,70g乖媳妇野山泡椒凤爪,非饮料,肉干/豆制品/蛋,35.0,9
11,250ml维他奶巧克力味,饮料,植物蛋白,34.5,9
10,58g丽芝士纳宝帝奶酪威化饼干,非饮料,饼干糕点,35.5,9
7,13g无穷烤鸡小腿蜂蜜味,非饮料,肉干/豆制品/蛋,30.5,9
10,45g双汇泡面拍挡,非饮料,肉干/豆制品/蛋,15.0,9
5,430g泰奇八宝粥,非饮料,方便速食,62.0,9
8,鸭翅,非饮料,肉干/豆制品/蛋,16.5,9
2,香豆干,非饮料,肉干/豆制品/蛋,10.0,9
10,600ml雪碧,饮料,碳酸饮料,21.3,9
3,阿萨姆奶茶,饮料,茶饮料,36.5,9
11,85g新麦潮手撕面包（提子味）,非饮料,饼干糕点,34.5,9
11,78g卫龙亲嘴语辣条,非饮料,肉干/豆制品/蛋,49.5,9
9,330ml伊利畅意乳酸菌原味,饮料,乳制品,52.0,9
5,205g伊利安慕希原味,饮料,乳制品,55.0,9
1,香脆肠,非饮料,肉干/豆制品/蛋,13.5,9
6,50g上好佳田园薯片番茄味,非饮料,膨化食品,42.5,9
10,150g健能酸奶原味,饮料,乳制品,62.0,9
6,65g卫龙亲嘴豆皮,非饮料,肉干/豆制品/蛋,40.5,9
12,口味王槟榔（红）,非饮料,蜜饯/果干,135.0,9
6,45g双汇泡面拍挡,非饮料,肉干/豆制品/蛋,12.5,9
9,85g新麦潮北海道吐司,非饮料,饼干糕点,23.0,9
6,32g卫龙亲嘴烧红烧牛肉味,非饮料,肉干/豆制品/蛋,21.600000000000005,9
9,600ml脉动青柠,饮料,功能饮料,49.5,9
4,统一冰红茶,饮料,茶饮料,31.0,9
6,91g徐福记凤梨酥,非饮料,饼干糕点,58.5,9
9,58g丽芝士纳宝帝奶酪威化饼干,非饮料,饼干糕点,27.0,9
9,印尼芝士威化饼干,非饮料,饼干糕点,27.0,9
4,58g丽芝士纳宝帝奶酪威化饼干,非饮料,饼干糕点,25.0,9
10,85g嘉士利果乐果香夹心饼干蓝莓味,非饮料,饼干糕点,40.5,9
5,鸭翅,非饮料,肉干/豆制品/蛋,16.5,9
6,维他柠檬茶,饮料,茶饮料,28.0,9
10,维他奶,饮料,植物蛋白,25.5,9
9,好吃点小饼干,非饮料,饼干糕点,9.0,9
6,150g健能酸奶原味,饮料,乳制品,63.0,8
12,50g上好佳田园薯片番茄味,非饮料,膨化食品,35.0,8
6,茉莉蜜茶,饮料,茶饮料,25.5,8
9,86g合味道海鲜风味,非饮料,方便速食,52.5,8
1,250ml维他柠檬茶,饮料,茶饮料,26.0,8
6,480ml小茗同学冷泡青柠红茶,饮料,茶饮料,41.0,8
3,王老吉（罐）,饮料,茶饮料,30.0,8
6,熊字饼,非饮料,饼干糕点,28.0,8
10,可口可乐（500ml）,饮料,碳酸饮料,29.0,8
7,250ml维他原味豆奶,饮料,植物蛋白,25.5,8
9,75g新麦潮天然酵母面包（北海道牛奶风味）,非饮料,饼干糕点,21.0,8
9,70g乐事薯片黄瓜味,非饮料,膨化食品,54.0,8
6,160g盼盼手撕面包,非饮料,饼干糕点,51.0,8
6,10g卫龙亲嘴烧香辣味,非饮料,肉干/豆制品/蛋,12.7,8
4,13g无穷烤鸡小腿蜂蜜味,非饮料,肉干/豆制品/蛋,28.5,8
11,205g伊利安慕希原味,饮料,乳制品,43.5,8
6,250ml维他奶低糖原味,饮料,植物蛋白,24.0,8
9,205g伊利安慕希原味,饮料,乳制品,44.0,8
5,王老吉（罐）,饮料,茶饮料,30.0,8
12,330ml伊利畅意乳酸菌原味,饮料,乳制品,64.5,8
11,40g双汇玉米热狗肠,非饮料,肉干/豆制品/蛋,30.0,8
12,32g卫龙亲嘴烧红烧牛肉味,非饮料,肉干/豆制品/蛋,19.8,8
9,500ml加多宝,饮料,茶饮料,31.0,8
1,红牛,饮料,功能饮料,48.0,8
4,可口可乐330ml,饮料,碳酸饮料,26.0,8
1,香豆干,非饮料,肉干/豆制品/蛋,9.0,8
5,250ml燕塘甜牛奶,饮料,乳制品,33.0,8
7,统一冰红茶,饮料,茶饮料,27.5,8
10,52g旺旺仙贝,非饮料,膨化食品,40.5,8
12,阿萨姆煎茶奶绿,饮料,茶饮料,32.0,8
4,250ml维他原味豆奶,饮料,植物蛋白,22.5,8
7,阿萨姆奶茶,饮料,茶饮料,34.5,8
10,430g泰奇八宝粥,非饮料,方便速食,50.0,8
2,怡宝,饮料,水,23.0,8
7,可口可乐330ml,饮料,碳酸饮料,24.0,8
10,32g卫龙亲嘴烧,非饮料,肉干/豆制品/蛋,19.8,8
11,600ml脉动青柠,饮料,功能饮料,37.5,8
4,86g合味道海鲜风味,非饮料,方便速食,53.5,8
10,148g富甲一方紫薯仔,非饮料,蜜饯/果干,58.5,8
11,600ml可口可乐,饮料,碳酸饮料,38.0,8
4,85g统一老坛酸菜牛肉面,非饮料,方便速食,45.5,8
8,口味王槟榔（绿）,非饮料,蜜饯/果干,80.0,8
1,王老吉（罐）,饮料,茶饮料,25.5,7
5,250ml维他奶巧克力味,饮料,植物蛋白,19.0,7
4,雪碧（500ml）,饮料,碳酸饮料,23.0,7
12,205g伊利安慕希原味,饮料,乳制品,38.0,7
1,脉动,饮料,功能饮料,28.0,7
4,85g新麦潮北海道吐司,非饮料,饼干糕点,16.0,7
11,2g韩国海牌海苔,非饮料,海味零食,20.800000000000004,7
11,85g嘉士利果乐果香夹心饼干蓝莓味,非饮料,饼干糕点,31.5,7
3,可口可乐330ml,饮料,碳酸饮料,19.5,7
10,咪咪虾条马来西亚风味,非饮料,膨化食品,14.4,7
1,85g新麦潮北海道吐司,非饮料,饼干糕点,23.0,7
1,鸭翅,非饮料,肉干/豆制品/蛋,12.0,7
7,伊利纯牛奶,饮料,乳制品,21.0,7
3,王老吉（500ml）,饮料,茶饮料,30.0,7
6,伊利纯牛奶,饮料,乳制品,22.0,7
9,55g奥利奥原味芝士饼干,非饮料,饼干糕点,29.5,7
5,红牛,饮料,功能饮料,43.0,7
9,双汇玉米热狗肠,非饮料,肉干/豆制品/蛋,16.0,7
4,芬达330ml,饮料,碳酸饮料,23.5,7
6,印尼芝士威化饼干,非饮料,饼干糕点,22.0,7
1,85g新麦潮手撕面包（提子味）,非饮料,饼干糕点,26.5,7
6,250ML东鹏特饮,饮料,功能饮料,49.5,7
1,果粒橙,饮料,果蔬饮料,27.0,7
9,160g盼盼手撕面包,非饮料,饼干糕点,47.0,7
1,王老吉（500ml）,饮料,茶饮料,33.0,7
12,凤爪,非饮料,肉干/豆制品/蛋,13.0,7
11,10g卫龙亲嘴烧香辣味,非饮料,肉干/豆制品/蛋,20.0,7
6,无穷烤鸡小腿（蜂蜜）,非饮料,肉干/豆制品/蛋,21.0,7
7,40g双汇玉米热狗肠,非饮料,肉干/豆制品/蛋,15.0,7
4,250ml红牛,饮料,功能饮料,82.0,7
6,500ml加多宝,饮料,茶饮料,37.5,7
11,600ml雪碧,饮料,碳酸饮料,26.400000000000002,7
4,伊利优酸乳,饮料,乳制品,19.5,7
12,500ml加多宝,饮料,茶饮料,29.5,7
11,100g*5瓶益力多,饮料,乳制品,86.0,7
6,40g呀土豆番茄酱味,非饮料,膨化食品,34.5,7
9,85g新麦潮手撕面包（提子味）,非饮料,饼干糕点,28.0,7
9,85g嘉士利果乐果香夹心饼干蓝莓味,非饮料,饼干糕点,31.5,7
9,78g卫龙亲嘴语辣条,非饮料,肉干/豆制品/蛋,31.5,7
10,65g卫龙亲嘴豆皮,非饮料,肉干/豆制品/蛋,31.5,7
10,600ml脉动青柠,饮料,功能饮料,37.5,7
10,55g奥利奥原味芝士饼干,非饮料,饼干糕点,26.5,7
6,85g嘉士利果乐果香夹心饼干蓝莓味,非饮料,饼干糕点,31.5,7
9,2g韩国海牌海苔,非饮料,海味零食,14.1,7
10,30g元朗小蛋卷,非饮料,饼干糕点,20.0,7
10,20g马来西亚风味咪咪蟹味粒0219,非饮料,膨化食品,15.600000000000001,7
3,雪碧（500ml）,饮料,碳酸饮料,23.0,7
3,果粒橙,饮料,果蔬饮料,25.0,7
3,香脆肠,非饮料,肉干/豆制品/蛋,8.0,7
9,148g富甲一方紫薯仔,非饮料,蜜饯/果干,52.0,7
11,150g健能酸奶原味,饮料,乳制品,59.0,7
4,12g劲仔小鱼麻辣味,非饮料,肉干/豆制品/蛋,11.5,7
12,250ml维他柠檬茶,饮料,茶饮料,20.0,7
6,110g顺宝九制话梅,非饮料,蜜饯/果干,25.400000000000002,6
8,好吃点小饼干,非饮料,饼干糕点,6.0,6
6,口味王槟榔（红）,非饮料,蜜饯/果干,90.0,6
6,咪咪虾条马来西亚风味,非饮料,膨化食品,7.2,6
9,600ml雪碧,饮料,碳酸饮料,19.7,6
11,泰奇八宝粥,非饮料,方便速食,42.0,6
12,好吃点小饼干,非饮料,饼干糕点,6.0,6
11,无穷农场盐_鸡蛋,非饮料,肉干/豆制品/蛋,23.5,6
10,250ml维他奶低糖原味,饮料,植物蛋白,21.0,6
9,600ml可口可乐,饮料,碳酸饮料,24.0,6
8,12g劲仔小鱼麻辣味,非饮料,肉干/豆制品/蛋,16.0,6
11,220g宝丰龙龟苓膏,非饮料,果冻/龟苓膏,27.0,6
12,85g嘉士利果乐果香夹心饼干蓝莓味,非饮料,饼干糕点,27.0,6
11,148g富甲一方紫薯仔,非饮料,蜜饯/果干,39.0,6
6,80g四洲粟一烧烧烤味,非饮料,膨化食品,47.0,6
10,100g*5瓶益力多,饮料,乳制品,162.5,6
8,250ml维他柠檬茶,饮料,茶饮料,17.0,6
10,160g盼盼手撕面包,非饮料,饼干糕点,43.0,6
4,小鱼仔,非饮料,海味零食,7.0,6
12,美年达（罐）,饮料,碳酸饮料,16.5,6
10,32g卫龙亲嘴烧红烧牛肉味,非饮料,肉干/豆制品/蛋,14.4,6
5,500ml统一阿萨姆奶茶,饮料,茶饮料,27.0,6
12,78g卫龙亲嘴语辣条,非饮料,肉干/豆制品/蛋,27.0,6
5,70g乐事薯片黄瓜味,非饮料,膨化食品,35.4,6
4,145ml旺仔牛奶盒装,饮料,乳制品,16.0,6
9,康师傅矿泉水,饮料,水,7.2,6
1,40g双汇玉米热狗肠,非饮料,肉干/豆制品/蛋,10.5,6
10,40g呀土豆薯片滋香烤鸡味,非饮料,膨化食品,31.5,6
8,百事可乐500ml,饮料,碳酸饮料,18.0,6
1,250ml燕塘原味酸奶,饮料,乳制品,28.0,6
7,口味王槟榔（绿）,非饮料,蜜饯/果干,60.0,6
12,75g新麦潮天然酵母面包（北海道牛奶风味）,非饮料,饼干糕点,18.0,6
5,可口可乐330ml,饮料,碳酸饮料,19.0,6
10,500ml加多宝,饮料,茶饮料,58.5,6
6,100g*5瓶益力多,饮料,乳制品,75.0,6
5,70g乖媳妇野山泡椒凤爪,非饮料,肉干/豆制品/蛋,19.5,6
7,85g统一老坛酸菜牛肉面,非饮料,方便速食,30.0,6
7,85g新麦潮手撕面包（提子味）,非饮料,饼干糕点,18.0,6
7,20g咪咪虾条马来西亚风味,非饮料,膨化食品,19.8,6
5,40g呀土豆薯片滋香烤鸡味,非饮料,膨化食品,31.5,6
10,110g顺宝九制话梅,非饮料,蜜饯/果干,32.6,6
12,70g乖媳妇野山泡椒凤爪,非饮料,肉干/豆制品/蛋,25.0,6
5,统一绿茶,饮料,茶饮料,19.5,6
5,480ml小茗同学冷泡青柠红茶,饮料,茶饮料,29.0,6
6,55g奥利奥原味夹心饼干,非饮料,饼干糕点,35.5,6
11,益力多100g*5瓶,饮料,乳制品,69.0,6
7,果粒橙,饮料,果蔬饮料,19.0,6
12,湘潭铺子(羽泉版),非饮料,蜜饯/果干,60.0,6
1,伊利优酸乳,饮料,乳制品,17.5,6
4,250ml燕塘红枣牛奶,饮料,乳制品,35.0,6
4,500ml统一阿萨姆奶茶,饮料,茶饮料,34.0,6
11,52g旺旺仙贝,非饮料,膨化食品,27.0,6
10,小鱼仔,非饮料,海味零食,8.5,6
2,红牛,饮料,功能饮料,36.0,6
8,雪碧330ml,饮料,碳酸饮料,20.0,6
11,480ml小茗同学冷泡青柠红茶,饮料,茶饮料,46.0,6
7,32g卫龙亲嘴烧,非饮料,肉干/豆制品/蛋,18.0,5
8,鸡爪,非饮料,肉干/豆制品/蛋,10.0,5
7,500ml统一阿萨姆奶茶,饮料,茶饮料,24.5,5
6,68g好丽友巧克力派2枚,非饮料,饼干糕点,27.0,5
9,85g统一老坛酸菜牛肉面,非饮料,方便速食,25.5,5
9,91g徐福记凤梨酥,非饮料,饼干糕点,32.5,5
2,银鹭八宝粥,饮料,方便速食,20.0,5
10,145g果王迷你山楂包装,非饮料,蜜饯/果干,35.0,5
10,91g徐福记凤梨酥,非饮料,饼干糕点,32.5,5
1,75g新麦潮天然酵母面包（北海道牛奶风味）,非饮料,饼干糕点,13.5,5
9,80g香飘飘椰果奶茶原味,饮料,茶饮料,27.0,5
1,250ml维他奶巧克力味,饮料,植物蛋白,14.5,5
2,统一冰红茶,饮料,茶饮料,15.0,5
12,手撕素肉排,非饮料,肉干/豆制品/蛋,5.5,5
10,冰糖雪梨,饮料,果蔬饮料,16.5,5
7,250ml燕塘红枣牛奶,饮料,乳制品,21.5,5
7,王老吉（500ml）,饮料,茶饮料,22.0,5
9,370g泰奇八宝粥,非饮料,方便速食,30.0,5
12,维他原味豆奶,饮料,植物蛋白,17.5,5
6,好吃点小饼干,非饮料,饼干糕点,5.0,5
12,丽芝士纳宝帝奶酪威化饼干,非饮料,饼干糕点,17.5,5
1,可口可乐最新款,饮料,碳酸饮料,15.0,5
9,32g卫龙亲嘴烧红烧牛肉味,非饮料,肉干/豆制品/蛋,9.0,5
2,卫龙大面筋,非饮料,肉干/豆制品/蛋,15.0,5
10,40g乐事薯片黄瓜味,非饮料,膨化食品,27.0,5
2,王老吉（500ml）,饮料,茶饮料,20.0,5
6,美汁源果粒橙,饮料,果蔬饮料,28.0,5
7,香豆干,非饮料,肉干/豆制品/蛋,5.5,5
8,美年达（罐）,饮料,碳酸饮料,13.0,5
2,果粒橙,饮料,果蔬饮料,16.0,5
9,70g乖媳妇野山泡椒凤爪,非饮料,肉干/豆制品/蛋,16.5,5
7,100g*5瓶益力多,饮料,乳制品,62.5,5
9,180ml雀巢咖啡罐装,饮料,咖啡,36.0,5
9,香脆肠,非饮料,肉干/豆制品/蛋,8.0,5
12,芙蓉王,非饮料,香烟,125.0,5
9,燕塘红枣牛奶,饮料,乳制品,27.0,5
12,500ml统一阿萨姆奶茶,饮料,茶饮料,24.5,5
4,600ml雪碧,饮料,碳酸饮料,10.700000000000001,5
5,58g丽芝士纳宝帝奶酪威化饼干,非饮料,饼干糕点,20.0,5
12,12g劲仔小鱼卤香味,非饮料,肉干/豆制品/蛋,13.5,5
12,天地一号,饮料,果蔬饮料,24.0,5
6,250ml统一麦香奶茶,饮料,茶饮料,12.5,5
6,250ml王老吉盒装,饮料,茶饮料,12.5,5
12,480ml小茗同学冷泡青柠红茶,饮料,茶饮料,36.5,5
12,110g顺宝九制话梅,非饮料,蜜饯/果干,23.8,5
4,鸭翅,非饮料,肉干/豆制品/蛋,9.0,5
6,20g马来西亚风味咪咪蟹味粒0219,非饮料,膨化食品,7.6000000000000005,5
4,600ml可口可乐,饮料,碳酸饮料,17.0,5
5,110g顺宝九制话梅,非饮料,蜜饯/果干,27.6,5
6,180ml雀巢咖啡罐装,饮料,咖啡,27.0,5
6,150g洽洽原香瓜子,非饮料,坚果炒货,42.0,5
12,430g泰奇八宝粥,非饮料,方便速食,31.0,5
1,统一冰红茶,饮料,茶饮料,16.5,5
2,伊利优酸乳,饮料,乳制品,11.0,5
3,20g咪咪虾条马来西亚风味,非饮料,膨化食品,7.0,5
5,500ml农夫果园 (芒果+菠萝+番石榴),饮料,果蔬饮料,22.5,5
5,160g盼盼手撕面包,非饮料,饼干糕点,33.0,5
2,鸭翅,非饮料,肉干/豆制品/蛋,9.0,5
5,40g上好佳日式鱼果,非饮料,膨化食品,23.0,5
11,250ML东鹏特饮,饮料,功能饮料,26.0,5
5,银鹭八宝粥,饮料,方便速食,20.5,5
11,80g四洲粟一烧烧烤味,非饮料,膨化食品,50.0,5
3,怡宝,饮料,水,15.0,5
12,2g韩国海牌海苔,非饮料,海味零食,9.2,5
4,红牛,饮料,功能饮料,31.0,5
6,370g泰奇八宝粥,非饮料,方便速食,30.0,5
1,熊字饼,非饮料,饼干糕点,18.0,5
11,45g双汇泡面拍挡,非饮料,肉干/豆制品/蛋,7.5,5
3,美年达（罐）,饮料,碳酸饮料,14.0,5
4,70g乖媳妇野山泡椒凤爪,非饮料,肉干/豆制品/蛋,19.0,5
5,91g徐福记凤梨酥,非饮料,饼干糕点,32.5,5
3,芬达330ml,饮料,碳酸饮料,16.0,5
12,20g马来西亚风味咪咪蟹味粒0219,非饮料,膨化食品,11.2,5
5,75g新麦潮天然酵母面包（北海道牛奶风味）,非饮料,饼干糕点,13.5,5
4,卫龙大面筋,非饮料,肉干/豆制品/蛋,15.0,5
4,可口可乐最新款,饮料,碳酸饮料,15.0,5
11,150g洽洽原香瓜子,非饮料,坚果炒货,33.0,5
5,可口可乐（500ml）,饮料,碳酸饮料,15.0,5
6,30g元朗小蛋卷,非饮料,饼干糕点,12.5,5
6,52g旺旺仙贝,非饮料,膨化食品,22.5,5
11,咪咪虾条马来西亚风味,非饮料,膨化食品,7.0,5
7,75g新麦潮天然酵母面包（北海道牛奶风味）,非饮料,饼干糕点,11.0,4
8,银鹭八宝粥,饮料,方便速食,15.5,4
5,40g呀土豆番茄酱味,非饮料,膨化食品,18.0,4
10,55g奥利奥原味夹心饼干,非饮料,饼干糕点,22.0,4
11,70g乐事薯片黄瓜味,非饮料,膨化食品,25.5,4
11,40g呀土豆薯片滋香烤鸡味,非饮料,膨化食品,18.0,4
5,40g乐事美国经典原味,非饮料,膨化食品,18.0,4
11,65g卫龙亲嘴豆皮,非饮料,肉干/豆制品/蛋,18.0,4
11,香脆肠,非饮料,肉干/豆制品/蛋,6.0,4
12,12g劲仔小鱼麻辣味,非饮料,肉干/豆制品/蛋,6.0,4
9,150g洽洽原香瓜子,非饮料,坚果炒货,22.5,4
10,70g乐事薯片黄瓜味,非饮料,膨化食品,25.0,4
10,70g乐事薯片（原味）,非饮料,膨化食品,23.0,4
10,70g乐事薯片（黄瓜味）,非饮料,膨化食品,23.0,4
12,150g健能酸奶原味,饮料,乳制品,28.0,4
5,80g四洲粟一烧烧烤味,非饮料,膨化食品,30.0,4
11,58g丽芝士纳宝帝奶酪威化饼干,非饮料,饼干糕点,17.5,4
12,10g卫龙亲嘴烧香辣味,非饮料,肉干/豆制品/蛋,4.0,4
10,80g四洲粟一烧烧烤味,非饮料,膨化食品,28.0,4
5,68g好丽友巧克力派2枚,非饮料,饼干糕点,18.0,4
4,10g卫龙亲嘴烧香辣味,非饮料,肉干/豆制品/蛋,3.0,4
4,250ml燕塘甜牛奶,饮料,乳制品,17.0,4
7,430g泰奇八宝粥,非饮料,方便速食,26.0,4
11,卫龙亲嘴烧红烧牛肉味,非饮料,肉干/豆制品/蛋,16.5,4
12,经典奶茶,饮料,茶饮料,14.0,4
11,75g新麦潮天然酵母面包（北海道牛奶风味）,非饮料,饼干糕点,10.0,4
8,维他柠檬茶,饮料,茶饮料,11.5,4
8,口味王槟榔（红）,非饮料,蜜饯/果干,60.0,4
4,雪碧最新款,饮料,碳酸饮料,12.5,4
8,印尼芝士威化饼干,非饮料,饼干糕点,12.0,4
7,雪碧（500ml）,饮料,碳酸饮料,12.0,4
11,无穷烤鸡小腿（蜂蜜）,非饮料,肉干/豆制品/蛋,48.0,4
4,78g卫龙亲嘴语辣条,非饮料,肉干/豆制品/蛋,18.0,4
4,统一绿茶,饮料,茶饮料,13.5,4
11,双汇玉米热狗肠,非饮料,肉干/豆制品/蛋,10.0,4
10,250ml王老吉盒装,饮料,茶饮料,10.0,4
4,85g嘉士利果乐果香夹心饼干蓝莓味,非饮料,饼干糕点,18.0,4
12,58g丽芝士纳宝帝奶酪威化饼干,非饮料,饼干糕点,12.0,4
4,85g新麦潮手撕面包（提子味）,非饮料,饼干糕点,11.0,4
10,250ML东鹏特饮,饮料,功能饮料,17.0,4
1,450ml美汁源果粒橙,饮料,果蔬饮料,14.0,4
8,30g无穷农场盐_鸡蛋,非饮料,肉干/豆制品/蛋,22.5,4
8,40g双汇玉米热狗肠,非饮料,肉干/豆制品/蛋,7.5,4
8,70g乖媳妇野山泡椒凤爪,非饮料,肉干/豆制品/蛋,12.5,4
4,香豆干,非饮料,肉干/豆制品/蛋,5.0,4
7,芬达330ml,饮料,碳酸饮料,12.0,4
7,脉动,饮料,功能饮料,16.5,4
5,20g马来西亚风味咪咪蟹味粒0219,非饮料,膨化食品,9.6,4
8,维他奶,饮料,植物蛋白,11.5,4
7,东鹏特饮,饮料,功能饮料,14.0,4
4,32g卫龙亲嘴烧红烧牛肉味,非饮料,肉干/豆制品/蛋,7.2,4
5,2g韩国海牌海苔,非饮料,海味零食,9.5,4
10,500ml农夫果园 (芒果+菠萝+番石榴),饮料,果蔬饮料,18.5,4
4,430g泰奇八宝粥,非饮料,方便速食,24.0,4
8,椰树牌椰汁,饮料,植物蛋白,18.0,4
7,250ml燕塘原味酸奶,饮料,乳制品,16.5,4
8,咪咪,非饮料,膨化食品,4.0,4
10,40g乐事美国经典原味,非饮料,膨化食品,18.0,4
10,370g泰奇八宝粥,非饮料,方便速食,24.0,4
11,经典奶茶,饮料,茶饮料,14.0,4
5,150g健能酸奶原味,饮料,乳制品,14.0,4
10,34g公仔迷你杯牛肉味,非饮料,方便速食,18.0,4
1,芬达330ml,饮料,碳酸饮料,12.5,4
7,熊字饼,非饮料,饼干糕点,12.0,4
3,雪碧330ml,饮料,碳酸饮料,11.5,4
11,48g好丽友薯愿香烤原味,非饮料,膨化食品,20.0,4
6,康师傅矿泉水,饮料,水,4.2,4
9,500ml农夫果园 (芒果+菠萝+番石榴),饮料,果蔬饮料,22.5,4
12,怡宝,饮料,水,12.0,4
12,40g乐事美国经典原味,非饮料,膨化食品,22.5,4
9,卫龙亲嘴烧红烧牛肉味,非饮料,肉干/豆制品/蛋,10.5,4
6,尖叫,饮料,功能饮料,16.0,4
11,225g味之不规则饼干芝士味,非饮料,饼干糕点,35.0,4
9,50g上好佳田园薯片番茄味,非饮料,膨化食品,17.0,4
12,32g卫龙亲嘴烧,非饮料,肉干/豆制品/蛋,19.8,4
11,188g澳门永辉鸡仔饼,非饮料,饼干糕点,153.0,4
5,雪碧330ml,饮料,碳酸饮料,12.0,4
11,250ml王老吉盒装,饮料,茶饮料,10.0,4
5,芬达330ml,饮料,碳酸饮料,13.0,4
5,芦荟汁,饮料,果蔬饮料,24.0,4
9,四洲粟一烧烧烤味,非饮料,膨化食品,36.0,4
1,统一绿茶,饮料,茶饮料,13.5,4
1,可口可乐330ml,饮料,碳酸饮料,11.5,4
6,180g统一满汉全席台式半筋半肉牛肉面,非饮料,方便速食,118.8,4
6,美年达（罐）,饮料,碳酸饮料,10.5,4
12,500ml农夫果园 (芒果+菠萝+番石榴),饮料,果蔬饮料,18.5,4
12,鸡爪,非饮料,肉干/豆制品/蛋,8.0,4
9,上好佳田园薯片,非饮料,膨化食品,16.5,4
6,48g好丽友薯愿香烤原味,非饮料,膨化食品,20.0,4
6,40g呀土豆薯片滋香烤鸡味,非饮料,膨化食品,18.0,4
12,500ml康师傅冰糖雪梨,饮料,果蔬饮料,12.5,4
6,40g卫龙点心面黑椒牛排味,非饮料,肉干/豆制品/蛋,28.0,4
12,乐虎,饮料,功能饮料,20.5,4
6,188g澳门永辉鸡仔饼,非饮料,饼干糕点,119.0,4
6,40g乐事美国经典原味,非饮料,膨化食品,18.0,4
6,40g上好佳日式鱼果,非饮料,膨化食品,16.0,4
6,80g香飘飘椰果奶茶原味,饮料,茶饮料,22.5,4
9,凤爪,非饮料,肉干/豆制品/蛋,8.0,4
6,250ml维他椰子植物蛋白饮料,饮料,植物蛋白,17.5,4
10,迷你纸巾,非饮料,纸巾,4.0,4
3,卫龙大面筋,非饮料,肉干/豆制品/蛋,13.0,4
8,600ml脉动青柠,饮料,功能饮料,18.5,4
7,10g卫龙亲嘴烧香辣味,非饮料,肉干/豆制品/蛋,3.4,4
5,无穷烤鸡小腿（蜂蜜）,非饮料,肉干/豆制品/蛋,12.0,4
11,32g卫龙亲嘴烧红烧牛肉味,非饮料,肉干/豆制品/蛋,9.0,4
12,250ML东鹏特饮,饮料,功能饮料,20.5,4
12,500ml营养快线原味,饮料,乳制品,22.5,4
1,250ml燕塘甜牛奶,饮料,乳制品,17.0,4
12,600ml雪碧,饮料,碳酸饮料,12.3,4
10,口味王槟榔（红）,非饮料,蜜饯/果干,60.0,4
1,20g咪咪虾条马来西亚风味,非饮料,膨化食品,11.0,4
5,维他原味豆奶,饮料,植物蛋白,14.0,4
5,百事可乐500ml,饮料,碳酸饮料,12.0,4
5,伊利优酸乳,饮料,乳制品,12.0,4
11,燕塘甜牛奶,饮料,乳制品,13.5,3
9,70g乐事薯片原味,非饮料,膨化食品,18.5,3
8,可口可乐（500ml）,饮料,碳酸饮料,10.0,3
3,30g无穷农场盐_鸡蛋,非饮料,肉干/豆制品/蛋,7.5,3
3,32g卫龙亲嘴烧,非饮料,肉干/豆制品/蛋,5.4,3
9,80g马赛克香蕉片,非饮料,蜜饯/果干,21.0,3
9,农夫果园,饮料,果蔬饮料,15.0,3
9,145g果王迷你山楂包装,非饮料,蜜饯/果干,19.5,3
8,600ml雪碧,饮料,碳酸饮料,9.0,3
3,330ml伊利畅意乳酸菌原味,饮料,乳制品,18.0,3
9,80g四洲粟一烧烧烤味,非饮料,膨化食品,23.0,3
12,55g奥利奥原味芝士饼干,非饮料,饼干糕点,12.0,3
8,冰红茶（罐）,饮料,茶饮料,7.5,3
9,优益C活菌型乳酸菌饮品,饮料,乳制品,21.0,3
3,40g双汇玉米热狗肠,非饮料,肉干/豆制品/蛋,9.0,3
3,鸭翅,非饮料,肉干/豆制品/蛋,4.5,3
9,70g乐事薯片（黄瓜味）,非饮料,膨化食品,17.5,3
9,阿萨姆煎茶奶绿,饮料,茶饮料,12.0,3
12,45g双汇泡面拍挡,非饮料,肉干/豆制品/蛋,4.0,3
8,75g新麦潮天然酵母面包（北海道牛奶风味）,非饮料,饼干糕点,8.0,3
3,2g韩国海牌海苔,非饮料,海味零食,8.0,3
4,80g四洲粟一烧烧烤味,非饮料,膨化食品,22.0,3
11,安慕希酸奶,饮料,乳制品,18.0,3
4,口味王槟榔（绿）,非饮料,蜜饯/果干,30.0,3
9,180g统一满汉全席台式半筋半肉牛肉面,非饮料,方便速食,178.2,3
3,茉莉蜜茶,饮料,茶饮料,9.0,3
10,103g康师傅红烧牛肉面,非饮料,方便速食,16.5,3
12,双汇玉米热狗肠,非饮料,肉干/豆制品/蛋,6.0,3
12,脉动（青柠）,饮料,功能饮料,15.0,3
11,新麦潮天然酵母面包（牛奶风味）,非饮料,饼干糕点,12.0,3
4,91g徐福记凤梨酥,非饮料,饼干糕点,19.5,3
9,220g宝丰龙龟苓膏,非饮料,果冻/龟苓膏,19.0,3
3,雪碧最新款,饮料,碳酸饮料,9.5,3
3,250ml维他原味豆奶,饮料,植物蛋白,11.5,3
3,250ml维他奶巧克力味,饮料,植物蛋白,9.0,3
8,乐虎（380ml）,饮料,功能饮料,12.0,3
2,可口可乐最新款,饮料,碳酸饮料,9.0,3
3,红牛,饮料,功能饮料,18.0,3
9,68g好丽友巧克力派2枚,非饮料,饼干糕点,13.5,3
12,148g富甲一方紫薯仔,非饮料,蜜饯/果干,19.5,3
3,可口可乐330ml（罐）,饮料,碳酸饮料,7.5,3
4,55g奥利奥原味芝士饼干,非饮料,饼干糕点,10.5,3
8,好吃点,非饮料,饼干糕点,13.5,3
4,330ml伊利畅意乳酸菌原味,饮料,乳制品,18.0,3
9,30g元朗小蛋卷,非饮料,饼干糕点,7.5,3
4,32g卫龙亲嘴烧,非饮料,肉干/豆制品/蛋,5.4,3
9,48g好丽友薯愿香烤原味,非饮料,膨化食品,14.0,3
3,85g新麦潮手撕面包（提子味）,非饮料,饼干糕点,14.0,3
3,小鱼仔,非饮料,海味零食,3.5,3
3,伊利优酸乳,饮料,乳制品,8.5,3
11,诗竹竹纤维面巾纸,非饮料,纸巾,14.399999999999999,3
4,2g韩国海牌海苔,非饮料,海味零食,7.9,3
8,芙蓉王,非饮料,香烟,75.0,3
4,148g富甲一方紫薯仔,非饮料,蜜饯/果干,19.5,3
12,雪力矿泉水,饮料,水,6.0,3
9,尖叫,饮料,功能饮料,14.0,3
3,伊利纯牛奶,饮料,乳制品,9.0,3
2,好吃点小饼干,非饮料,饼干糕点,3.0,3
9,合味道（海鲜风味）,非饮料,方便速食,21.0,3
12,雪碧,饮料,碳酸饮料,10.5,3
9,经典奶茶,饮料,茶饮料,11.0,3
9,40g上好佳日式鱼果,非饮料,膨化食品,13.5,3
3,可口可乐（500ml）,饮料,碳酸饮料,9.0,3
3,85g新麦潮北海道吐司,非饮料,饼干糕点,7.0,3
12,32g卫龙亲嘴烧川香味,非饮料,肉干/豆制品/蛋,7.2,3
1,430g泰奇八宝粥,非饮料,方便速食,18.5,3
9,50g上好佳日式鱼果,非饮料,膨化食品,13.5,3
8,康师傅矿泉水,饮料,水,4.2,3
3,可口可乐最新款,饮料,碳酸饮料,9.0,3
9,65g卫龙亲嘴豆皮,非饮料,肉干/豆制品/蛋,13.5,3
4,100g*5瓶益力多,饮料,乳制品,150.0,3
12,40g乐事薯片黄瓜味,非饮料,膨化食品,13.0,3
1,雪碧（500ml）,饮料,碳酸饮料,13.5,3
8,手撕素肉排,非饮料,肉干/豆制品/蛋,3.4000000000000004,3
1,250ml燕塘红枣牛奶,饮料,乳制品,16.0,3
9,5片装益达绿箭口香糖,非饮料,糖果/巧克力,8.0,3
9,260g马来西亚进口茱蒂丝口口香饼干,非饮料,饼干糕点,108.0,3
9,110g顺宝九制话梅,非饮料,蜜饯/果干,15.0,3
12,印尼芝士威化饼干,非饮料,饼干糕点,9.0,3
11,统一阿萨姆奶茶,饮料,茶饮料,16.5,3
9,10g卫龙亲嘴烧香辣味,非饮料,肉干/豆制品/蛋,2.0,3
1,160g盼盼手撕面包,非饮料,饼干糕点,19.0,3
4,45g双汇泡面拍挡,非饮料,肉干/豆制品/蛋,9.0,3
9,椰树牌椰汁,饮料,植物蛋白,13.5,3
4,40g乐事薯片黄瓜味,非饮料,膨化食品,13.5,3
2,250ml维他原味豆奶,饮料,植物蛋白,10.0,3
12,180ml雀巢咖啡罐装,饮料,咖啡,18.0,3
3,250ml燕塘甜牛奶,饮料,乳制品,13.5,3
11,奥利奥原味芝士,非饮料,饼干糕点,12.0,3
10,劲仔小鱼（卤香味）,非饮料,肉干/豆制品/蛋,4.5,3
5,尖叫,饮料,功能饮料,13.0,3
11,32g卫龙亲嘴烧川香味,非饮料,肉干/豆制品/蛋,10.8,3
12,珠江纯生啤酒,饮料,功能饮料,13.0,3
5,口味王槟榔（绿）,非饮料,蜜饯/果干,30.0,3
7,110g顺宝九制话梅,非饮料,蜜饯/果干,13.8,3
7,12g劲仔小鱼麻辣味,非饮料,肉干/豆制品/蛋,5.4,3
11,40g乐事美国经典原味,非饮料,膨化食品,18.0,3
11,40g乐事薯片墨西哥鸡汁番茄味,非饮料,膨化食品,13.5,3
7,150g洽洽原香瓜子,非饮料,坚果炒货,21.0,3
11,40g呀土豆番茄酱味,非饮料,膨化食品,13.5,3
7,20g马来西亚风味咪咪蟹味粒0219,非饮料,膨化食品,7.199999999999999,3
10,双汇玉米热狗肠,非饮料,肉干/豆制品/蛋,6.0,3
7,250ml燕塘甜牛奶,饮料,乳制品,16.0,3
5,85g嘉士利果乐果香夹心饼干蓝莓味,非饮料,饼干糕点,13.5,3
11,260g马来西亚进口茱蒂丝口口香饼干,非饮料,饼干糕点,144.0,3
10,丽芝士纳宝帝奶酪威化饼干,非饮料,饼干糕点,10.5,3
7,268ml雀巢咖啡丝滑拿铁,饮料,咖啡,15.5,3
5,68g好丽友蛋黄派2枚,非饮料,饼干糕点,13.5,3
5,600ml脉动青柠,饮料,功能饮料,14.0,3
11,50g上好佳田园薯片番茄味,非饮料,膨化食品,13.5,3
5,52g旺旺仙贝,非饮料,膨化食品,13.5,3
11,50g马赛克手撕鱿鱼条,非饮料,海味零食,24.8,3
5,500ml营养快线原味,饮料,乳制品,18.0,3
5,500ml加多宝,饮料,茶饮料,12.0,3
5,40g乐事薯片黄瓜味,非饮料,膨化食品,13.5,3
7,600ml雪碧,饮料,碳酸饮料,5.4,3
10,5片装益达绿箭口香糖,非饮料,糖果/巧克力,6.0,3
10,50g上好佳田园薯片番茄味,非饮料,膨化食品,13.5,3
1,85g嘉士利果乐果香夹心饼干蓝莓味,非饮料,饼干糕点,13.5,3
5,无穷农场盐_鸡蛋,非饮料,肉干/豆制品/蛋,7.5,3
7,85g嘉士利果乐果香夹心饼干蓝莓味,非饮料,饼干糕点,18.0,3
6,148g富甲一方紫薯仔,非饮料,蜜饯/果干,19.5,3
11,110g顺宝九制话梅,非饮料,蜜饯/果干,13.8,3
6,600ml脉动青柠,饮料,功能饮料,13.5,3
6,68g好丽友蛋黄派2枚,非饮料,饼干糕点,18.0,3
6,70g乐事薯片黄瓜味,非饮料,膨化食品,19.5,3
6,40g乐事薯片黄瓜味,非饮料,膨化食品,18.0,3
6,34g公仔迷你杯牛肉味,非饮料,方便速食,7.5,3
6,260g马来西亚进口茱蒂丝口口香饼干,非饮料,饼干糕点,72.0,3
6,250ml维他奶黑豆奶饮品,饮料,植物蛋白,9.0,3
12,好吃点,非饮料,饼干糕点,13.0,3
11,180ml雀巢咖啡罐装,饮料,咖啡,27.0,3
12,尖叫,饮料,功能饮料,12.5,3
10,芙蓉王,非饮料,香烟,75.0,3
6,口味王槟榔（绿）,非饮料,蜜饯/果干,30.0,3
10,维他柠檬茶,饮料,茶饮料,10.5,3
6,芙蓉王,非饮料,香烟,71.0,3
11,20g马来西亚风味咪咪蟹味粒0219,非饮料,膨化食品,4.2,3
12,椰树牌椰汁,饮料,植物蛋白,13.5,3
2,雪碧330ml,饮料,碳酸饮料,7.5,3
5,香脆肠,非饮料,肉干/豆制品/蛋,4.5,3
6,泰奇八宝粥,非饮料,方便速食,21.0,3
5,雪碧（500ml）,饮料,碳酸饮料,13.0,3
12,65g卫龙亲嘴豆皮,非饮料,肉干/豆制品/蛋,13.5,3
1,伊利纯牛奶,饮料,乳制品,10.5,3
6,百事可乐500ml,饮料,碳酸饮料,9.5,3
12,70g乐事薯片（黄瓜味）,非饮料,膨化食品,17.5,3
10,好吃点小饼干,非饮料,饼干糕点,3.0,3
5,维他柠檬茶,饮料,茶饮料,9.0,3
5,维他奶,饮料,植物蛋白,8.5,3
10,50g上好佳日式鱼果,非饮料,膨化食品,13.5,3
12,乐虎（380ml）,饮料,功能饮料,12.0,3
7,85g新麦潮北海道吐司,非饮料,饼干糕点,13.5,3
10,48g好丽友薯愿香烤原味,非饮料,膨化食品,15.0,3
11,80g香飘飘椰果奶茶麦香味,饮料,茶饮料,18.0,3
11,80g马赛克香蕉片,非饮料,蜜饯/果干,21.0,3
8,250ml红牛,饮料,功能饮料,17.5,3
5,250ML东鹏特饮,饮料,功能饮料,27.0,3
11,可乐可乐,饮料,碳酸饮料,24.5,3
11,86g合味道浓猪骨味,非饮料,方便速食,18.0,3
10,40g呀土豆番茄酱味,非饮料,膨化食品,13.5,3
10,225g味之不规则饼干芝士味,非饮料,饼干糕点,28.0,3
11,91g徐福记凤梨酥,非饮料,饼干糕点,19.5,3
8,225g味之不规则饼干芝士味,非饮料,饼干糕点,25.0,3
5,10g卫龙亲嘴烧香辣味,非饮料,肉干/豆制品/蛋,2.7,3
7,红牛,饮料,功能饮料,18.0,3
7,统一绿茶,饮料,茶饮料,10.5,3
2,熊字饼,非饮料,饼干糕点,9.0,3
5,100g*5瓶益力多,饮料,乳制品,37.5,3
7,银鹭八宝粥,饮料,方便速食,12.0,3
11,凤爪,非饮料,肉干/豆制品/蛋,6.0,3
5,260g马来西亚进口茱蒂丝口口香饼干,非饮料,饼干糕点,108.0,3
10,250ml维他奶黑豆奶饮品,饮料,植物蛋白,18.0,3
7,86g合味道海鲜风味,非饮料,方便速食,24.0,3
8,268ml雀巢咖啡丝滑拿铁,饮料,咖啡,15.5,3
10,180ml雀巢咖啡罐装,饮料,咖啡,36.0,3
11,80g香飘飘椰果奶茶原味,饮料,茶饮料,13.5,3
7,上好佳田园薯片,非饮料,膨化食品,12.0,3
11,107g出前一丁桶面酱香牛肉王,非饮料,方便速食,12.0,2
11,日式鱼果,非饮料,膨化食品,12.0,2
11,口味王槟榔（红）,非饮料,蜜饯/果干,30.0,2
10,燕塘甜牛奶,饮料,乳制品,9.0,2
12,370g泰奇八宝粥,非饮料,方便速食,30.0,2
12,34g公仔迷你杯牛肉味,非饮料,方便速食,5.0,2
10,150g洽洽原香瓜子,非饮料,坚果炒货,12.0,2
12,80g香飘飘椰果奶茶原味,饮料,茶饮料,9.0,2
10,250ml统一麦香奶茶,饮料,茶饮料,5.0,2
11,145g果王迷你山楂包装,非饮料,蜜饯/果干,11.5,2
12,美汁源果粒橙,饮料,果蔬饮料,8.0,2
11,咪咪,非饮料,膨化食品,2.0,2
9,口味王槟榔（红）,非饮料,蜜饯/果干,30.0,2
12,无穷烤鸡小腿（蜂蜜）,非饮料,肉干/豆制品/蛋,6.0,2
11,印尼芝士威化饼干,非饮料,饼干糕点,6.0,2
11,卫龙亲嘴烧麦辣鸡汁味,非饮料,肉干/豆制品/蛋,3.0,2
10,旺仔牛奶,饮料,乳制品,5.6,2
12,健能酸奶,饮料,乳制品,8.0,2
10,手撕素肉排,非饮料,肉干/豆制品/蛋,2.0,2
9,可乐可乐,饮料,碳酸饮料,6.5,2
9,加多宝,饮料,茶饮料,9.0,2
10,12g劲仔小鱼卤香味,非饮料,肉干/豆制品/蛋,3.0,2
10,雀巢咖啡,饮料,咖啡,13.5,2
9,劲仔小鱼（卤香味）,非饮料,肉干/豆制品/蛋,3.0,2
10,100g果王咸柑桔罐装,非饮料,蜜饯/果干,13.0,2
11,可口可乐（500ml）,饮料,碳酸饮料,6.0,2
12,480ml小茗同学冷泡溜溜哒茶,饮料,茶饮料,12.0,2
12,口味王槟榔（绿色）,非饮料,蜜饯/果干,20.0,2
12,康师傅矿泉水,饮料,水,3.0,2
12,70g乐事薯片原味,非饮料,膨化食品,13.0,2
11,180g统一满汉全席台式半筋半肉牛肉面,非饮料,方便速食,99.0,2
10,188g澳门永辉鸡仔饼,非饮料,饼干糕点,51.0,2
12,260g马来西亚进口茱蒂丝口口香饼干,非饮料,饼干糕点,72.0,2
12,咪咪虾条马来西亚风味,非饮料,膨化食品,2.4000000000000004,2
12,奥利奥原味芝士,非饮料,饼干糕点,8.0,2
12,70g乐事薯片黄瓜味,非饮料,膨化食品,11.0,2
12,40g呀土豆薯片滋香烤鸡味,非饮料,膨化食品,9.0,2
10,韩国海牌海苔,非饮料,海味零食,3.1,2
11,合味道（海鲜风味）,非饮料,方便速食,14.0,2
12,68g好丽友巧克力派2枚,非饮料,饼干糕点,9.0,2
12,40g乐事薯片墨西哥鸡汁番茄味,非饮料,膨化食品,9.0,2
9,劲仔小鱼（麻辣味）,非饮料,肉干/豆制品/蛋,3.0,2
12,维他柠檬茶330ml（罐）,饮料,茶饮料,6.0,2
10,好吃点,非饮料,饼干糕点,8.0,2
9,咪咪虾条马来西亚风味,非饮料,膨化食品,4.0,2
10,80g香飘飘椰果奶茶麦香味,饮料,茶饮料,9.0,2
12,迷你纸巾,非饮料,纸巾,2.0,2
9,燕塘甜牛奶,饮料,乳制品,9.0,2
10,145ml旺仔牛奶罐装,饮料,乳制品,6.0,2
11,480ml小茗同学冷泡溜溜哒茶,饮料,茶饮料,24.0,2
11,500ml营养快线原味,饮料,乳制品,9.0,2
9,美汁源果粒橙,饮料,果蔬饮料,8.0,2
11,50g上好佳日式鱼果,非饮料,膨化食品,9.0,2
12,52g旺旺仙贝,非饮料,膨化食品,9.0,2
12,91g徐福记凤梨酥,非饮料,饼干糕点,13.0,2
10,80g马赛克香蕉片,非饮料,蜜饯/果干,14.0,2
11,55g奥利奥原味芝士饼干,非饮料,饼干糕点,8.0,2
10,印尼芝士威化饼干,非饮料,饼干糕点,6.0,2
12,103g康师傅红烧牛肉面,非饮料,方便速食,11.0,2
12,100g*5瓶益力多,饮料,乳制品,25.0,2
9,维他奶（巧克力味）,饮料,植物蛋白,7.0,2
10,500ml康师傅冰糖雪梨,饮料,果蔬饮料,10.0,2
12,加多宝,饮料,茶饮料,9.0,2
12,可口可乐330ml（罐）,饮料,碳酸饮料,5.5,2
11,70g乐事薯片原味,非饮料,膨化食品,12.5,2
11,韩国海牌海苔,非饮料,海味零食,6.4,2
9,维他原味豆奶,饮料,植物蛋白,10.5,2
12,雀巢咖啡,饮料,咖啡,12.0,2
11,维他原味豆奶,饮料,植物蛋白,7.0,2
12,160g盼盼手撕面包,非饮料,饼干糕点,12.0,2
10,小茗同学,饮料,茶饮料,10.0,2
11,燕塘红枣牛奶,饮料,乳制品,13.5,2
11,250ml统一麦香奶茶,饮料,茶饮料,7.5,2
12,维他奶（巧克力味）,饮料,植物蛋白,7.0,2
9,安慕希酸奶,饮料,乳制品,12.0,2
10,250ml维他椰子植物蛋白饮料,饮料,植物蛋白,7.0,2
10,500ml营养快线原味,饮料,乳制品,9.0,2
10,260g马来西亚进口茱蒂丝口口香饼干,非饮料,饼干糕点,108.0,2
12,250ml王老吉盒装,饮料,茶饮料,12.5,2
12,可乐可乐,饮料,碳酸饮料,7.0,2
11,乐虎（380ml）,饮料,功能饮料,8.0,2
11,30g元朗小蛋卷,非饮料,饼干糕点,5.0,2
11,乐事薯片（黄瓜味）,非饮料,膨化食品,15.0,2
12,诗竹竹纤维面巾纸,非饮料,纸巾,9.6,2
12,225g味之不规则饼干芝士味,非饮料,饼干糕点,17.5,2
11,37.5g费列罗榛果威化巧克力3颗,非饮料,糖果/巧克力,35.400000000000006,2
10,可乐可乐,饮料,碳酸饮料,7.0,2
12,205ml安慕希蓝莓味,饮料,乳制品,11.6,2
10,32g卫龙亲嘴烧川香味,非饮料,肉干/豆制品/蛋,5.4,2
11,上好佳田园薯片,非饮料,膨化食品,8.0,2
9,手撕素肉排,非饮料,肉干/豆制品/蛋,2.4,2
9,无穷烤鸡小腿（蜂蜜）,非饮料,肉干/豆制品/蛋,39.0,2
9,旺仔牛奶,饮料,乳制品,8.399999999999999,2
10,37.5g费列罗榛果威化巧克力3颗,非饮料,糖果/巧克力,23.6,2
10,健能酸奶,饮料,乳制品,7.0,2
1,12g劲仔小鱼麻辣味,非饮料,肉干/豆制品/蛋,4.5,2
9,乐虎（380ml）,饮料,功能饮料,8.0,2
7,91g徐福记凤梨酥,非饮料,饼干糕点,13.0,2
5,手撕素肉排,非饮料,肉干/豆制品/蛋,2.4,2
2,小鱼仔,非饮料,海味零食,2.0,2
5,诗竹竹纤维面巾纸,非饮料,纸巾,9.6,2
5,阿萨姆煎茶奶绿,饮料,茶饮料,8.0,2
7,双汇玉米热狗肠,非饮料,肉干/豆制品/蛋,6.0,2
7,卫龙大面筋,非饮料,肉干/豆制品/蛋,6.0,2
5,香豆干,非饮料,肉干/豆制品/蛋,3.0,2
7,冰糖雪梨,饮料,果蔬饮料,6.0,2
2,统一绿茶,饮料,茶饮料,6.5,2
2,维他柠檬茶,饮料,茶饮料,6.0,2
5,好吃点,非饮料,饼干糕点,2.0,2
6,100g果王咸柑桔罐装,非饮料,蜜饯/果干,13.0,2
6,103g康师傅红烧牛肉面,非饮料,方便速食,11.0,2
6,12g劲仔小鱼卤香味,非饮料,肉干/豆制品/蛋,4.5,2
7,78g卫龙亲嘴语辣条,非饮料,肉干/豆制品/蛋,8.0,2
2,雪碧（500ml）,饮料,碳酸饮料,6.0,2
6,145g果王迷你山楂包装,非饮料,蜜饯/果干,13.0,2
7,68g好丽友巧克力派2枚,非饮料,饼干糕点,9.0,2
6,225g味之不规则饼干芝士味,非饮料,饼干糕点,16.5,2
6,340ml蒙牛优益C乳酸菌,饮料,乳制品,14.0,2
5,好吃点小饼干,非饮料,饼干糕点,2.0,2
7,王老吉（罐）,饮料,茶饮料,8.0,2
3,12g劲仔小鱼麻辣味,非饮料,肉干/豆制品/蛋,4.5,2
8,20g咪咪虾条马来西亚风味,非饮料,膨化食品,3.4,2
1,茉莉蜜茶,饮料,茶饮料,6.0,2
4,68g好丽友巧克力派2枚,非饮料,饼干糕点,13.5,2
8,32g卫龙亲嘴烧,非饮料,肉干/豆制品/蛋,5.4,2
8,250ml维他原味豆奶,饮料,植物蛋白,6.0,2
5,健能酸奶,饮料,乳制品,8.0,2
8,250ml燕塘红枣牛奶,饮料,乳制品,7.5,2
1,雪碧330ml,饮料,碳酸饮料,7.0,2
4,600ml脉动青柠,饮料,功能饮料,9.0,2
8,250ml燕塘原味酸奶,饮料,乳制品,9.0,2
8,160g盼盼手撕面包,非饮料,饼干糕点,13.0,2
2,印尼芝士威化饼干,非饮料,饼干糕点,6.0,2
5,双汇玉米热狗肠,非饮料,肉干/豆制品/蛋,4.0,2
8,145ml旺仔牛奶盒装,饮料,乳制品,4.5,2
4,55g奥利奥原味夹心饼干,非饮料,饼干糕点,13.5,2
3,统一绿茶,饮料,茶饮料,6.0,2
8,110g顺宝九制话梅,非饮料,蜜饯/果干,13.8,2
4,50g马赛克手撕鱿鱼条,非饮料,海味零食,27.0,2
7,雪碧330ml,饮料,碳酸饮料,6.0,2
7,芙蓉王,非饮料,香烟,50.0,2
4,50g上好佳田园薯片番茄味,非饮料,膨化食品,8.0,2
6,34g公仔迷你杯风味排骨味,非饮料,方便速食,10.5,2
4,250ml维他奶黑豆奶饮品,饮料,植物蛋白,15.0,2
8,500ml加多宝,饮料,茶饮料,8.5,2
3,印尼芝士威化饼干,非饮料,饼干糕点,6.0,2
7,160g盼盼手撕面包,非饮料,饼干糕点,14.0,2
6,80g香飘飘椰果奶茶麦香味,饮料,茶饮料,9.0,2
6,香脆肠,非饮料,肉干/豆制品/蛋,4.0,2
6,雪力矿泉水,饮料,水,4.0,2
6,阿萨姆煎茶奶绿,饮料,茶饮料,8.0,2
3,78g卫龙亲嘴语辣条,非饮料,肉干/豆制品/蛋,9.0,2
4,150g健能酸奶原味,饮料,乳制品,16.0,2
3,86g合味道海鲜风味,非饮料,方便速食,11.5,2
6,脉动（青柠）,饮料,功能饮料,10.0,2
6,百事可乐330ml,饮料,碳酸饮料,5.5,2
6,70g乐事薯片原味,非饮料,膨化食品,12.0,2
4,110g顺宝九制话梅,非饮料,蜜饯/果干,8.8,2
6,燕塘甜牛奶,饮料,乳制品,9.0,2
6,双汇玉米热狗肠,非饮料,肉干/豆制品/蛋,3.5,2
6,湘潭铺子(羽泉版),非饮料,蜜饯/果干,20.0,2
6,可乐可乐,饮料,碳酸饮料,6.5,2
6,椰树牌椰汁,饮料,植物蛋白,9.0,2
6,手撕素肉排,非饮料,肉干/豆制品/蛋,2.2,2
3,银鹭八宝粥,饮料,方便速食,7.5,2
3,维他柠檬茶,饮料,茶饮料,6.0,2
4,205g伊利安慕希原味,饮料,乳制品,16.5,2
6,68g多力多玉米片爆香热辣味,非饮料,膨化食品,16.0,2
7,500ml康师傅冰糖雪梨,饮料,果蔬饮料,10.5,2
3,250ml维他柠檬茶,饮料,茶饮料,5.5,2
6,40g乐事薯片墨西哥鸡汁番茄味,非饮料,膨化食品,9.0,2
7,500ml农夫果园 (芒果+菠萝+番石榴),饮料,果蔬饮料,8.5,2
4,250ml维他奶巧克力味,饮料,植物蛋白,5.5,2
6,500ml康师傅冰糖雪梨,饮料,果蔬饮料,7.0,2
3,250ml燕塘原味酸奶,饮料,乳制品,7.0,2
4,250ml维他奶低糖原味,饮料,植物蛋白,12.0,2
7,45g双汇泡面拍挡,非饮料,肉干/豆制品/蛋,3.0,2
7,450ml美汁源果粒橙,饮料,果蔬饮料,8.0,2
7,40g呀土豆番茄酱味,非饮料,膨化食品,13.5,2
4,250ml王老吉盒装,饮料,茶饮料,10.0,2
6,5片装益达绿箭口香糖,非饮料,糖果/巧克力,4.0,2
7,37.5g费列罗榛果威化巧克力3颗,非饮料,糖果/巧克力,23.6,2
4,250ml燕塘原味酸奶,饮料,乳制品,12.5,2
6,50g上好佳日式鱼果,非饮料,膨化食品,8.0,2
7,2g韩国海牌海苔,非饮料,海味零食,3.2,2
6,50g马赛克手撕鱿鱼条,非饮料,海味零食,18.0,2
3,500ml加多宝,饮料,茶饮料,8.0,2
3,500ml统一阿萨姆奶茶,饮料,茶饮料,10.0,2
7,250ml维他奶巧克力味,饮料,植物蛋白,8.0,2
3,52g旺旺仙贝,非饮料,膨化食品,9.0,2
5,86g合味道浓猪骨味,非饮料,方便速食,18.0,2
4,52g旺旺仙贝,非饮料,膨化食品,9.0,2
8,500ml统一阿萨姆奶茶,饮料,茶饮料,10.0,2
9,32g卫龙亲嘴烧川香味,非饮料,肉干/豆制品/蛋,5.4,2
1,45g双汇泡面拍挡,非饮料,肉干/豆制品/蛋,4.5,2
1,480ml小茗同学冷泡青柠红茶,饮料,茶饮料,13.5,2
9,250ML东鹏特饮,饮料,功能饮料,9.0,2
4,无穷烤鸡小腿（蜂蜜）,非饮料,肉干/豆制品/蛋,6.0,2
9,20g马来西亚风味咪咪蟹味粒0219,非饮料,膨化食品,2.2,2
5,130g果王玉带蚕豆,非饮料,坚果炒货,14.0,2
1,500ml加多宝,饮料,茶饮料,8.0,2
1,500ml统一阿萨姆奶茶,饮料,茶饮料,9.0,2
5,148g富甲一方紫薯仔,非饮料,蜜饯/果干,13.0,2
9,150抽诗竹竹纤维面巾纸,非饮料,纸巾,9.6,2
9,13g雀巢咖啡1+2特浓,饮料,咖啡,5.0,2
9,12g劲仔小鱼卤香味,非饮料,肉干/豆制品/蛋,4.5,2
5,180ml雀巢咖啡罐装,饮料,咖啡,13.5,2
4,手撕素肉排,非饮料,肉干/豆制品/蛋,2.4,2
1,600ml可口可乐,饮料,碳酸饮料,6.5,2
8,阿萨姆煎茶奶绿,饮料,茶饮料,8.0,2
5,80g马赛克香蕉片,非饮料,蜜饯/果干,21.0,2
5,250ml王老吉盒装,饮料,茶饮料,7.5,2
8,茉莉蜜茶,饮料,茶饮料,6.0,2
1,80g马赛克香蕉片,非饮料,蜜饯/果干,14.0,2
8,湘潭铺子(羽泉版),非饮料,蜜饯/果干,20.0,2
1,40g呀土豆薯片滋香烤鸡味,非饮料,膨化食品,9.0,2
1,40g呀土豆番茄酱味,非饮料,膨化食品,13.5,2
4,合味道（海鲜风味）,非饮料,方便速食,14.0,2
9,34g公仔迷你杯牛肉味,非饮料,方便速食,6.0,2
4,雪碧330ml,饮料,碳酸饮料,5.5,2
9,丽芝士纳宝帝奶酪威化饼干,非饮料,饼干糕点,7.0,2
1,150g洽洽原香瓜子,非饮料,坚果炒货,12.0,2
4,银鹭八宝粥,饮料,方便速食,8.0,2
9,78g合味道杯面香菇炖鸡风味,非饮料,方便速食,12.0,2
1,225g味之不规则饼干芝士味,非饮料,饼干糕点,20.0,2
9,55g奥利奥原味夹心饼干,非饮料,饼干糕点,9.0,2
1,250ml维他原味豆奶,饮料,植物蛋白,6.0,2
9,52g旺旺仙贝,非饮料,膨化食品,9.0,2
9,500ml营养快线原味,饮料,乳制品,9.0,2
9,500ml康师傅冰糖雪梨,饮料,果蔬饮料,7.0,2
9,480ml小茗同学冷泡青柠红茶,饮料,茶饮料,9.0,2
9,40g呀土豆薯片滋香烤鸡味,非饮料,膨化食品,9.0,2
5,100g果王咸柑桔罐装,非饮料,蜜饯/果干,13.0,2
9,40g乐事薯片黄瓜味,非饮料,膨化食品,13.5,2
9,40g乐事薯片墨西哥鸡汁番茄味,非饮料,膨化食品,9.0,2
4,百事可乐500ml,饮料,碳酸饮料,6.0,2
1,32g卫龙亲嘴烧,非饮料,肉干/豆制品/蛋,5.4,2
1,330ml伊利畅意乳酸菌原味,饮料,乳制品,11.5,2
1,40g乐事美国经典原味,非饮料,膨化食品,8.5,2
1,40g乐事薯片黄瓜味,非饮料,膨化食品,13.5,2
5,340ml蒙牛优益C乳酸菌,饮料,乳制品,14.0,2
3,维他奶,饮料,植物蛋白,6.0,2
1,劲仔小鱼（卤香味）,非饮料,肉干/豆制品/蛋,3.0,2
8,68g好丽友巧克力派2枚,非饮料,饼干糕点,9.0,2
5,50g上好佳日式鱼果,非饮料,膨化食品,13.5,2
8,86g合味道海鲜风味,非饮料,方便速食,12.0,2
1,86g合味道海鲜风味,非饮料,方便速食,12.0,2
8,乐虎,饮料,功能饮料,10.0,2
8,85g新麦潮北海道吐司,非饮料,饼干糕点,6.0,2
8,冰糖雪梨,饮料,果蔬饮料,6.0,2
5,500ML宝矿力,饮料,功能饮料,16.5,2
5,48g好丽友薯愿香烤原味,非饮料,膨化食品,10.0,2
5,40g乐事薯片墨西哥鸡汁番茄味,非饮料,膨化食品,9.0,2
4,75g新麦潮天然酵母面包（北海道牛奶风味）,非饮料,饼干糕点,6.0,2
1,卫龙大面筋,非饮料,肉干/豆制品/蛋,6.0,2
8,80g四洲粟一烧烧烤味,非饮料,膨化食品,14.0,2
5,600ml雪碧,饮料,碳酸饮料,5.3,2
8,85g统一老坛酸菜牛肉面,非饮料,方便速食,11.0,2
5,80g香飘飘椰果奶茶原味,饮料,茶饮料,9.0,2
1,维他原味豆奶,饮料,植物蛋白,7.0,2
4,茉莉蜜茶,饮料,茶饮料,3.0,1
4,20g马来西亚风味咪咪蟹味粒0219,非饮料,膨化食品,1.8,1
11,椰树牌椰汁,饮料,植物蛋白,4.5,1
11,每日特惠,非饮料,其他,1.0,1
12,180g统一满汉全席台式半筋半肉牛肉面,非饮料,方便速食,19.8,1
4,188g澳门永辉鸡仔饼,非饮料,饼干糕点,34.0,1
12,100g果王咸柑桔罐装,非饮料,蜜饯/果干,6.5,1
3,雀巢咖啡,饮料,咖啡,7.5,1
4,乐虎（380ml）,饮料,功能饮料,5.0,1
12,150抽诗竹竹纤维面巾纸,非饮料,纸巾,4.8,1
4,80g香飘飘椰果奶茶麦香味,饮料,茶饮料,4.5,1
4,5片装益达绿箭口香糖,非饮料,糖果/巧克力,2.0,1
4,70g乐事薯片黄瓜味,非饮料,膨化食品,6.5,1
4,诗竹竹纤维面巾纸,非饮料,纸巾,4.8,1
12,145g果王迷你山楂包装,非饮料,蜜饯/果干,7.0,1
11,旺仔牛奶145ml,饮料,乳制品,3.0,1
3,香豆干,非饮料,肉干/豆制品/蛋,1.5,1
4,70g乐事薯片（原味）,非饮料,膨化食品,5.5,1
4,180ml雀巢咖啡罐装,饮料,咖啡,4.5,1
4,维他奶,饮料,植物蛋白,3.0,1
4,145g果王迷你山楂包装,非饮料,蜜饯/果干,7.0,1
3,鸡爪,非饮料,肉干/豆制品/蛋,2.0,1
4,燕塘原味酸奶,饮料,乳制品,4.5,1
4,130g果王玉带蚕豆,非饮料,坚果炒货,7.0,1
4,100g卫龙点心面黑椒牛排味,非饮料,肉干/豆制品/蛋,5.8,1
4,12g劲仔小鱼卤香味,非饮料,肉干/豆制品/蛋,3.0,1
12,130g果王玉带蚕豆,非饮料,坚果炒货,7.0,1
11,旺仔牛奶,饮料,乳制品,2.8,1
4,65g卫龙亲嘴豆皮,非饮料,肉干/豆制品/蛋,4.5,1
11,好吃点小饼干,非饮料,饼干糕点,1.0,1
4,50g双层百力滋特浓番茄味,非饮料,饼干糕点,4.5,1
4,250ML东鹏特饮,饮料,功能饮料,4.5,1
4,和成天下（黄）,非饮料,香烟,10.0,1
11,迷你纸巾,非饮料,纸巾,1.0,1
11,脉动（椰子菠萝口味）,饮料,功能饮料,10.0,1
11,小茗同学（青柠红茶）,饮料,茶饮料,6.0,1
11,味之不规则饼干（芝士味）,非饮料,饼干糕点,10.0,1
4,咪咪虾条马来西亚风味,非饮料,膨化食品,0.6,1
4,30g元朗小蛋卷,非饮料,饼干糕点,2.5,1
4,32g卫龙亲嘴烧川香味,非饮料,肉干/豆制品/蛋,1.8,1
11,多芙利香草奶油味蛋糕,非饮料,饼干糕点,6.0,1
4,乖媳妇野山椒风爪,非饮料,肉干/豆制品/蛋,2.8,1
11,茉莉蜜茶,饮料,茶饮料,3.0,1
4,34g公仔迷你杯风味排骨味,非饮料,方便速食,3.5,1
11,小茗同学冷泡茶（乳酸菌味）,饮料,茶饮料,6.0,1
11,天地一号,饮料,果蔬饮料,4.5,1
4,可口可乐（500ml）,饮料,碳酸饮料,3.0,1
11,脉动（青柠）,饮料,功能饮料,5.0,1
4,40g上好佳日式鱼果,非饮料,膨化食品,4.5,1
4,劲仔小鱼（卤香味）,非饮料,肉干/豆制品/蛋,1.5,1
4,巧克力奶油味蛋糕,非饮料,饼干糕点,3.0,1
4,40g乐事美国经典原味,非饮料,膨化食品,4.0,1
4,260g马来西亚进口茱蒂丝口口香饼干,非饮料,饼干糕点,18.0,1
11,怡宝矿泉水,饮料,水,2.0,1
11,盼盼手撕面包,非饮料,饼干糕点,4.0,1
11,怡宝,饮料,水,3.0,1
4,50g上好佳日式鱼果,非饮料,膨化食品,4.5,1
11,顺宝九制梅,非饮料,蜜饯/果干,5.0,1
4,500ml恒大冰泉矿泉水,饮料,水,2.5,1
11,统一来一桶香辣老坛酸菜牛肉面,非饮料,方便速食,5.5,1
4,500ml加多宝,饮料,茶饮料,9.0,1
4,无穷烤鸡小腿,非饮料,肉干/豆制品/蛋,3.0,1
4,500ml农夫果园 (芒果+菠萝+番石榴),饮料,果蔬饮料,5.0,1
4,48g好丽友薯愿香烤原味,非饮料,膨化食品,5.0,1
4,无穷农场盐_鸡蛋,非饮料,肉干/豆制品/蛋,2.5,1
4,40g呀土豆番茄酱味,非饮料,膨化食品,4.5,1
4,怡宝矿泉水,饮料,水,2.0,1
4,40g乐事薯片墨西哥鸡汁番茄味,非饮料,膨化食品,9.0,1
4,268ml雀巢咖啡丝滑拿铁,饮料,咖啡,6.0,1
3,450ml美汁源果粒橙,饮料,果蔬饮料,4.0,1
3,百事可乐500ml,饮料,碳酸饮料,3.5,1
1,维他柠檬茶,饮料,茶饮料,3.0,1
1,口味王槟榔（红）,非饮料,蜜饯/果干,15.0,1
1,口味王槟榔（绿）,非饮料,蜜饯/果干,10.0,1
1,可乐可乐,饮料,碳酸饮料,3.5,1
1,咪咪,非饮料,膨化食品,1.0,1
1,好吃点,非饮料,饼干糕点,4.5,1
1,威化饼干,非饮料,饼干糕点,3.0,1
12,安慕希酸奶,饮料,乳制品,6.0,1
12,娃哈哈红枣酸奶,饮料,乳制品,3.5,1
1,安慕希酸奶,饮料,乳制品,6.0,1
1,小鱼仔,非饮料,海味零食,1.5,1
1,巧克力奶油味蛋糕,非饮料,饼干糕点,12.0,1
1,百事可乐500ml,饮料,碳酸饮料,3.0,1
1,统一来一桶香辣老坛酸菜牛肉面,非饮料,方便速食,5.5,1
1,维他奶,饮料,植物蛋白,3.0,1
1,美汁源果粒橙,饮料,果蔬饮料,4.0,1
2,口味王槟榔（绿）,非饮料,蜜饯/果干,10.0,1
1,芙蓉王,非饮料,香烟,25.0,1
1,诗竹竹纤维面巾纸,非饮料,纸巾,4.8,1
1,银鹭八宝粥,饮料,方便速食,4.0,1
1,雀巢咖啡,饮料,咖啡,7.5,1
2,205g伊利安慕希原味,饮料,乳制品,5.5,1
2,20g咪咪虾条马来西亚风味,非饮料,膨化食品,0.8,1
12,卫龙亲嘴烧麦辣鸡汁味,非饮料,肉干/豆制品/蛋,3.0,1
2,40g双汇玉米热狗肠,非饮料,肉干/豆制品/蛋,1.5,1
12,利群（硬）,非饮料,香烟,15.0,1
2,500ml加多宝,饮料,茶饮料,3.5,1
12,冰红茶（罐）,饮料,茶饮料,2.5,1
2,500ml统一阿萨姆奶茶,饮料,茶饮料,5.0,1
2,伊利纯牛奶,饮料,乳制品,3.5,1
2,凤爪,非饮料,肉干/豆制品/蛋,2.5,1
12,新麦潮北海道吐司,非饮料,饼干糕点,4.0,1
12,新麦潮天然酵母面包（牛奶风味）,非饮料,饼干糕点,4.0,1
12,新麦潮手撕面包（提子味）,非饮料,饼干糕点,4.0,1
1,凤爪,非饮料,肉干/豆制品/蛋,2.0,1
1,145ml旺仔牛奶盒装,饮料,乳制品,2.5,1
1,205g伊利安慕希原味,饮料,乳制品,5.0,1
12,韩国海牌海苔,非饮料,海味零食,1.5,1
1,250ml统一麦香奶茶,饮料,茶饮料,2.5,1
1,250ml维他奶黑豆奶饮品,饮料,植物蛋白,3.0,1
1,2g韩国海牌海苔,非饮料,海味零食,1.6,1
1,30g元朗小蛋卷,非饮料,饼干糕点,2.5,1
1,370g泰奇八宝粥,非饮料,方便速食,5.0,1
1,500ML宝矿力,饮料,功能饮料,5.5,1
1,500ml农夫果园 (芒果+菠萝+番石榴),饮料,果蔬饮料,4.5,1
1,500ml营养快线原味,饮料,乳制品,4.5,1
1,50g上好佳日式鱼果,非饮料,膨化食品,4.5,1
1,50g上好佳田园薯片番茄味,非饮料,膨化食品,4.5,1
1,55g奥利奥原味芝士饼干,非饮料,饼干糕点,4.5,1
1,58g丽芝士纳宝帝奶酪威化饼干,非饮料,饼干糕点,3.0,1
1,5片装益达绿箭口香糖,非饮料,糖果/巧克力,2.0,1
1,600ml雪碧,饮料,碳酸饮料,1.8,1
1,70g乐事薯片（原味）,非饮料,膨化食品,5.5,1
12,盼盼手撕面包,非饮料,饼干糕点,4.0,1
1,70g乐事薯片（黄瓜味）,非饮料,膨化食品,5.5,1
12,百事可乐330ml,饮料,碳酸饮料,2.5,1
1,78g卫龙亲嘴语辣条,非饮料,肉干/豆制品/蛋,4.5,1
1,85g统一老坛酸菜牛肉面,非饮料,方便速食,5.0,1
12,燕塘红枣牛奶,饮料,乳制品,4.5,1
12,燕塘甜牛奶,饮料,乳制品,4.5,1
12,燕塘原味酸奶,饮料,乳制品,4.5,1
1,冰糖雪梨,饮料,果蔬饮料,3.5,1
12,泰奇八宝粥,非饮料,方便速食,5.5,1
12,汤达人桶面,非饮料,方便速食,3.0,1
2,口味王槟榔（红）,非饮料,蜜饯/果干,15.0,1
2,可乐可乐,饮料,碳酸饮料,3.5,1
12,220g宝丰龙龟苓膏,非饮料,果冻/龟苓膏,5.0,1
3,85g统一老坛酸菜牛肉面,非饮料,方便速食,4.5,1
11,劲仔小鱼（卤香味）,非饮料,肉干/豆制品/蛋,1.5,1
3,45g双汇泡面拍挡,非饮料,肉干/豆制品/蛋,1.5,1
3,500ML宝矿力,饮料,功能饮料,5.5,1
3,500ml农夫果园 (芒果+菠萝+番石榴),饮料,果蔬饮料,5.0,1
12,40g卫龙点心面黑椒牛排味,非饮料,肉干/豆制品/蛋,7.0,1
3,55g奥利奥原味芝士饼干,非饮料,饼干糕点,3.0,1
3,600ml可口可乐,饮料,碳酸饮料,3.0,1
3,600ml雪碧,饮料,碳酸饮料,3.5,1
12,40g上好佳日式鱼果,非饮料,膨化食品,4.5,1
3,70g乐事薯片原味,非饮料,膨化食品,6.5,1
12,37.5g费列罗榛果威化巧克力3颗,非饮料,糖果/巧克力,11.8,1
3,70g乐事薯片黄瓜味,非饮料,膨化食品,19.5,1
3,75g新麦潮天然酵母面包（北海道牛奶风味）,非饮料,饼干糕点,2.0,1
3,80g香飘飘椰果奶茶麦香味,饮料,茶饮料,4.5,1
3,86g合味道浓猪骨味,非饮料,方便速食,6.0,1
2,可口可乐330ml,饮料,碳酸饮料,3.0,1
3,乐虎,饮料,功能饮料,5.0,1
3,冰红茶（罐）,饮料,茶饮料,2.5,1
3,凤爪,非饮料,肉干/豆制品/蛋,2.5,1
12,250ml维他奶低糖原味,饮料,植物蛋白,6.0,1
3,口味王槟榔（红）,非饮料,蜜饯/果干,15.0,1
12,250ml统一麦香奶茶,饮料,茶饮料,2.5,1
3,口味王槟榔（绿）,非饮料,蜜饯/果干,10.0,1
3,威化饼干,非饮料,饼干糕点,4.0,1
3,尖叫,饮料,功能饮料,4.0,1
3,康师傅矿泉水,饮料,水,1.5,1
3,手撕素肉排,非饮料,肉干/豆制品/蛋,1.0,1
3,椰树牌椰汁,饮料,植物蛋白,4.5,1
3,湘潭铺子(羽泉版),非饮料,蜜饯/果干,10.0,1
12,220g宝丰龙龟苓膏菊花味,非饮料,果冻/龟苓膏,5.0,1
3,260g马来西亚进口茱蒂丝口口香饼干,非饮料,饼干糕点,36.0,1
3,250ml燕塘红枣牛奶,饮料,乳制品,3.5,1
3,148g富甲一方紫薯仔,非饮料,蜜饯/果干,6.5,1
3,13g无穷烤鸡小腿蜂蜜味,非饮料,肉干/豆制品/蛋,2.5,1
12,上好佳田园薯片,非饮料,膨化食品,4.0,1
2,可口可乐（500ml）,饮料,碳酸饮料,3.0,1
2,咪咪,非饮料,膨化食品,1.0,1
12,86g合味道浓猪骨味,非饮料,方便速食,6.0,1
2,安慕希酸奶,饮料,乳制品,6.0,1
2,手撕素肉排,非饮料,肉干/豆制品/蛋,1.0,1
2,椰树牌椰汁,饮料,植物蛋白,4.5,1
12,80g香飘飘椰果奶茶麦香味,饮料,茶饮料,4.5,1
2,湘潭铺子(羽泉版),非饮料,蜜饯/果干,10.0,1
12,80g盼盼手撕面包,非饮料,饼干糕点,4.0,1
12,80g四洲粟一烧烧烤味,非饮料,膨化食品,6.0,1
12,78g合味道杯面香菇炖鸡风味,非饮料,方便速食,6.0,1
2,维他奶,饮料,植物蛋白,2.5,1
2,美年达（罐）,饮料,碳酸饮料,2.5,1
2,阿萨姆煎茶奶绿,饮料,茶饮料,4.0,1
2,雀巢咖啡,饮料,咖啡,6.0,1
12,68g好丽友蛋黄派2枚,非饮料,饼干糕点,4.5,1
2,雪力矿泉水,饮料,水,2.0,1
12,68g多力多玉米片爆香热辣味,非饮料,膨化食品,8.0,1
2,雪碧最新款,饮料,碳酸饮料,3.0,1
12,600ml脉动青柠,饮料,功能饮料,4.5,1
3,103g康师傅红烧牛肉面,非饮料,方便速食,5.5,1
12,5片装益达绿箭口香糖,非饮料,糖果/巧克力,2.0,1
3,10g卫龙亲嘴烧香辣味,非饮料,肉干/豆制品/蛋,2.0,1
12,55g奥利奥迷你杯夹心小饼干杯装原味,非饮料,饼干糕点,5.5,1
3,12g劲仔小鱼卤香味,非饮料,肉干/豆制品/蛋,1.5,1
12,55g奥利奥原味夹心饼干,非饮料,饼干糕点,4.5,1
12,50g马赛克手撕鱿鱼条,非饮料,海味零食,9.0,1
12,50g双层百力滋特浓番茄味,非饮料,饼干糕点,4.5,1
11,劲仔小鱼（麻辣味）,非饮料,肉干/豆制品/蛋,3.0,1
5,乐虎（380ml）,饮料,功能饮料,4.0,1
4,雀巢咖啡,饮料,咖啡,7.5,1
7,咪咪虾条马来西亚风味,非饮料,膨化食品,6.4,1
7,小鱼仔,非饮料,海味零食,1.0,1
10,40g上好佳日式鱼果,非饮料,膨化食品,3.5,1
7,怡宝,饮料,水,3.0,1
7,怡宝矿泉水,饮料,水,2.0,1
7,旺仔牛奶,饮料,乳制品,2.8,1
10,340ml蒙牛优益C乳酸菌,饮料,乳制品,7.0,1
7,旺仔牛奶145ml,饮料,乳制品,3.0,1
7,椰树牌椰汁,饮料,植物蛋白,4.5,1
7,百事可乐500ml,饮料,碳酸饮料,3.0,1
7,益力多100g*5瓶,饮料,乳制品,12.5,1
7,维他奶,饮料,植物蛋白,3.0,1
7,美汁源果粒橙,饮料,果蔬饮料,4.0,1
7,脉动（青柠）,饮料,功能饮料,5.0,1
7,茉莉蜜茶,饮料,茶饮料,3.0,1
7,诗竹竹纤维面巾纸,非饮料,纸巾,4.8,1
7,香脆肠,非饮料,肉干/豆制品/蛋,1.5,1
8,117gUFO炒面铁板色拉鱿鱼风味,非饮料,方便速食,6.5,1
8,12g劲仔小鱼卤香味,非饮料,肉干/豆制品/蛋,1.5,1
8,148g富甲一方紫薯仔,非饮料,蜜饯/果干,6.5,1
8,205g伊利安慕希原味,饮料,乳制品,5.5,1
8,250ml燕塘甜牛奶,饮料,乳制品,3.5,1
10,220g宝丰龙龟苓膏绿豆味,非饮料,果冻/龟苓膏,4.0,1
8,250ml王老吉盒装,饮料,茶饮料,2.5,1
10,205ml安慕希蓝莓味,饮料,乳制品,5.8,1
1,13g无穷烤鸡小腿蜂蜜味,非饮料,肉干/豆制品/蛋,30.0,1
10,180g统一满汉全席台式半筋半肉牛肉面,非饮料,方便速食,59.4,1
8,450ml美汁源果粒橙,饮料,果蔬饮料,4.0,1
8,48g好丽友薯愿香烤原味,非饮料,膨化食品,5.0,1
8,500ml农夫果园 (芒果+菠萝+番石榴),饮料,果蔬饮料,4.5,1
7,小茗同学（青柠红茶）,饮料,茶饮料,4.5,1
7,味之不规则饼干（芝士味）,非饮料,饼干糕点,10.0,1
8,600ml可口可乐,饮料,碳酸饮料,3.0,1
7,合味道（海鲜风味）,非饮料,方便速食,7.0,1
7,40g乐事美国经典原味,非饮料,膨化食品,4.5,1
10,80g香飘飘椰果奶茶原味,饮料,茶饮料,4.5,1
7,480ml小茗同学冷泡青柠红茶,饮料,茶饮料,5.5,1
10,78g合味道杯面香菇炖鸡风味,非饮料,方便速食,6.0,1
7,500ML宝矿力,饮料,功能饮料,5.5,1
7,500ml加多宝,饮料,茶饮料,4.5,1
7,50g马赛克手撕鱿鱼条,非饮料,海味零食,6.8,1
7,55g奥利奥原味夹心饼干,非饮料,饼干糕点,4.0,1
10,70g乐事薯片原味,非饮料,膨化食品,5.5,1
10,68g好丽友蛋黄派2枚,非饮料,饼干糕点,4.5,1
7,58g丽芝士纳宝帝奶酪威化饼干,非饮料,饼干糕点,3.0,1
7,5片装益达绿箭口香糖,非饮料,糖果/巧克力,2.0,1
7,600ml可口可乐,饮料,碳酸饮料,3.5,1
7,600ml脉动青柠,饮料,功能饮料,4.5,1
7,70g乐事薯片原味,非饮料,膨化食品,5.5,1
7,70g乐事薯片（黄瓜味）,非饮料,膨化食品,5.5,1
10,55g奥利奥迷你杯夹心小饼干杯装原味,非饮料,饼干糕点,5.5,1
7,70g乖媳妇野山泡椒凤爪,非饮料,肉干/豆制品/蛋,3.0,1
7,78g合味道杯面香菇炖鸡风味,非饮料,方便速食,6.0,1
10,50g马赛克手撕鱿鱼条,非饮料,海味零食,9.0,1
10,50g双层百力滋奶咖味,非饮料,饼干糕点,4.5,1
7,80g四洲粟一烧烧烤味,非饮料,膨化食品,9.0,1
7,80g盼盼手撕面包,非饮料,饼干糕点,4.0,1
7,80g香飘飘椰果奶茶麦香味,饮料,茶饮料,4.5,1
7,伊利优酸乳,饮料,乳制品,2.5,1
7,优益C活菌型乳酸菌饮品,饮料,乳制品,39.2,1
7,凤爪,非饮料,肉干/豆制品/蛋,2.0,1
7,劲仔小鱼（麻辣味）,非饮料,肉干/豆制品/蛋,3.0,1
7,可乐可乐,饮料,碳酸饮料,3.5,1
8,58g丽芝士纳宝帝奶酪威化饼干,非饮料,饼干糕点,12.0,1
10,13g雀巢咖啡1+2特浓,饮料,咖啡,10.0,1
11,农夫果园,饮料,果蔬饮料,5.5,1
8,迷你纸巾,非饮料,纸巾,1.0,1
9,益力多100g*5瓶,饮料,乳制品,11.0,1
9,100g果王咸柑桔罐装,非饮料,蜜饯/果干,6.5,1
9,百事可乐330ml,饮料,碳酸饮料,2.5,1
9,117gUFO炒面铁板色拉鱿鱼风味,非饮料,方便速食,6.5,1
9,150g健能酸奶原味,饮料,乳制品,4.0,1
9,湘潭铺子(羽泉版),非饮料,蜜饯/果干,10.0,1
9,泰奇八宝粥,非饮料,方便速食,7.0,1
9,188g澳门永辉鸡仔饼,非饮料,饼干糕点,17.0,1
9,200g喜之郎/什锦果肉,非饮料,果冻/龟苓膏,5.0,1
9,225g味之不规则饼干芝士味,非饮料,饼干糕点,10.0,1
9,250ml统一麦香奶茶,饮料,茶饮料,2.5,1
9,怡宝,饮料,水,3.0,1
9,250ml香满楼纯牛奶,饮料,乳制品,3.5,1
9,330ml伊利畅意乳酸菌草莓味,饮料,乳制品,6.0,1
9,37.5g费列罗榛果威化巧克力3颗,非饮料,糖果/巧克力,10.0,1
9,好吃点,非饮料,饼干糕点,4.5,1
9,奥利奥原味芝士,非饮料,饼干糕点,4.0,1
9,多芙利香草奶油味蛋糕,非饮料,饼干糕点,6.0,1
9,40g上好佳田园薯片番茄味,非饮料,膨化食品,4.5,1
9,40g乐事美国经典原味,非饮料,膨化食品,4.0,1
9,40g呀土豆番茄酱味,非饮料,膨化食品,4.5,1
9,500ML宝矿力,饮料,功能饮料,5.5,1
9,卫龙亲嘴烧麦辣鸡汁味,非饮料,肉干/豆制品/蛋,1.5,1
9,55g奥利奥迷你杯夹心小饼干杯装原味,非饮料,饼干糕点,5.5,1
9,68g多力多玉米片爆香热辣味,非饮料,膨化食品,8.0,1
9,利群（硬）,非饮料,香烟,15.0,1
9,80g香飘飘椰果奶茶麦香味,饮料,茶饮料,4.5,1
9,86g合味道浓猪骨味,非饮料,方便速食,7.0,1
9,健能酸奶,饮料,乳制品,3.0,1
8,雀巢咖啡,饮料,咖啡,6.0,1
9,统一来一桶香辣老坛酸菜牛肉面,非饮料,方便速食,5.5,1
8,68g多力多玉米片爆香热辣味,非饮料,膨化食品,8.0,1
9,统一阿萨姆奶茶,饮料,茶饮料,5.5,1
10,130g果王玉带蚕豆,非饮料,坚果炒货,7.0,1
8,70g乐事薯片（原味）,非饮料,膨化食品,5.5,1
10,117gUFO炒面铁板色拉鱿鱼风味,非饮料,方便速食,6.5,1
8,83g汤达人酸辣豚骨拉面,非饮料,方便速食,6.5,1
10,107g出前一丁桶面酱香牛肉王,非饮料,方便速食,6.0,1
8,85g嘉士利果乐果香夹心饼干蓝莓味,非饮料,饼干糕点,4.5,1
10,100g卫龙点心面黑椒牛排味,非饮料,肉干/豆制品/蛋,5.8,1
8,85g新麦潮手撕面包（提子味）,非饮料,饼干糕点,3.5,1
9,鸡爪,非饮料,肉干/豆制品/蛋,2.0,1
8,86g合味道浓猪骨味,非饮料,方便速食,6.0,1
9,韩国海牌海苔,非饮料,海味零食,1.6,1
8,凤爪,非饮料,肉干/豆制品/蛋,2.5,1
9,雪力矿泉水,饮料,水,2.0,1
8,加多宝,饮料,茶饮料,4.5,1
8,可口可乐330ml（罐）,饮料,碳酸饮料,2.5,1
8,尖叫,饮料,功能饮料,4.5,1
8,拿铁咖啡（统一）,饮料,咖啡,5.5,1
9,越南LIPO奶味面包干100g,非饮料,饼干糕点,8.0,1
8,无穷农场盐_鸡蛋,非饮料,肉干/豆制品/蛋,2.0,1
9,茉莉蜜茶,饮料,茶饮料,3.0,1
8,旺仔牛奶145ml,饮料,乳制品,3.0,1
9,芦荟汁,饮料,果蔬饮料,6.0,1
8,汤达人方便面,非饮料,方便速食,3.0,1
9,脉动（青柠）,饮料,功能饮料,5.0,1
8,珠江纯生啤酒,饮料,功能饮料,4.0,1
8,立体声耳机（象牙白）,非饮料,其他,12.0,1
8,经典奶茶,饮料,茶饮料,3.0,1
8,统一来一桶香辣老坛酸菜牛肉面,非饮料,方便速食,5.5,1
8,维他柠檬茶330ml（罐）,饮料,茶饮料,3.0,1
7,40g上好佳日式鱼果,非饮料,膨化食品,4.5,1
10,86g合味道浓猪骨味,非饮料,方便速食,6.0,1
7,34g公仔迷你杯风味排骨味,非饮料,方便速食,3.5,1
5,80g香飘飘椰果奶茶麦香味,饮料,茶饮料,4.5,1
5,乐事薯片（黄瓜味）,非饮料,膨化食品,5.5,1
9,乐虎,饮料,功能饮料,6.0,1
5,冰糖雪梨,饮料,果蔬饮料,3.5,1
11,40g乐事薯片黄瓜味,非饮料,膨化食品,4.5,1
5,印尼芝士威化饼干,非饮料,饼干糕点,3.0,1
11,40g上好佳日式鱼果,非饮料,膨化食品,4.5,1
11,370g泰奇八宝粥,非饮料,方便速食,6.0,1
5,口味王槟榔（红）,非饮料,蜜饯/果干,15.0,1
11,34g公仔迷你杯牛肉味,非饮料,方便速食,3.5,1
5,可乐可乐,饮料,碳酸饮料,3.0,1
5,可口可乐最新款,饮料,碳酸饮料,2.5,1
5,合味道（海鲜风味）,非饮料,方便速食,7.0,1
5,咪咪虾条马来西亚风味,非饮料,膨化食品,1.8,1
5,四洲粟一烧烧烤味,非饮料,膨化食品,9.0,1
5,安慕希酸奶,饮料,乳制品,6.0,1
5,椰树牌椰汁,饮料,植物蛋白,4.5,1
11,250ml维他奶黑豆奶饮品,饮料,植物蛋白,3.0,1
5,湘潭铺子(羽泉版),非饮料,蜜饯/果干,10.0,1
5,燕塘甜牛奶,饮料,乳制品,4.5,1
5,美汁源果粒橙,饮料,果蔬饮料,4.0,1
5,越南LIPO奶味面包干100g,非饮料,饼干糕点,8.0,1
5,雪碧最新款,饮料,碳酸饮料,3.0,1
6,100g卫龙点心面黑椒牛排味,非饮料,肉干/豆制品/蛋,5.8,1
6,117gUFO炒面铁板色拉鱿鱼风味,非饮料,方便速食,6.5,1
11,20g士力架,非饮料,糖果/巧克力,2.0,1
11,205ml安慕希蓝莓味,饮料,乳制品,5.8,1
6,130g果王玉带蚕豆,非饮料,坚果炒货,7.0,1
6,250ml香满楼纯牛奶,饮料,乳制品,3.5,1
6,330ml伊利畅意乳酸菌草莓味,饮料,乳制品,6.0,1
5,丽芝士纳宝帝奶酪威化饼干,非饮料,饼干糕点,3.5,1
11,500ml农夫果园 (芒果+菠萝+番石榴),饮料,果蔬饮料,10.0,1
7,330ml伊利畅意乳酸菌原味,饮料,乳制品,6.0,1
5,70g乐事薯片（原味）,非饮料,膨化食品,5.5,1
11,优益C活菌型乳酸菌饮品,饮料,乳制品,7.0,1
4,香脆肠,非饮料,肉干/豆制品/蛋,1.5,1
5,100g卫龙点心面黑椒牛排味,非饮料,肉干/豆制品/蛋,5.8,1
5,103g康师傅红烧牛肉面,非饮料,方便速食,5.5,1
11,乐事薯片（青柠）,非饮料,膨化食品,8.0,1
5,12g劲仔小鱼卤香味,非饮料,肉干/豆制品/蛋,3.0,1
11,90g顺宝九制杨梅,非饮料,蜜饯/果干,5.0,1
5,180g统一满汉全席台式半筋半肉牛肉面,非饮料,方便速食,19.8,1
5,188g澳门永辉鸡仔饼,非饮料,饼干糕点,17.0,1
5,205ml安慕希蓝莓味,饮料,乳制品,5.8,1
5,225g味之不规则饼干芝士味,非饮料,饼干糕点,7.5,1
11,83g汤达人酸辣豚骨拉面,非饮料,方便速食,6.5,1
5,250ml统一麦香奶茶,饮料,茶饮料,2.5,1
5,250ml维他奶黑豆奶饮品,饮料,植物蛋白,3.0,1
5,30g元朗小蛋卷,非饮料,饼干糕点,2.5,1
5,32g卫龙亲嘴烧川香味,非饮料,肉干/豆制品/蛋,1.8,1
5,34g公仔迷你杯牛肉味,非饮料,方便速食,2.5,1
5,34g公仔迷你杯风味排骨味,非饮料,方便速食,3.5,1
5,37.5g费列罗榛果威化巧克力3颗,非饮料,糖果/巧克力,11.8,1
5,370g泰奇八宝粥,非饮料,方便速食,6.0,1
11,68g好丽友蛋黄派2枚,非饮料,饼干糕点,4.5,1
11,68g好丽友巧克力派2枚,非饮料,饼干糕点,4.0,1
5,500ml康师傅冰糖雪梨,饮料,果蔬饮料,3.5,1
11,5片装益达绿箭口香糖,非饮料,糖果/巧克力,2.0,1
5,500ml统一冰糖雪梨,饮料,果蔬饮料,3.5,1
5,50g双层百力滋奶咖味,非饮料,饼干糕点,4.5,1
5,50g马赛克手撕鱿鱼条,非饮料,海味零食,9.0,1
5,55g奥利奥原味夹心饼干,非饮料,饼干糕点,4.5,1
5,5片装益达绿箭口香糖,非饮料,糖果/巧克力,2.0,1
6,37.5g费列罗榛果威化巧克力3颗,非饮料,糖果/巧克力,11.8,1
11,145ml旺仔牛奶罐装,饮料,乳制品,3.0,1
6,500ml农夫果园 (芒果+菠萝+番石榴),饮料,果蔬饮料,5.0,1
11,130g果王玉带蚕豆,非饮料,坚果炒货,7.0,1
10,湘潭铺子(羽泉版),非饮料,蜜饯/果干,10.0,1
10,旺仔牛奶145ml,饮料,乳制品,3.0,1
6,燕塘原味酸奶,饮料,乳制品,4.5,1
10,无穷烤鸡小腿（蜂蜜）,非饮料,肉干/豆制品/蛋,3.0,1
10,无穷农场盐_鸡蛋,非饮料,肉干/豆制品/蛋,2.5,1
6,燕塘红枣牛奶,饮料,乳制品,4.5,1
10,康师傅矿泉水,饮料,水,1.0,1
6,统一阿萨姆奶茶,饮料,茶饮料,5.5,1
10,安慕希酸奶,饮料,乳制品,6.0,1
6,维他原味豆奶,饮料,植物蛋白,3.5,1
10,奥利奥原味芝士,非饮料,饼干糕点,4.0,1
10,天地一号,饮料,果蔬饮料,5.0,1
6,诗竹竹纤维面巾纸,非饮料,纸巾,4.8,1
10,咪咪,非饮料,膨化食品,1.0,1
10,味之不规则饼干（芝士味）,非饮料,饼干糕点,7.5,1
10,合味道（海鲜风味）,非饮料,方便速食,7.0,1
7,100g卫龙点心面黑椒牛排味,非饮料,肉干/豆制品/蛋,5.8,1
7,205g伊利安慕希原味,饮料,乳制品,11.0,1
7,225g味之不规则饼干芝士味,非饮料,饼干糕点,7.5,1
7,250ML东鹏特饮,饮料,功能饮料,4.5,1
7,250ml王老吉盒装,饮料,茶饮料,2.5,1
7,250ml红牛,饮料,功能饮料,5.5,1
10,加多宝,饮料,茶饮料,4.5,1
10,凤爪,非饮料,肉干/豆制品/蛋,2.0,1
7,250ml统一麦香奶茶,饮料,茶饮料,2.5,1
7,250ml维他奶低糖原味,饮料,植物蛋白,3.0,1
7,250ml维他奶黑豆奶饮品,饮料,植物蛋白,3.0,1
10,乐事薯片（青柠）,非饮料,膨化食品,8.0,1
7,250ml维他椰子植物蛋白饮料9374,饮料,植物蛋白,3.5,1
10,燕塘原味酸奶,饮料,乳制品,9.0,1
6,康师傅拉面(袋),非饮料,方便速食,5.0,1
6,巧克力奶油味蛋糕,非饮料,饼干糕点,1.0,1
6,冰糖雪梨,饮料,果蔬饮料,3.0,1
11,12g劲仔小鱼（香辣味）,非饮料,肉干/豆制品/蛋,4.5,1
6,500ml统一冰糖雪梨,饮料,果蔬饮料,3.5,1
11,12g劲仔小鱼卤香味,非饮料,肉干/豆制品/蛋,1.5,1
11,103g康师傅红烧牛肉面,非饮料,方便速食,5.5,1
6,70g乐事薯片（原味）,非饮料,膨化食品,5.5,1
10,香脆肠,非饮料,肉干/豆制品/蛋,1.5,1
10,顺宝九制梅,非饮料,蜜饯/果干,5.0,1
6,70g乐事薯片（黄瓜味）,非饮料,膨化食品,5.5,1
6,80g马赛克香蕉片,非饮料,蜜饯/果干,7.0,1
6,86g合味道浓猪骨味,非饮料,方便速食,6.0,1
6,乐事薯片（黄瓜味）,非饮料,膨化食品,5.5,1
10,阿萨姆煎茶奶绿,饮料,茶饮料,4.0,1
6,健能酸奶,饮料,乳制品,4.0,1
6,冰红茶（罐）,饮料,茶饮料,2.5,1
10,百事可乐500ml,饮料,碳酸饮料,3.0,1
10,诗竹竹纤维面巾纸,非饮料,纸巾,4.8,1
6,凤爪,非饮料,肉干/豆制品/蛋,2.5,1
10,茉莉蜜茶,饮料,茶饮料,3.0,1
6,劲仔小鱼（麻辣味）,非饮料,肉干/豆制品/蛋,6.0,1
10,美汁源果粒橙,饮料,果蔬饮料,8.0,1
10,美年达（罐）,饮料,碳酸饮料,2.5,1
6,合味道（浓猪骨）,非饮料,方便速食,7.0,1
6,合味道（海鲜风味）,非饮料,方便速食,7.0,1
10,维他原味豆奶,饮料,植物蛋白,3.5,1
10,统一阿萨姆奶茶,饮料,茶饮料,5.5,1
6,天地一号,饮料,果蔬饮料,5.0,1
6,好吃点,非饮料,饼干糕点,4.5,1
6,安慕希酸奶,饮料,乳制品,6.0,1
8,330ml伊利畅意乳酸菌原味,饮料,乳制品,5.5,1
