月份（A）,商品,大类,二级类,销售额,订单量
12,怡宝纯净水,饮料,水,231.5,113
12,东鹏特饮,饮料,功能饮料,374.5,106
10,怡宝纯净水,饮料,水,178.5,89
12,脉动,饮料,功能饮料,324.5,77
11,怡宝纯净水,饮料,水,150.0,75
9,怡宝纯净水,饮料,水,134.0,67
6,怡宝纯净水,饮料,水,123.0,61
12,营养快线,饮料,乳制品,248.0,60
12,统一冰红茶,饮料,茶饮料,176.0,58
12,阿萨姆奶茶,饮料,茶饮料,230.0,57
11,东鹏特饮,饮料,功能饮料,196.5,56
8,东鹏特饮,饮料,功能饮料,198.0,56
8,怡宝纯净水,饮料,水,109.0,54
6,东鹏特饮,饮料,功能饮料,186.0,52
6,脉动,饮料,功能饮料,212.0,50
12,30g无穷农场盐_鸡蛋,非饮料,肉干/豆制品/蛋,165.0,49
6,20g咪咪虾条马来西亚风味,非饮料,膨化食品,118.8999999999999,48
11,阿萨姆奶茶,饮料,茶饮料,192.0,48
6,250ml维他柠檬茶,饮料,茶饮料,162.5,43
6,30g无穷农场盐_鸡蛋,非饮料,肉干/豆制品/蛋,179.5,42
9,阿萨姆奶茶,饮料,茶饮料,168.5,42
10,13g无穷烤鸡小腿蜂蜜味,非饮料,肉干/豆制品/蛋,163.0,41
6,阿萨姆奶茶,饮料,茶饮料,163.0,41
10,30g无穷农场盐_鸡蛋,非饮料,肉干/豆制品/蛋,122.5,41
9,东鹏特饮,饮料,功能饮料,143.5,41
6,250ml维他原味豆奶,饮料,植物蛋白,138.3,40
12,小鱼仔,非饮料,海味零食,53.5,40
5,30g无穷农场盐_鸡蛋,非饮料,肉干/豆制品/蛋,150.0,39
10,阿萨姆奶茶,饮料,茶饮料,155.5,39
10,东鹏特饮,饮料,功能饮料,139.0,39
12,鸭翅,非饮料,肉干/豆制品/蛋,65.0,38
6,营养快线,饮料,乳制品,155.0,38
12,统一绿茶,饮料,茶饮料,121.5,38
12,卫龙大面筋,非饮料,肉干/豆制品/蛋,109.0,36
10,脉动,饮料,功能饮料,141.0,35
12,红牛,饮料,功能饮料,211.5,35
6,13g无穷烤鸡小腿蜂蜜味,非饮料,肉干/豆制品/蛋,137.0,35
9,脉动,饮料,功能饮料,133.0,33
10,营养快线,饮料,乳制品,132.5,33
8,阿萨姆奶茶,饮料,茶饮料,133.5,33
8,脉动,饮料,功能饮料,130.0,32
8,营养快线,饮料,乳制品,128.0,32
5,40g双汇玉米热狗肠,非饮料,肉干/豆制品/蛋,64.5,32
12,香豆干,非饮料,肉干/豆制品/蛋,40.0,32
6,40g双汇玉米热狗肠,非饮料,肉干/豆制品/蛋,67.5,31
10,果粒橙,饮料,果蔬饮料,97.0,31
11,营养快线,饮料,乳制品,121.0,30
10,250ml燕塘红枣牛奶,饮料,乳制品,137.0,30
6,145ml旺仔牛奶盒装,饮料,乳制品,139.5,30
10,统一冰红茶,饮料,茶饮料,90.0,30
10,鸭翅,非饮料,肉干/豆制品/蛋,51.0,30
10,20g咪咪虾条马来西亚风味,非饮料,膨化食品,66.49999999999999,30
10,250ml维他原味豆奶,饮料,植物蛋白,107.6,30
9,250ml维他原味豆奶,饮料,植物蛋白,130.9,29
6,32g卫龙亲嘴烧,非饮料,肉干/豆制品/蛋,89.99999999999999,29
12,40g双汇玉米热狗肠,非饮料,肉干/豆制品/蛋,54.0,28
12,13g无穷烤鸡小腿蜂蜜味,非饮料,肉干/豆制品/蛋,96.0,27
12,雪碧最新款,饮料,碳酸饮料,82.0,27
11,统一冰红茶,饮料,茶饮料,81.0,27
6,250ml燕塘红枣牛奶,饮料,乳制品,130.5,27
12,伊利优酸乳,饮料,乳制品,62.5,27
10,32g卫龙亲嘴烧,非饮料,肉干/豆制品/蛋,80.99999999999996,27
8,伊利优酸乳,饮料,乳制品,66.0,27
10,伊利优酸乳,饮料,乳制品,67.0,27
10,40g双汇玉米热狗肠,非饮料,肉干/豆制品/蛋,55.5,27
10,145ml旺仔牛奶盒装,饮料,乳制品,90.5,27
8,统一冰红茶,饮料,茶饮料,81.0,27
7,30g无穷农场盐_鸡蛋,非饮料,肉干/豆制品/蛋,71.0,26
7,怡宝纯净水,饮料,水,50.0,25
11,脉动,饮料,功能饮料,100.0,25
12,伊利纯牛奶,饮料,乳制品,72.5,25
12,银鹭八宝粥,饮料,方便速食,101.5,25
10,红牛,饮料,功能饮料,152.5,24
10,统一绿茶,饮料,茶饮料,75.0,24
9,营养快线,饮料,乳制品,96.5,24
6,统一冰红茶,饮料,茶饮料,72.0,24
11,红牛,饮料,功能饮料,145.5,24
10,卫龙大面筋,非饮料,肉干/豆制品/蛋,69.0,23
11,250ml维他原味豆奶,饮料,植物蛋白,76.0,23
5,32g卫龙亲嘴烧,非饮料,肉干/豆制品/蛋,70.19999999999997,23
6,鸭翅,非饮料,肉干/豆制品/蛋,37.5,23
7,东鹏特饮,饮料,功能饮料,81.0,23
10,250ml维他柠檬茶,饮料,茶饮料,119.5,23
7,阿萨姆奶茶,饮料,茶饮料,92.0,23
12,32g卫龙亲嘴烧,非饮料,肉干/豆制品/蛋,62.99999999999998,23
9,红牛,饮料,功能饮料,143.0,23
6,红牛,饮料,功能饮料,140.0,23
12,250ml维他柠檬茶,饮料,茶饮料,116.5,22
5,250ml维他柠檬茶,饮料,茶饮料,75.0,22
6,32g卫龙亲嘴烧红烧牛肉味,非饮料,肉干/豆制品/蛋,44.999999999999986,22
12,怡宝,饮料,水,44.0,22
12,250ml燕塘甜牛奶,饮料,乳制品,90.5,21
12,果粒橙,饮料,果蔬饮料,63.0,21
9,250ml维他柠檬茶,饮料,茶饮料,69.5,21
12,雪碧（500ml）,饮料,碳酸饮料,61.2,21
10,12g劲仔小鱼麻辣味,非饮料,肉干/豆制品/蛋,57.5,21
10,250ml燕塘甜牛奶,饮料,乳制品,108.0,21
6,250ml燕塘甜牛奶,饮料,乳制品,99.0,21
10,86g合味道海鲜风味,非饮料,方便速食,138.0,20
5,13g无穷烤鸡小腿蜂蜜味,非饮料,肉干/豆制品/蛋,96.0,20
11,可口可乐（500ml）,饮料,碳酸饮料,60.0,20
4,东鹏特饮,饮料,功能饮料,70.0,20
10,250ml燕塘原味酸奶,饮料,乳制品,98.0,20
11,20g咪咪虾条马来西亚风味,非饮料,膨化食品,37.300000000000004,20
11,统一绿茶,饮料,茶饮料,60.5,20
12,雪碧330ml,饮料,碳酸饮料,54.5,20
6,雪碧（500ml）,饮料,碳酸饮料,59.1,20
8,卫龙大面筋,非饮料,肉干/豆制品/蛋,61.0,20
11,250ml燕塘原味酸奶,饮料,乳制品,92.5,19
6,86g合味道海鲜风味,非饮料,方便速食,120.0,19
5,20g咪咪虾条马来西亚风味,非饮料,膨化食品,45.6,19
5,250ml维他原味豆奶,饮料,植物蛋白,63.0,19
12,250ml燕塘红枣牛奶,饮料,乳制品,84.5,19
12,250ml燕塘原味酸奶,饮料,乳制品,87.0,19
9,可口可乐（500ml）,饮料,碳酸饮料,57.0,19
11,13g无穷烤鸡小腿蜂蜜味,非饮料,肉干/豆制品/蛋,83.0,19
9,30g无穷农场盐_鸡蛋,非饮料,肉干/豆制品/蛋,69.5,19
11,268ml雀巢咖啡丝滑拿铁,饮料,咖啡,144.5,19
6,250ml维他奶巧克力味,饮料,植物蛋白,55.5,19
8,鸭翅,非饮料,肉干/豆制品/蛋,30.5,18
6,统一绿茶,饮料,茶饮料,55.5,18
11,30g无穷农场盐_鸡蛋,非饮料,肉干/豆制品/蛋,67.5,18
9,40g双汇玉米热狗肠,非饮料,肉干/豆制品/蛋,39.0,18
6,可口可乐（500ml）,饮料,碳酸饮料,58.0,18
6,王老吉（罐）,饮料,茶饮料,68.5,18
6,12g劲仔小鱼麻辣味,非饮料,肉干/豆制品/蛋,40.5,18
3,东鹏特饮,饮料,功能饮料,63.0,18
12,可口可乐330ml,饮料,碳酸饮料,43.5,17
11,145ml旺仔牛奶盒装,饮料,乳制品,53.0,17
9,统一冰红茶,饮料,茶饮料,51.0,17
6,伊利优酸乳,饮料,乳制品,42.5,17
12,145ml旺仔牛奶盒装,饮料,乳制品,60.0,17
12,芬达330ml,饮料,碳酸饮料,44.0,17
12,85g新麦潮手撕面包（提子味）,非饮料,饼干糕点,56.5,17
6,85g新麦潮手撕面包（提子味）,非饮料,饼干糕点,55.5,17
10,香豆干,非饮料,肉干/豆制品/蛋,21.0,17
12,茉莉蜜茶,饮料,茶饮料,53.0,17
9,13g无穷烤鸡小腿蜂蜜味,非饮料,肉干/豆制品/蛋,81.5,17
10,85g新麦潮北海道吐司,非饮料,饼干糕点,46.0,16
12,王老吉（500ml）,饮料,茶饮料,64.0,16
9,85g新麦潮北海道吐司,非饮料,饼干糕点,50.5,16
9,伊利优酸乳,饮料,乳制品,40.0,16
8,果粒橙,饮料,果蔬饮料,52.5,16
11,250ml维他柠檬茶,饮料,茶饮料,61.5,16
7,脉动,饮料,功能饮料,64.0,16
9,王老吉（500ml）,饮料,茶饮料,64.0,16
12,王老吉（罐）,饮料,茶饮料,59.5,16
9,雪碧（500ml）,饮料,碳酸饮料,48.0,16
10,王老吉（500ml）,饮料,茶饮料,64.0,16
12,维他柠檬茶,饮料,茶饮料,48.5,16
6,卫龙大面筋,非饮料,肉干/豆制品/蛋,49.0,16
6,香豆干,非饮料,肉干/豆制品/蛋,19.0,16
12,可口可乐（500ml）,饮料,碳酸饮料,48.0,16
6,小鱼仔,非饮料,海味零食,17.5,16
10,小鱼仔,非饮料,海味零食,16.5,16
12,85g统一老坛酸菜牛肉面,非饮料,方便速食,97.0,16
8,小鱼仔,非饮料,海味零食,18.5,16
12,78g卫龙亲嘴语辣条,非饮料,肉干/豆制品/蛋,75.5,15
11,可口可乐最新款,饮料,碳酸饮料,44.0,15
11,250ml燕塘甜牛奶,饮料,乳制品,76.0,15
5,85g新麦潮北海道吐司,非饮料,饼干糕点,50.0,15
11,果粒橙,饮料,果蔬饮料,45.0,15
11,250ml红牛,饮料,功能饮料,115.0,15
9,果粒橙,饮料,果蔬饮料,45.0,15
11,86g合味道海鲜风味,非饮料,方便速食,108.5,15
10,85g统一老坛酸菜牛肉面,非饮料,方便速食,97.5,15
6,70g乖媳妇野山泡椒凤爪,非饮料,肉干/豆制品/蛋,52.0,15
5,250ml燕塘甜牛奶,饮料,乳制品,67.5,15
10,雪碧最新款,饮料,碳酸饮料,43.0,15
10,雪碧（500ml）,饮料,碳酸饮料,45.0,15
8,香豆干,非饮料,肉干/豆制品/蛋,17.5,15
6,85g统一老坛酸菜牛肉面,非饮料,方便速食,85.0,15
12,维他奶,饮料,植物蛋白,44.0,15
12,12g劲仔小鱼麻辣味,非饮料,肉干/豆制品/蛋,39.0,15
4,30g无穷农场盐_鸡蛋,非饮料,肉干/豆制品/蛋,55.0,14
5,东鹏特饮,饮料,功能饮料,49.0,14
11,85g统一老坛酸菜牛肉面,非饮料,方便速食,79.5,14
10,王老吉（罐）,饮料,茶饮料,50.5,14
3,怡宝纯净水,饮料,水,28.0,14
4,怡宝纯净水,饮料,水,28.0,14
6,王老吉（500ml）,饮料,茶饮料,56.5,14
4,果粒橙,饮料,果蔬饮料,43.0,14
12,86g合味道海鲜风味,非饮料,方便速食,88.0,14
10,45g双汇泡面拍挡,非饮料,肉干/豆制品/蛋,24.0,14
6,250ml燕塘原味酸奶,饮料,乳制品,62.0,14
2,东鹏特饮,饮料,功能饮料,51.5,14
8,熊字饼,非饮料,饼干糕点,42.0,14
4,阿萨姆奶茶,饮料,茶饮料,56.0,14
8,统一绿茶,饮料,茶饮料,42.5,14
9,20g咪咪虾条马来西亚风味,非饮料,膨化食品,22.9,14
10,85g新麦潮手撕面包（提子味）,非饮料,饼干糕点,41.5,13
12,口味王槟榔（绿）,非饮料,蜜饯/果干,130.0,13
12,268ml雀巢咖啡丝滑拿铁,饮料,咖啡,71.0,13
11,250ml燕塘红枣牛奶,饮料,乳制品,61.5,13
8,怡宝,饮料,水,26.0,13
6,果粒橙,饮料,果蔬饮料,43.5,13
9,250ml燕塘甜牛奶,饮料,乳制品,59.5,13
9,250ml燕塘原味酸奶,饮料,乳制品,78.0,13
12,20g咪咪虾条马来西亚风味,非饮料,膨化食品,40.800000000000004,13
12,70g乖媳妇野山泡椒凤爪,非饮料,肉干/豆制品/蛋,61.5,13
12,250ml维他原味豆奶,饮料,植物蛋白,46.0,13
5,86g合味道海鲜风味,非饮料,方便速食,78.0,13
10,330ml伊利畅意乳酸菌原味,饮料,乳制品,101.5,13
9,鸭翅,非饮料,肉干/豆制品/蛋,21.5,12
7,13g无穷烤鸡小腿蜂蜜味,非饮料,肉干/豆制品/蛋,103.0,12
5,脉动,饮料,功能饮料,48.5,12
5,40g乐事薯片黄瓜味,非饮料,膨化食品,58.5,12
9,85g统一老坛酸菜牛肉面,非饮料,方便速食,58.0,12
6,维他奶,饮料,植物蛋白,32.0,12
12,雪力矿泉水,饮料,水,24.0,12
10,250ml维他奶巧克力味,饮料,植物蛋白,36.0,12
6,银鹭八宝粥,饮料,方便速食,49.0,12
1,40g双汇玉米热狗肠,非饮料,肉干/豆制品/蛋,28.5,12
10,伊利纯牛奶,饮料,乳制品,31.5,12
12,85g新麦潮北海道吐司,非饮料,饼干糕点,38.0,12
12,冰糖雪梨,饮料,果蔬饮料,41.0,12
11,雪碧（500ml）,饮料,碳酸饮料,36.0,12
9,268ml雀巢咖啡丝滑拿铁,饮料,咖啡,66.5,12
6,可口可乐330ml,饮料,碳酸饮料,30.5,12
6,600ml脉动青柠,饮料,功能饮料,71.0,12
9,12g劲仔小鱼麻辣味,非饮料,肉干/豆制品/蛋,32.5,12
6,268ml雀巢咖啡丝滑拿铁,饮料,咖啡,66.0,12
12,32g卫龙亲嘴烧红烧牛肉味,非饮料,肉干/豆制品/蛋,37.800000000000004,12
6,250ml红牛,饮料,功能饮料,91.0,12
9,450ml美汁源果粒橙,饮料,果蔬饮料,60.0,12
6,咪咪虾条马来西亚风味,非饮料,膨化食品,11.200000000000001,12
12,2g韩国海牌海苔,非饮料,海味零食,36.2,11
10,205g伊利安慕希原味,饮料,乳制品,82.5,11
8,王老吉（500ml）,饮料,茶饮料,44.0,11
11,500ml统一阿萨姆奶茶,饮料,茶饮料,63.5,11
6,伊利纯牛奶,饮料,乳制品,31.5,11
4,统一冰红茶,饮料,茶饮料,33.0,11
5,250ml燕塘红枣牛奶,饮料,乳制品,54.0,11
5,250ml红牛,饮料,功能饮料,84.5,11
9,86g合味道海鲜风味,非饮料,方便速食,71.0,11
8,银鹭八宝粥,饮料,方便速食,44.0,11
11,330ml伊利畅意乳酸菌原味,饮料,乳制品,70.5,11
5,78g卫龙亲嘴语辣条,非饮料,肉干/豆制品/蛋,49.5,11
9,145ml旺仔牛奶盒装,饮料,乳制品,27.5,11
11,430g泰奇八宝粥,非饮料,方便速食,67.5,11
5,70g乖媳妇野山泡椒凤爪,非饮料,肉干/豆制品/蛋,34.5,11
4,40g双汇玉米热狗肠,非饮料,肉干/豆制品/蛋,16.5,11
2,统一冰红茶,饮料,茶饮料,33.5,11
11,40g双汇玉米热狗肠,非饮料,肉干/豆制品/蛋,33.0,11
9,330ml伊利畅意乳酸菌原味,饮料,乳制品,65.5,11
5,250ml燕塘原味酸奶,饮料,乳制品,54.0,11
12,600ml可口可乐,饮料,碳酸饮料,49.0,11
5,卫龙亲嘴烧红烧牛肉味,非饮料,肉干/豆制品/蛋,18.0,11
6,450ml美汁源果粒橙,饮料,果蔬饮料,47.0,11
5,12g劲仔小鱼麻辣味,非饮料,肉干/豆制品/蛋,51.0,11
12,印尼芝士威化饼干,非饮料,饼干糕点,33.0,11
5,145ml旺仔牛奶盒装,饮料,乳制品,36.5,11
9,250ml燕塘红枣牛奶,饮料,乳制品,54.0,11
6,500ml统一阿萨姆奶茶,饮料,茶饮料,66.0,11
12,康师傅矿泉水,饮料,水,16.0,11
10,450ml美汁源果粒橙,饮料,果蔬饮料,67.0,11
10,口味王槟榔（绿）,非饮料,蜜饯/果干,110.0,11
10,430g泰奇八宝粥,非饮料,方便速食,77.0,11
12,330ml伊利畅意乳酸菌原味,饮料,乳制品,65.0,11
6,205g伊利安慕希原味,饮料,乳制品,77.0,11
6,52g旺旺仙贝,非饮料,膨化食品,54.0,11
9,500ml统一阿萨姆奶茶,饮料,茶饮料,54.5,11
6,50g上好佳日式鱼果,非饮料,膨化食品,45.0,10
6,45g双汇泡面拍挡,非饮料,肉干/豆制品/蛋,19.5,10
10,78g卫龙亲嘴语辣条,非饮料,肉干/豆制品/蛋,49.5,10
11,12g劲仔小鱼麻辣味,非饮料,肉干/豆制品/蛋,34.5,10
6,58g丽芝士纳宝帝奶酪威化饼干,非饮料,饼干糕点,33.0,10
7,250ml维他柠檬茶,饮料,茶饮料,35.5,10
10,雪碧330ml,饮料,碳酸饮料,25.5,10
8,红牛,饮料,功能饮料,60.0,10
8,雪碧330ml,饮料,碳酸饮料,27.5,10
12,百事可乐500ml,饮料,碳酸饮料,30.5,10
1,鸭翅,非饮料,肉干/豆制品/蛋,16.5,10
6,85g嘉士利果乐果香夹心饼干蓝莓味,非饮料,饼干糕点,45.0,10
6,卫龙亲嘴烧红烧牛肉味,非饮料,肉干/豆制品/蛋,19.5,10
1,脉动,饮料,功能饮料,41.5,10
6,85g新麦潮北海道吐司,非饮料,饼干糕点,33.0,10
8,雪碧（500ml）,饮料,碳酸饮料,30.5,10
10,70g乖媳妇野山泡椒凤爪,非饮料,肉干/豆制品/蛋,35.5,10
8,伊利纯牛奶,饮料,乳制品,26.5,10
6,雪碧330ml,饮料,碳酸饮料,25.5,10
5,85g统一老坛酸菜牛肉面,非饮料,方便速食,61.0,10
11,85g新麦潮手撕面包（提子味）,非饮料,饼干糕点,29.0,10
9,32g卫龙亲嘴烧,非饮料,肉干/豆制品/蛋,27.000000000000004,10
6,110g顺宝九制话梅,非饮料,蜜饯/果干,55.0,10
11,王老吉（500ml）,饮料,茶饮料,40.0,10
8,口味王槟榔（绿）,非饮料,蜜饯/果干,100.0,10
5,怡宝纯净水,饮料,水,20.0,10
4,13g无穷烤鸡小腿蜂蜜味,非饮料,肉干/豆制品/蛋,39.0,10
9,熊字饼,非饮料,饼干糕点,30.0,10
6,330ml伊利畅意乳酸菌原味,饮料,乳制品,61.0,10
6,2g韩国海牌海苔,非饮料,海味零食,20.6,10
9,卫龙大面筋,非饮料,肉干/豆制品/蛋,31.0,10
11,香豆干,非饮料,肉干/豆制品/蛋,12.0,10
8,13g无穷烤鸡小腿蜂蜜味,非饮料,肉干/豆制品/蛋,29.0,10
11,伊利纯牛奶,饮料,乳制品,28.0,10
6,20g马来西亚风味咪咪蟹味粒0219,非饮料,膨化食品,13.6,10
7,银鹭八宝粥,饮料,方便速食,40.0,10
10,85g嘉士利果乐果香夹心饼干蓝莓味,非饮料,饼干糕点,40.5,9
9,430g泰奇八宝粥,非饮料,方便速食,57.5,9
11,卫龙大面筋,非饮料,肉干/豆制品/蛋,27.0,9
1,250ml维他柠檬茶,饮料,茶饮料,30.0,9
12,可口可乐最新款,饮料,碳酸饮料,29.0,9
4,78g卫龙亲嘴语辣条,非饮料,肉干/豆制品/蛋,40.5,9
1,阿萨姆奶茶,饮料,茶饮料,36.0,9
10,维他奶,饮料,植物蛋白,24.0,9
3,卫龙大面筋,非饮料,肉干/豆制品/蛋,27.0,9
9,统一绿茶,饮料,茶饮料,27.5,9
10,可口可乐（500ml）,饮料,碳酸饮料,28.0,9
6,78g卫龙亲嘴语辣条,非饮料,肉干/豆制品/蛋,40.5,9
11,口味王槟榔（绿）,非饮料,蜜饯/果干,90.0,9
10,可口可乐最新款,饮料,碳酸饮料,27.0,9
10,52g旺旺仙贝,非饮料,膨化食品,45.0,9
9,100g*5瓶益力多,饮料,乳制品,136.0,9
4,伊利优酸乳,饮料,乳制品,22.0,9
8,维他柠檬茶,饮料,茶饮料,26.5,9
1,东鹏特饮,饮料,功能饮料,31.5,9
9,银鹭八宝粥,饮料,方便速食,36.0,9
8,芬达330ml,饮料,碳酸饮料,23.0,9
12,45g双汇泡面拍挡,非饮料,肉干/豆制品/蛋,18.0,9
10,银鹭八宝粥,饮料,方便速食,36.5,9
4,250ml维他柠檬茶,饮料,茶饮料,30.0,9
10,250ml红牛,饮料,功能饮料,64.0,9
5,450ml美汁源果粒橙,饮料,果蔬饮料,63.0,9
6,48g好丽友薯愿香烤原味,非饮料,膨化食品,45.0,9
12,湘潭铺子(羽泉版),非饮料,蜜饯/果干,90.0,9
6,雪碧最新款,饮料,碳酸饮料,26.0,9
11,148g富甲一方紫薯仔,非饮料,蜜饯/果干,58.5,9
5,55g奥利奥原味芝士饼干,非饮料,饼干糕点,36.5,9
12,好吃点小饼干,非饮料,饼干糕点,10.0,9
5,32g卫龙亲嘴烧红烧牛肉味,非饮料,肉干/豆制品/蛋,21.6,9
1,30g无穷农场盐_鸡蛋,非饮料,肉干/豆制品/蛋,25.0,9
11,100g*5瓶益力多,饮料,乳制品,109.5,9
11,85g新麦潮北海道吐司,非饮料,饼干糕点,30.5,9
9,205g伊利安慕希原味,饮料,乳制品,55.0,9
11,450ml美汁源果粒橙,饮料,果蔬饮料,38.5,9
12,250ml维他奶巧克力味,饮料,植物蛋白,30.0,9
12,80g四洲粟一烧烧烤味,非饮料,膨化食品,73.0,9
3,鸭翅,非饮料,肉干/豆制品/蛋,15.5,9
3,香豆干,非饮料,肉干/豆制品/蛋,11.0,9
5,阿萨姆奶茶,饮料,茶饮料,36.5,9
8,维他奶,饮料,植物蛋白,21.0,8
4,红牛,饮料,功能饮料,48.0,8
9,500ml加多宝,饮料,茶饮料,40.5,8
9,600ml脉动青柠,饮料,功能饮料,39.3,8
6,100g*5瓶益力多,饮料,乳制品,187.5,8
7,268ml雀巢咖啡丝滑拿铁,饮料,咖啡,43.0,8
4,营养快线,饮料,乳制品,32.5,8
6,430g泰奇八宝粥,非饮料,方便速食,52.0,8
10,58g丽芝士纳宝帝奶酪威化饼干,非饮料,饼干糕点,26.0,8
7,20g咪咪虾条马来西亚风味,非饮料,膨化食品,15.700000000000001,8
10,55g奥利奥原味芝士饼干,非饮料,饼干糕点,31.5,8
10,480ml小茗同学冷泡青柠红茶,饮料,茶饮料,42.0,8
7,统一冰红茶,饮料,茶饮料,25.0,8
7,营养快线,饮料,乳制品,32.5,8
7,统一绿茶,饮料,茶饮料,25.0,8
6,香脆肠,非饮料,肉干/豆制品/蛋,12.5,8
10,12g劲仔小鱼卤香味,非饮料,肉干/豆制品/蛋,21.0,8
5,268ml雀巢咖啡丝滑拿铁,饮料,咖啡,55.5,8
5,2g韩国海牌海苔,非饮料,海味零食,24.000000000000004,8
6,40g乐事美国经典原味,非饮料,膨化食品,40.5,8
6,40g乐事薯片黄瓜味,非饮料,膨化食品,36.0,8
5,500ml统一阿萨姆奶茶,饮料,茶饮料,44.0,8
6,500ml加多宝,饮料,茶饮料,45.0,8
10,40g乐事薯片黄瓜味,非饮料,膨化食品,36.0,8
10,500ml统一阿萨姆奶茶,饮料,茶饮料,45.0,8
12,40g呀土豆薯片滋香烤鸡味,非饮料,膨化食品,36.0,8
2,脉动,饮料,功能饮料,33.5,8
12,250ml红牛,饮料,功能饮料,57.5,8
12,58g丽芝士纳宝帝奶酪威化饼干,非饮料,饼干糕点,30.0,8
10,香脆肠,非饮料,肉干/豆制品/蛋,11.5,8
10,无穷农场盐_鸡蛋,非饮料,肉干/豆制品/蛋,40.0,8
11,55g奥利奥原味芝士饼干,非饮料,饼干糕点,34.5,8
12,卫龙亲嘴烧红烧牛肉味,非饮料,肉干/豆制品/蛋,16.5,8
12,55g奥利奥原味芝士饼干,非饮料,饼干糕点,33.0,8
12,雀巢咖啡,饮料,咖啡,58.5,8
11,雀巢咖啡,饮料,咖啡,54.0,8
12,430g泰奇八宝粥,非饮料,方便速食,52.0,8
12,阿萨姆煎茶奶绿,饮料,茶饮料,32.0,8
3,统一冰红茶,饮料,茶饮料,24.0,8
12,手撕素肉排,非饮料,肉干/豆制品/蛋,8.8,8
3,阿萨姆奶茶,饮料,茶饮料,32.5,8
11,600ml脉动青柠,饮料,功能饮料,36.0,8
12,口味王槟榔（红）,非饮料,蜜饯/果干,105.0,8
11,32g卫龙亲嘴烧,非饮料,肉干/豆制品/蛋,27.000000000000004,8
12,52g旺旺仙贝,非饮料,膨化食品,40.5,8
12,500ml加多宝,饮料,茶饮料,36.0,8
4,20g咪咪虾条马来西亚风味,非饮料,膨化食品,16.8,8
1,雪碧（500ml）,饮料,碳酸饮料,24.0,8
8,雪碧最新款,饮料,碳酸饮料,19.0,7
5,85g新麦潮手撕面包（提子味）,非饮料,饼干糕点,31.0,7
7,王老吉（500ml）,饮料,茶饮料,28.0,7
12,450ml美汁源果粒橙,饮料,果蔬饮料,35.5,7
10,32g卫龙亲嘴烧红烧牛肉味,非饮料,肉干/豆制品/蛋,18.000000000000004,7
8,好吃点小饼干,非饮料,饼干糕点,7.0,7
1,果粒橙,饮料,果蔬饮料,21.0,7
11,500ml加多宝,饮料,茶饮料,37.0,7
3,雪碧330ml,饮料,碳酸饮料,18.5,7
7,卫龙大面筋,非饮料,肉干/豆制品/蛋,21.0,7
11,250ml维他奶巧克力味,饮料,植物蛋白,21.0,7
9,600ml雪碧,饮料,碳酸饮料,17.700000000000003,7
10,110g顺宝九制话梅,非饮料,蜜饯/果干,35.0,7
9,10g卫龙亲嘴烧香辣味,非饮料,肉干/豆制品/蛋,12.899999999999999,7
11,小鱼仔,非饮料,海味零食,8.0,7
6,无穷烤鸡小腿（蜂蜜）,非饮料,肉干/豆制品/蛋,21.0,7
7,85g新麦潮北海道吐司,非饮料,饼干糕点,32.0,7
5,40g乐事美国经典原味,非饮料,膨化食品,35.0,7
6,无穷农场盐_鸡蛋,非饮料,肉干/豆制品/蛋,20.0,7
11,冰糖雪梨,饮料,果蔬饮料,22.0,7
11,205g伊利安慕希原味,饮料,乳制品,38.5,7
4,32g卫龙亲嘴烧,非饮料,肉干/豆制品/蛋,12.600000000000001,7
9,250ml红牛,饮料,功能饮料,47.5,7
5,430g泰奇八宝粥,非饮料,方便速食,45.5,7
11,伊利优酸乳,饮料,乳制品,17.0,7
10,268ml雀巢咖啡丝滑拿铁,饮料,咖啡,39.0,7
3,雪碧（500ml）,饮料,碳酸饮料,21.0,7
2,怡宝,饮料,水,14.0,7
11,维他柠檬茶,饮料,茶饮料,22.5,7
11,600ml可口可乐,饮料,碳酸饮料,32.5,7
6,480ml小茗同学冷泡青柠红茶,饮料,茶饮料,53.5,7
6,600ml雪碧,饮料,碳酸饮料,17.700000000000003,7
10,68g好丽友巧克力派2枚,非饮料,饼干糕点,31.5,7
11,雪力矿泉水,饮料,水,14.0,7
10,600ml脉动青柠,饮料,功能饮料,36.0,7
11,58g丽芝士纳宝帝奶酪威化饼干,非饮料,饼干糕点,33.0,7
4,统一绿茶,饮料,茶饮料,21.0,7
6,可口可乐最新款,饮料,碳酸饮料,21.0,7
4,卫龙大面筋,非饮料,肉干/豆制品/蛋,21.0,7
9,王老吉（罐）,饮料,茶饮料,27.5,7
12,40g乐事美国经典原味,非饮料,膨化食品,36.0,7
7,可口可乐（500ml）,饮料,碳酸饮料,21.0,7
10,500ml农夫果园 (芒果+菠萝+番石榴),饮料,果蔬饮料,43.5,7
9,维他柠檬茶,饮料,茶饮料,22.0,7
6,好吃点,非饮料,饼干糕点,30.5,7
3,营养快线,饮料,乳制品,28.5,7
7,32g卫龙亲嘴烧,非饮料,肉干/豆制品/蛋,14.400000000000002,7
12,芙蓉王,非饮料,香烟,165.0,7
4,85g统一老坛酸菜牛肉面,非饮料,方便速食,40.5,7
7,250ml维他原味豆奶,饮料,植物蛋白,26.3,7
10,150g健能酸奶原味,饮料,乳制品,41.0,6
5,红牛,饮料,功能饮料,36.0,6
9,冰糖雪梨,饮料,果蔬饮料,18.5,6
10,148g富甲一方紫薯仔,非饮料,蜜饯/果干,45.5,6
7,85g统一老坛酸菜牛肉面,非饮料,方便速食,30.5,6
5,王老吉（500ml）,饮料,茶饮料,24.0,6
8,145ml旺仔牛奶盒装,饮料,乳制品,13.0,6
11,32g卫龙亲嘴烧红烧牛肉味,非饮料,肉干/豆制品/蛋,21.6,6
12,148g富甲一方紫薯仔,非饮料,蜜饯/果干,45.5,6
7,雪碧（500ml）,饮料,碳酸饮料,19.0,6
9,口味王槟榔（绿）,非饮料,蜜饯/果干,60.0,6
12,65g卫龙亲嘴豆皮,非饮料,肉干/豆制品/蛋,27.0,6
9,70g乖媳妇野山泡椒凤爪,非饮料,肉干/豆制品/蛋,28.5,6
11,480ml小茗同学冷泡青柠红茶,饮料,茶饮料,36.5,6
5,75g新麦潮天然酵母面包（北海道牛奶风味）,非饮料,饼干糕点,18.0,6
12,68g好丽友蛋黄派2枚,非饮料,饼干糕点,26.5,6
12,370g泰奇八宝粥,非饮料,方便速食,42.0,6
10,160g盼盼手撕面包,非饮料,饼干糕点,46.0,6
12,日式鱼果,非饮料,膨化食品,24.0,6
11,91g徐福记凤梨酥,非饮料,饼干糕点,39.0,6
8,可口可乐330ml,饮料,碳酸饮料,15.5,6
10,100g果王咸柑桔罐装,非饮料,蜜饯/果干,39.0,6
1,13g无穷烤鸡小腿蜂蜜味,非饮料,肉干/豆制品/蛋,21.0,6
11,52g旺旺仙贝,非饮料,膨化食品,27.0,6
2,营养快线,饮料,乳制品,25.0,6
9,维他奶,饮料,植物蛋白,17.5,6
9,68g好丽友巧克力派2枚,非饮料,饼干糕点,26.0,6
9,雀巢咖啡,饮料,咖啡,40.5,6
9,雪碧最新款,饮料,碳酸饮料,16.5,6
7,雪碧330ml,饮料,碳酸饮料,15.5,6
1,红牛,饮料,功能饮料,36.0,6
5,180ml雀巢咖啡罐装,饮料,咖啡,27.0,6
5,58g丽芝士纳宝帝奶酪威化饼干,非饮料,饼干糕点,18.0,6
5,250ml王老吉盒装,饮料,茶饮料,17.5,6
7,250ml燕塘甜牛奶,饮料,乳制品,33.5,6
11,熊字饼,非饮料,饼干糕点,18.0,6
10,37.5g费列罗榛果威化巧克力3颗,非饮料,糖果/巧克力,70.8,6
10,370g泰奇八宝粥,非饮料,方便速食,36.0,6
4,脉动,饮料,功能饮料,24.0,6
7,30g元朗小蛋卷,非饮料,饼干糕点,15.0,6
12,40g乐事薯片黄瓜味,非饮料,膨化食品,31.0,6
10,咪咪虾条马来西亚风味,非饮料,膨化食品,9.600000000000001,6
12,鸡爪,非饮料,肉干/豆制品/蛋,12.0,6
10,75g新麦潮天然酵母面包（北海道牛奶风味）,非饮料,饼干糕点,14.0,6
12,香脆肠,非饮料,肉干/豆制品/蛋,10.5,6
4,银鹭八宝粥,饮料,方便速食,24.0,6
4,86g合味道海鲜风味,非饮料,方便速食,36.0,6
1,银鹭八宝粥,饮料,方便速食,24.0,6
7,600ml可口可乐,饮料,碳酸饮料,35.0,6
11,银鹭八宝粥,饮料,方便速食,24.0,6
10,600ml可口可乐,饮料,碳酸饮料,27.5,6
4,58g丽芝士纳宝帝奶酪威化饼干,非饮料,饼干糕点,24.0,6
12,百事可乐330ml,饮料,碳酸饮料,15.0,6
11,鸭翅,非饮料,肉干/豆制品/蛋,9.5,6
4,40g乐事薯片黄瓜味,非饮料,膨化食品,31.5,6
10,180ml雀巢咖啡罐装,饮料,咖啡,36.0,6
6,160g盼盼手撕面包,非饮料,饼干糕点,46.0,6
10,225g味之不规则饼干芝士味,非饮料,饼干糕点,60.0,6
1,百事可乐500ml,饮料,碳酸饮料,18.0,6
1,86g合味道海鲜风味,非饮料,方便速食,36.0,6
7,32g卫龙亲嘴烧红烧牛肉味,非饮料,肉干/豆制品/蛋,18.0,6
10,250ml维他奶低糖原味,饮料,植物蛋白,21.0,6
10,91g徐福记凤梨酥,非饮料,饼干糕点,39.0,6
7,250ml维他奶巧克力味,饮料,植物蛋白,32.0,6
10,双汇玉米热狗肠,非饮料,肉干/豆制品/蛋,14.0,6
11,110g顺宝九制话梅,非饮料,蜜饯/果干,28.8,6
1,85g新麦潮北海道吐司,非饮料,饼干糕点,16.0,6
7,75g新麦潮天然酵母面包（北海道牛奶风味）,非饮料,饼干糕点,18.0,6
6,91g徐福记凤梨酥,非饮料,饼干糕点,39.0,6
12,熊字饼,非饮料,饼干糕点,16.0,5
11,芬达330ml,饮料,碳酸饮料,13.5,5
9,85g新麦潮手撕面包（提子味）,非饮料,饼干糕点,17.5,5
9,91g徐福记凤梨酥,非饮料,饼干糕点,32.5,5
11,75g新麦潮天然酵母面包（北海道牛奶风味）,非饮料,饼干糕点,12.0,5
9,250ml维他奶巧克力味,饮料,植物蛋白,19.5,5
12,100g*5瓶益力多,饮料,乳制品,75.0,5
1,32g卫龙亲嘴烧,非饮料,肉干/豆制品/蛋,10.8,5
9,50g马赛克手撕鱿鱼条,非饮料,海味零食,45.0,5
5,香豆干,非饮料,肉干/豆制品/蛋,6.0,5
11,维他奶,饮料,植物蛋白,14.0,5
12,500ml统一阿萨姆奶茶,饮料,茶饮料,23.5,5
12,110g顺宝九制话梅,非饮料,蜜饯/果干,25.0,5
11,68g好丽友巧克力派2枚,非饮料,饼干糕点,22.5,5
6,芬达330ml,饮料,碳酸饮料,12.5,5
12,48g好丽友薯愿香烤原味,非饮料,膨化食品,25.0,5
1,330ml伊利畅意乳酸菌原味,饮料,乳制品,36.0,5
11,怡宝,饮料,水,10.0,5
6,250ml王老吉盒装,饮料,茶饮料,12.5,5
11,85g嘉士利果乐果香夹心饼干蓝莓味,非饮料,饼干糕点,22.5,5
6,12g劲仔小鱼卤香味,非饮料,肉干/豆制品/蛋,12.0,5
9,70g乐事薯片黄瓜味,非饮料,膨化食品,30.0,5
6,40g呀土豆薯片滋香烤鸡味,非饮料,膨化食品,22.0,5
9,40g乐事薯片黄瓜味,非饮料,膨化食品,22.5,5
9,75g新麦潮天然酵母面包（北海道牛奶风味）,非饮料,饼干糕点,16.0,5
11,益力多100g*5瓶,饮料,乳制品,62.5,5
9,78g卫龙亲嘴语辣条,非饮料,肉干/豆制品/蛋,27.0,5
6,100g果王咸柑桔罐装,非饮料,蜜饯/果干,32.5,5
3,32g卫龙亲嘴烧红烧牛肉味,非饮料,肉干/豆制品/蛋,9.0,5
1,怡宝纯净水,饮料,水,10.0,5
3,32g卫龙亲嘴烧,非饮料,肉干/豆制品/蛋,10.8,5
9,80g四洲粟一烧烧烤味,非饮料,膨化食品,39.0,5
5,营养快线,饮料,乳制品,20.0,5
12,咪咪,非饮料,膨化食品,5.0,5
12,600ml雪碧,饮料,碳酸饮料,12.500000000000002,5
11,600ml雪碧,饮料,碳酸饮料,28.800000000000004,5
10,美年达（罐）,饮料,碳酸饮料,14.5,5
6,55g奥利奥原味芝士饼干,非饮料,饼干糕点,21.0,5
6,55g奥利奥原味夹心饼干,非饮料,饼干糕点,21.0,5
12,无穷农场盐_鸡蛋,非饮料,肉干/豆制品/蛋,12.5,5
7,250ml燕塘原味酸奶,饮料,乳制品,27.0,5
10,韩国海牌海苔,非饮料,海味零食,11.200000000000001,5
5,250ml维他奶巧克力味,饮料,植物蛋白,15.0,5
4,500ml统一阿萨姆奶茶,饮料,茶饮料,25.0,5
5,30g元朗小蛋卷,非饮料,饼干糕点,22.5,5
4,430g泰奇八宝粥,非饮料,方便速食,32.5,5
5,330ml伊利畅意乳酸菌原味,饮料,乳制品,37.0,5
5,37.5g费列罗榛果威化巧克力3颗,非饮料,糖果/巧克力,59.0,5
10,2g韩国海牌海苔,非饮料,海味零食,9.6,5
5,45g双汇泡面拍挡,非饮料,肉干/豆制品/蛋,9.0,5
12,尖叫,饮料,功能饮料,20.0,5
7,70g乖媳妇野山泡椒凤爪,非饮料,肉干/豆制品/蛋,24.0,5
7,250ml红牛,饮料,功能饮料,36.5,5
1,55g奥利奥原味芝士饼干,非饮料,饼干糕点,20.0,5
10,80g四洲粟一烧烧烤味,非饮料,膨化食品,41.0,5
12,咪咪虾条马来西亚风味,非饮料,膨化食品,4.8,5
10,卫龙亲嘴烧麦辣鸡汁味,非饮料,肉干/豆制品/蛋,9.0,5
10,86g合味道浓猪骨味,非饮料,方便速食,36.0,5
4,怡宝,饮料,水,10.0,5
8,20g咪咪虾条马来西亚风味,非饮料,膨化食品,18.6,5
6,65g卫龙亲嘴豆皮,非饮料,肉干/豆制品/蛋,22.5,5
8,250ml燕塘甜牛奶,饮料,乳制品,18.5,5
10,无穷烤鸡小腿（蜂蜜）,非饮料,肉干/豆制品/蛋,15.0,5
10,65g卫龙亲嘴豆皮,非饮料,肉干/豆制品/蛋,27.0,5
10,600ml雪碧,饮料,碳酸饮料,9.0,5
2,果粒橙,饮料,果蔬饮料,15.0,5
4,香豆干,非饮料,肉干/豆制品/蛋,6.0,5
7,40g双汇玉米热狗肠,非饮料,肉干/豆制品/蛋,7.5,5
6,5片装益达绿箭口香糖,非饮料,糖果/巧克力,14.0,5
11,250ml维他奶低糖原味,饮料,植物蛋白,17.8,5
6,新麦潮天然酵母面包,非饮料,饼干糕点,24.0,5
5,500ml加多宝,饮料,茶饮料,22.5,5
9,250ML东鹏特饮,饮料,功能饮料,26.0,5
7,145ml旺仔牛奶盒装,饮料,乳制品,14.0,5
3,银鹭八宝粥,饮料,方便速食,20.5,5
6,75g新麦潮天然酵母面包（北海道牛奶风味）,非饮料,饼干糕点,14.0,5
5,卫龙大面筋,非饮料,肉干/豆制品/蛋,15.0,5
11,50g马赛克手撕鱿鱼条,非饮料,海味零食,42.8,5
5,咪咪虾条马来西亚风味,非饮料,膨化食品,7.200000000000001,5
3,脉动,饮料,功能饮料,20.5,5
3,统一绿茶,饮料,茶饮料,15.0,5
9,咪咪虾条马来西亚风味,非饮料,膨化食品,10.4,5
9,可口可乐最新款,饮料,碳酸饮料,14.5,5
9,可乐可乐,饮料,碳酸饮料,31.5,5
12,怡宝矿泉水,饮料,水,10.0,5
9,农夫果园,饮料,果蔬饮料,46.5,5
12,美年达（罐）,饮料,碳酸饮料,14.5,5
9,伊利纯牛奶,饮料,乳制品,13.0,5
5,伊利纯牛奶,饮料,乳制品,14.0,5
1,香豆干,非饮料,肉干/豆制品/蛋,6.0,5
8,10g卫龙亲嘴烧香辣味,非饮料,肉干/豆制品/蛋,5.8,5
1,卫龙大面筋,非饮料,肉干/豆制品/蛋,15.0,5
4,250ml燕塘甜牛奶,饮料,乳制品,22.5,5
4,250ml燕塘原味酸奶,饮料,乳制品,22.0,5
11,2g韩国海牌海苔,非饮料,海味零食,9.6,5
5,52g旺旺仙贝,非饮料,膨化食品,22.5,5
7,85g新麦潮手撕面包（提子味）,非饮料,饼干糕点,18.5,5
6,手撕素肉排,非饮料,肉干/豆制品/蛋,5.3,5
5,600ml雪碧,饮料,碳酸饮料,12.400000000000002,5
7,86g合味道海鲜风味,非饮料,方便速食,30.0,5
6,50g上好佳田园薯片番茄味,非饮料,膨化食品,22.5,5
4,12g劲仔小鱼麻辣味,非饮料,肉干/豆制品/蛋,9.0,5
5,80g四洲粟一烧烧烤味,非饮料,膨化食品,41.0,5
12,85g嘉士利果乐果香夹心饼干蓝莓味,非饮料,饼干糕点,22.5,5
6,40g呀土豆番茄酱味,非饮料,膨化食品,22.5,5
5,91g徐福记凤梨酥,非饮料,饼干糕点,32.5,5
9,110g顺宝九制话梅,非饮料,蜜饯/果干,18.8,4
2,卫龙大面筋,非饮料,肉干/豆制品/蛋,13.0,4
6,70g乐事薯片黄瓜味,非饮料,膨化食品,26.0,4
6,天地一号,饮料,果蔬饮料,20.0,4
1,营养快线,饮料,乳制品,16.5,4
6,茉莉蜜茶,饮料,茶饮料,14.0,4
6,百事可乐500ml,饮料,碳酸饮料,12.0,4
8,250ml燕塘红枣牛奶,饮料,乳制品,17.5,4
1,70g乖媳妇野山泡椒凤爪,非饮料,肉干/豆制品/蛋,15.5,4
12,双汇玉米热狗肠,非饮料,肉干/豆制品/蛋,10.0,4
8,250ml维他原味豆奶,饮料,植物蛋白,12.0,4
8,32g卫龙亲嘴烧,非饮料,肉干/豆制品/蛋,10.8,4
8,32g卫龙亲嘴烧红烧牛肉味,非饮料,肉干/豆制品/蛋,10.8,4
8,58g丽芝士纳宝帝奶酪威化饼干,非饮料,饼干糕点,18.0,4
8,85g新麦潮手撕面包（提子味）,非饮料,饼干糕点,11.0,4
1,78g卫龙亲嘴语辣条,非饮料,肉干/豆制品/蛋,18.0,4
12,凤爪,非饮料,肉干/豆制品/蛋,7.0,4
8,12g劲仔小鱼麻辣味,非饮料,肉干/豆制品/蛋,5.5,4
12,91g徐福记凤梨酥,非饮料,饼干糕点,26.0,4
12,86g合味道浓猪骨味,非饮料,方便速食,30.0,4
9,160g盼盼手撕面包,非饮料,饼干糕点,30.0,4
12,75g新麦潮天然酵母面包（北海道牛奶风味）,非饮料,饼干糕点,14.0,4
12,70g乐事薯片黄瓜味,非饮料,膨化食品,26.5,4
6,美年达（罐）,饮料,碳酸饮料,10.0,4
12,600ml脉动青柠,饮料,功能饮料,18.0,4
6,口味王槟榔（红）,非饮料,蜜饯/果干,60.0,4
6,双汇玉米热狗肠,非饮料,肉干/豆制品/蛋,8.0,4
6,印尼芝士威化饼干,非饮料,饼干糕点,12.5,4
8,茉莉蜜茶,饮料,茶饮料,12.0,4
6,优益C活菌型乳酸菌饮品,饮料,乳制品,28.0,4
1,统一冰红茶,饮料,茶饮料,12.0,4
1,450ml美汁源果粒橙,饮料,果蔬饮料,20.0,4
11,78g卫龙亲嘴语辣条,非饮料,肉干/豆制品/蛋,17.0,4
6,68g好丽友巧克力派2枚,非饮料,饼干糕点,17.5,4
11,70g乖媳妇野山泡椒凤爪,非饮料,肉干/豆制品/蛋,24.0,4
4,250ml燕塘红枣牛奶,饮料,乳制品,18.0,4
5,600ml脉动青柠,饮料,功能饮料,18.0,4
11,40g乐事薯片黄瓜味,非饮料,膨化食品,18.0,4
11,40g呀土豆薯片滋香烤鸡味,非饮料,膨化食品,18.0,4
5,80g香飘飘椰果奶茶麦香味,饮料,茶饮料,18.0,4
5,80g马赛克香蕉片,非饮料,蜜饯/果干,28.0,4
10,100g*5瓶益力多,饮料,乳制品,50.0,4
9,香豆干,非饮料,肉干/豆制品/蛋,5.5,4
11,50g上好佳日式鱼果,非饮料,膨化食品,18.0,4
11,50g上好佳田园薯片番茄味,非饮料,膨化食品,18.0,4
5,可口可乐（500ml）,饮料,碳酸饮料,12.0,4
3,维他柠檬茶,饮料,茶饮料,13.0,4
5,无穷农场盐_鸡蛋,非饮料,肉干/豆制品/蛋,15.0,4
3,红牛,饮料,功能饮料,25.5,4
7,小鱼仔,非饮料,海味零食,5.0,4
2,怡宝纯净水,饮料,水,8.5,4
5,诗竹竹纤维面巾纸,非饮料,纸巾,19.2,4
5,500ml农夫果园 (芒果+菠萝+番石榴),饮料,果蔬饮料,25.0,4
10,250ml王老吉盒装,饮料,茶饮料,10.0,4
4,250ml维他奶巧克力味,饮料,植物蛋白,12.0,4
10,维他柠檬茶,饮料,茶饮料,12.5,4
10,乐虎,饮料,功能饮料,14.5,4
4,小鱼仔,非饮料,海味零食,4.5,4
10,口味王槟榔（红）,非饮料,蜜饯/果干,60.0,4
10,可口可乐330ml,饮料,碳酸饮料,10.0,4
4,雪碧（500ml）,饮料,碳酸饮料,12.0,4
10,新麦潮天然酵母面包,非饮料,饼干糕点,20.0,4
10,熊字饼,非饮料,饼干糕点,12.0,4
5,188g澳门永辉鸡仔饼,非饮料,饼干糕点,119.0,4
4,268ml雀巢咖啡丝滑拿铁,饮料,咖啡,34.5,4
7,250ml燕塘红枣牛奶,饮料,乳制品,17.5,4
10,芬达330ml,饮料,碳酸饮料,10.0,4
10,茉莉蜜茶,饮料,茶饮料,12.5,4
4,500ml农夫果园 (芒果+菠萝+番石榴),饮料,果蔬饮料,19.0,4
11,10g卫龙亲嘴烧香辣味,非饮料,肉干/豆制品/蛋,5.6000000000000005,4
11,150g健能酸奶原味,饮料,乳制品,24.0,4
11,160g盼盼手撕面包,非饮料,饼干糕点,29.0,4
3,王老吉（500ml）,饮料,茶饮料,16.0,4
11,65g卫龙亲嘴豆皮,非饮料,肉干/豆制品/蛋,18.0,4
9,85g嘉士利果乐果香夹心饼干蓝莓味,非饮料,饼干糕点,18.0,4
9,250ml维他奶低糖原味,饮料,植物蛋白,12.0,4
9,80g香飘飘椰果奶茶原味,饮料,茶饮料,31.5,4
1,250ml维他原味豆奶,饮料,植物蛋白,12.0,4
9,40g呀土豆番茄酱味,非饮料,膨化食品,18.0,4
1,268ml雀巢咖啡丝滑拿铁,饮料,咖啡,22.0,4
3,40g双汇玉米热狗肠,非饮料,肉干/豆制品/蛋,10.5,4
9,30g元朗小蛋卷,非饮料,饼干糕点,12.5,4
9,2g韩国海牌海苔,非饮料,海味零食,8.0,4
1,2g韩国海牌海苔,非饮料,海味零食,10.899999999999999,4
3,13g无穷烤鸡小腿蜂蜜味,非饮料,肉干/豆制品/蛋,12.0,4
3,70g乖媳妇野山泡椒凤爪,非饮料,肉干/豆制品/蛋,12.5,4
12,103g康师傅红烧牛肉面,非饮料,方便速食,22.0,4
2,雪碧最新款,饮料,碳酸饮料,11.0,4
12,椰树牌椰汁,饮料,植物蛋白,18.0,4
12,205g伊利安慕希原味,饮料,乳制品,38.5,4
6,阿萨姆煎茶奶绿,饮料,茶饮料,16.0,4
12,20g马来西亚风味咪咪蟹味粒0219,非饮料,膨化食品,20.8,4
12,225g味之不规则饼干芝士味,非饮料,饼干糕点,40.0,4
6,600ml可口可乐,饮料,碳酸饮料,14.0,4
11,怡宝矿泉水,饮料,水,8.0,4
6,250ml统一麦香奶茶,饮料,茶饮料,10.0,4
12,统一来一桶香辣老坛酸菜牛肉面,非饮料,方便速食,27.5,4
3,伊利纯牛奶,饮料,乳制品,12.5,4
9,480ml小茗同学冷泡青柠红茶,饮料,茶饮料,19.5,4
11,80g四洲粟一烧烧烤味,非饮料,膨化食品,28.5,4
11,卫龙亲嘴烧红烧牛肉味,非饮料,肉干/豆制品/蛋,10.5,4
11,80g马赛克香蕉片,非饮料,蜜饯/果干,28.0,4
7,王老吉（罐）,饮料,茶饮料,14.5,4
9,65g卫龙亲嘴豆皮,非饮料,肉干/豆制品/蛋,18.0,4
6,180ml雀巢咖啡罐装,饮料,咖啡,22.5,4
3,可口可乐最新款,饮料,碳酸饮料,11.5,4
6,150g健能酸奶原味,饮料,乳制品,43.0,4
9,45g双汇泡面拍挡,非饮料,肉干/豆制品/蛋,7.5,4
11,农夫果园,饮料,果蔬饮料,27.5,4
7,480ml小茗同学冷泡青柠红茶,饮料,茶饮料,14.5,3
7,尖叫,饮料,功能饮料,12.0,3
12,拿铁咖啡（统一）,饮料,咖啡,15.0,3
7,52g旺旺仙贝,非饮料,膨化食品,13.5,3
12,燕塘红枣牛奶,饮料,乳制品,13.5,3
7,58g丽芝士纳宝帝奶酪威化饼干,非饮料,饼干糕点,12.0,3
7,果粒橙,饮料,果蔬饮料,9.0,3
7,口味王槟榔（绿）,非饮料,蜜饯/果干,30.0,3
7,香豆干,非饮料,肉干/豆制品/蛋,3.5,3
7,红牛,饮料,功能饮料,18.0,3
7,伊利优酸乳,饮料,乳制品,7.0,3
10,优益C活菌型乳酸菌饮品,饮料,乳制品,21.0,3
11,可口可乐330ml,饮料,碳酸饮料,7.5,3
8,148g富甲一方紫薯仔,非饮料,蜜饯/果干,19.5,3
10,诗竹竹纤维面巾纸,非饮料,纸巾,14.399999999999999,3
9,小鱼仔,非饮料,海味零食,3.5,3
9,燕塘红枣牛奶,饮料,乳制品,13.5,3
9,芬达330ml,饮料,碳酸饮料,7.5,3
9,雪力矿泉水,饮料,水,6.0,3
9,香脆肠,非饮料,肉干/豆制品/蛋,5.0,3
11,500ml农夫果园 (芒果+菠萝+番石榴),饮料,果蔬饮料,19.5,3
11,48g好丽友薯愿香烤原味,非饮料,膨化食品,15.0,3
11,37.5g费列罗榛果威化巧克力3颗,非饮料,糖果/巧克力,34.1,3
10,13g雀巢咖啡1+2特浓,饮料,咖啡,7.5,3
10,150抽诗竹竹纤维面巾纸,非饮料,纸巾,19.2,3
11,20g马来西亚风味咪咪蟹味粒0219,非饮料,膨化食品,3.2,3
10,30g元朗小蛋卷,非饮料,饼干糕点,7.5,3
10,32g卫龙亲嘴烧川香味,非饮料,肉干/豆制品/蛋,7.2,3
10,雀巢咖啡,饮料,咖啡,18.0,3
10,34g公仔迷你杯牛肉味,非饮料,方便速食,10.5,3
8,30g无穷农场盐_鸡蛋,非饮料,肉干/豆制品/蛋,7.0,3
10,40g乐事薯片墨西哥鸡汁番茄味,非饮料,膨化食品,13.5,3
10,40g呀土豆薯片滋香烤鸡味,非饮料,膨化食品,13.5,3
10,湘潭铺子(羽泉版),非饮料,蜜饯/果干,30.0,3
10,旺仔牛奶,饮料,乳制品,10.899999999999999,3
10,50g马赛克手撕鱿鱼条,非饮料,海味零食,27.0,3
10,手撕素肉排,非饮料,肉干/豆制品/蛋,3.0,3
10,尖叫,饮料,功能饮料,12.0,3
10,好吃点,非饮料,饼干糕点,13.0,3
10,四洲粟一烧烧烤味,非饮料,膨化食品,27.0,3
10,合味道（浓猪骨）,非饮料,方便速食,21.0,3
10,80g香飘飘椰果奶茶麦香味,饮料,茶饮料,13.5,3
10,可乐可乐,饮料,碳酸饮料,10.5,3
10,卫龙亲嘴烧红烧牛肉味,非饮料,肉干/豆制品/蛋,6.0,3
10,丽芝士纳宝帝奶酪威化饼干,非饮料,饼干糕点,10.5,3
9,口味王槟榔（红）,非饮料,蜜饯/果干,30.0,3
9,双汇玉米热狗肠,非饮料,肉干/豆制品/蛋,6.0,3
9,优益C活菌型乳酸菌饮品,饮料,乳制品,28.0,3
9,55g奥利奥原味芝士饼干,非饮料,饼干糕点,13.0,3
8,冰糖雪梨,饮料,果蔬饮料,10.0,3
8,印尼芝士威化饼干,非饮料,饼干糕点,9.0,3
12,80g马赛克香蕉片,非饮料,蜜饯/果干,21.0,3
12,80g香飘飘椰果奶茶原味,饮料,茶饮料,18.0,3
12,70g乐事薯片原味,非饮料,膨化食品,19.5,3
8,王老吉（罐）,饮料,茶饮料,12.0,3
8,百事可乐500ml,饮料,碳酸饮料,9.0,3
12,50g上好佳日式鱼果,非饮料,膨化食品,13.5,3
12,500ml农夫果园 (芒果+菠萝+番石榴),饮料,果蔬饮料,14.5,3
12,480ml小茗同学冷泡青柠红茶,饮料,茶饮料,15.5,3
12,40g呀土豆番茄酱味,非饮料,膨化食品,13.5,3
12,30g元朗小蛋卷,非饮料,饼干糕点,7.5,3
12,250ml维他奶低糖原味,饮料,植物蛋白,9.0,3
9,148g富甲一方紫薯仔,非饮料,蜜饯/果干,26.0,3
9,225g味之不规则饼干芝士味,非饮料,饼干糕点,30.0,3
12,160g盼盼手撕面包,非饮料,饼干糕点,20.0,3
12,150g健能酸奶原味,饮料,乳制品,16.0,3
9,250ml王老吉盒装,饮料,茶饮料,12.5,3
12,10g卫龙亲嘴烧香辣味,非饮料,肉干/豆制品/蛋,3.0,3
12,107g出前一丁桶面酱香牛肉王,非饮料,方便速食,18.0,3
11,雪碧最新款,饮料,碳酸饮料,8.0,3
11,雪碧330ml,饮料,碳酸饮料,8.5,3
11,燕塘原味酸奶,饮料,乳制品,13.5,3
11,无穷农场盐_鸡蛋,非饮料,肉干/豆制品/蛋,9.5,3
11,新麦潮天然酵母面包,非饮料,饼干糕点,12.0,3
10,冰糖雪梨,饮料,果蔬饮料,10.0,3
9,500ml农夫果园 (芒果+菠萝+番石榴),饮料,果蔬饮料,14.0,3
11,劲仔小鱼（麻辣味）,非饮料,肉干/豆制品/蛋,12.0,3
9,50g上好佳日式鱼果,非饮料,膨化食品,18.0,3
7,450ml美汁源果粒橙,饮料,果蔬饮料,12.0,3
7,维他柠檬茶,饮料,茶饮料,10.0,3
4,可口可乐330ml,饮料,碳酸饮料,7.5,3
4,75g新麦潮天然酵母面包（北海道牛奶风味）,非饮料,饼干糕点,8.0,3
6,韩国海牌海苔,非饮料,海味零食,4.800000000000001,3
5,148g富甲一方紫薯仔,非饮料,蜜饯/果干,19.5,3
4,口味王槟榔（绿）,非饮料,蜜饯/果干,30.0,3
3,小鱼仔,非饮料,海味零食,4.5,3
1,可口可乐最新款,饮料,碳酸饮料,9.0,3
3,30g无穷农场盐_鸡蛋,非饮料,肉干/豆制品/蛋,7.5,3
6,500ml农夫果园 (芒果+菠萝+番石榴),饮料,果蔬饮料,14.5,3
6,480ml小茗同学冷泡溜溜哒茶,饮料,茶饮料,22.0,3
6,劲仔小鱼,非饮料,肉干/豆制品/蛋,9.0,3
2,湘潭铺子(羽泉版),非饮料,蜜饯/果干,30.0,3
6,40g乐事薯片墨西哥鸡汁番茄味,非饮料,膨化食品,13.5,3
5,无穷烤鸡小腿（蜂蜜）,非饮料,肉干/豆制品/蛋,12.0,3
5,果粒橙,饮料,果蔬饮料,9.0,3
6,370g泰奇八宝粥,非饮料,方便速食,17.0,3
6,37.5g费列罗榛果威化巧克力3颗,非饮料,糖果/巧克力,35.400000000000006,3
7,10g卫龙亲嘴烧香辣味,非饮料,肉干/豆制品/蛋,4.0,3
6,34g公仔迷你杯牛肉味,非饮料,方便速食,10.5,3
6,32g卫龙亲嘴烧川香味,非饮料,肉干/豆制品/蛋,5.4,3
5,70g乐事薯片（黄瓜味）,非饮料,膨化食品,19.5,3
6,椰树牌椰汁,饮料,植物蛋白,13.5,3
1,王老吉（500ml）,饮料,茶饮料,12.0,3
6,冰红茶（罐）,饮料,茶饮料,7.5,3
5,85g嘉士利果乐果香夹心饼干蓝莓味,非饮料,饼干糕点,13.5,3
6,50g马赛克手撕鱿鱼条,非饮料,海味零食,27.0,3
4,王老吉（500ml）,饮料,茶饮料,12.0,3
1,小鱼仔,非饮料,海味零食,3.0,3
5,印尼芝士威化饼干,非饮料,饼干糕点,9.0,3
2,雪力矿泉水,饮料,水,6.0,3
6,百事可乐330ml,饮料,碳酸饮料,8.5,3
4,茉莉蜜茶,饮料,茶饮料,9.5,3
6,78g合味道杯面香菇炖鸡风味,非饮料,方便速食,18.0,3
6,86g合味道浓猪骨味,非饮料,方便速食,18.0,3
2,阿萨姆奶茶,饮料,茶饮料,12.0,3
2,银鹭八宝粥,饮料,方便速食,12.0,3
6,统一来一桶香辣老坛酸菜牛肉面,非饮料,方便速食,16.5,3
3,奥利奥原味芝士,非饮料,饼干糕点,20.0,3
6,维他原味豆奶,饮料,植物蛋白,10.5,3
1,75g新麦潮天然酵母面包（北海道牛奶风味）,非饮料,饼干糕点,6.0,3
3,85g新麦潮北海道吐司,非饮料,饼干糕点,6.0,3
1,80g四洲粟一烧烧烤味,非饮料,膨化食品,24.0,3
6,68g好丽友蛋黄派2枚,非饮料,饼干糕点,13.5,3
5,伊利优酸乳,饮料,乳制品,8.0,3
4,无穷农场盐_鸡蛋,非饮料,肉干/豆制品/蛋,7.5,3
6,乐虎,饮料,功能饮料,14.0,3
2,维他柠檬茶,饮料,茶饮料,8.5,3
4,80g四洲粟一烧烧烤味,非饮料,膨化食品,24.0,3
4,85g新麦潮北海道吐司,非饮料,饼干糕点,8.0,3
4,70g乖媳妇野山泡椒凤爪,非饮料,肉干/豆制品/蛋,12.0,3
5,雪碧（500ml）,饮料,碳酸饮料,9.5,3
5,5片装益达绿箭口香糖,非饮料,糖果/巧克力,6.0,3
1,伊利纯牛奶,饮料,乳制品,9.0,3
3,250ml维他柠檬茶,饮料,茶饮料,18.0,3
1,芙蓉王,非饮料,香烟,75.0,3
7,12g劲仔小鱼麻辣味,非饮料,肉干/豆制品/蛋,4.0,3
5,茉莉蜜茶,饮料,茶饮料,9.0,3
5,34g公仔迷你杯牛肉味,非饮料,方便速食,14.0,3
5,50g马赛克手撕鱿鱼条,非饮料,海味零食,27.0,3
4,145ml旺仔牛奶盒装,饮料,乳制品,10.0,3
3,250ml燕塘甜牛奶,饮料,乳制品,18.0,3
2,伊利优酸乳,饮料,乳制品,7.5,3
5,600ml可口可乐,饮料,碳酸饮料,10.0,3
4,250ml维他原味豆奶,饮料,植物蛋白,9.0,3
3,250ml维他原味豆奶,饮料,植物蛋白,9.0,3
5,480ml小茗同学冷泡青柠红茶,饮料,茶饮料,16.5,3
3,250ml燕塘红枣牛奶,饮料,乳制品,12.5,3
6,107g出前一丁桶面酱香牛肉王,非饮料,方便速食,18.0,3
7,330ml伊利畅意乳酸菌原味,饮料,乳制品,18.0,3
6,148g富甲一方紫薯仔,非饮料,蜜饯/果干,19.5,3
5,50g上好佳田园薯片番茄味,非饮料,膨化食品,13.5,3
4,150g健能酸奶原味,饮料,乳制品,12.0,3
4,205g伊利安慕希原味,饮料,乳制品,27.5,3
4,45g双汇泡面拍挡,非饮料,肉干/豆制品/蛋,4.5,3
1,145ml旺仔牛奶盒装,饮料,乳制品,69.0,3
6,250ML东鹏特饮,饮料,功能饮料,13.5,3
1,20g咪咪虾条马来西亚风味,非饮料,膨化食品,10.4,3
1,250ml燕塘原味酸奶,饮料,乳制品,12.5,3
1,统一绿茶,饮料,茶饮料,9.5,3
5,统一冰红茶,饮料,茶饮料,9.0,3
4,600ml雪碧,饮料,碳酸饮料,7.1,3
4,600ml脉动青柠,饮料,功能饮料,13.5,3
6,旺仔牛奶,饮料,乳制品,8.399999999999999,3
4,52g旺旺仙贝,非饮料,膨化食品,13.5,3
1,维他奶,饮料,植物蛋白,9.0,3
6,250ml维他奶低糖原味,饮料,植物蛋白,9.0,3
6,80g香飘飘椰果奶茶麦香味,饮料,茶饮料,13.5,3
5,统一绿茶,饮料,茶饮料,9.0,3
3,雪碧最新款,饮料,碳酸饮料,10.5,3
4,48g好丽友薯愿香烤原味,非饮料,膨化食品,15.0,3
1,205g伊利安慕希原味,饮料,乳制品,16.5,3
6,250ml维他奶黑豆奶饮品,饮料,植物蛋白,15.0,3
5,55g奥利奥原味夹心饼干,非饮料,饼干糕点,13.5,2
12,10g越南LIPO奶味面包干0015,非饮料,饼干糕点,1.5,2
5,凤爪,非饮料,肉干/豆制品/蛋,5.0,2
5,68g好丽友巧克力派2枚,非饮料,饼干糕点,8.5,2
10,150g洽洽原香瓜子,非饮料,坚果炒货,14.0,2
5,65g卫龙亲嘴豆皮,非饮料,肉干/豆制品/蛋,9.0,2
5,劲仔小鱼,非饮料,肉干/豆制品/蛋,3.0,2
10,100g卫龙点心面黑椒牛排味,非饮料,肉干/豆制品/蛋,11.6,2
5,上好佳田园薯片,非饮料,膨化食品,8.0,2
10,188g澳门永辉鸡仔饼,非饮料,饼干糕点,51.0,2
12,100g果王咸柑桔罐装,非饮料,蜜饯/果干,13.0,2
2,香豆干,非饮料,肉干/豆制品/蛋,2.0,2
5,乐虎,饮料,功能饮料,10.0,2
5,优益C活菌型乳酸菌饮品,饮料,乳制品,14.0,2
10,20g马来西亚风味咪咪蟹味粒0219,非饮料,膨化食品,9.2,2
3,12g劲仔小鱼麻辣味,非饮料,肉干/豆制品/蛋,4.5,2
3,110g顺宝九制话梅,非饮料,蜜饯/果干,10.0,2
10,103g康师傅红烧牛肉面,非饮料,方便速食,11.0,2
5,83g汤达人酸辣豚骨拉面,非饮料,方便速食,19.5,2
7,40g乐事美国经典原味,非饮料,膨化食品,9.0,2
12,12g劲仔小鱼卤香味,非饮料,肉干/豆制品/蛋,3.0,2
9,四洲粟一烧烧烤味,非饮料,膨化食品,18.0,2
4,180ml雀巢咖啡罐装,饮料,咖啡,18.0,2
5,熊字饼,非饮料,饼干糕点,6.5,2
5,燕塘红枣牛奶,饮料,乳制品,9.0,2
12,250ml维他椰子植物蛋白饮料,饮料,植物蛋白,8.0,2
9,卫龙亲嘴烧红烧牛肉味,非饮料,肉干/豆制品/蛋,6.0,2
9,劲仔小鱼（卤香味）,非饮料,肉干/豆制品/蛋,6.0,2
12,260g马来西亚进口茱蒂丝口口香饼干,非饮料,饼干糕点,36.0,2
5,美汁源果粒橙,饮料,果蔬饮料,8.0,2
5,芬达330ml,饮料,碳酸饮料,5.5,2
2,可口可乐330ml,饮料,碳酸饮料,5.5,2
2,口味王槟榔（绿）,非饮料,蜜饯/果干,20.0,2
2,冰糖雪梨,饮料,果蔬饮料,6.5,2
2,伊利纯牛奶,饮料,乳制品,6.0,2
5,雀巢咖啡,饮料,咖啡,22.5,2
5,韩国海牌海苔,非饮料,海味零食,4.800000000000001,2
5,香脆肠,非饮料,肉干/豆制品/蛋,3.0,2
5,鸭翅,非饮料,肉干/豆制品/蛋,3.0,2
6,103g康师傅红烧牛肉面,非饮料,方便速食,11.0,2
12,37.5g费列罗榛果威化巧克力3颗,非饮料,糖果/巧克力,23.6,2
5,椰树牌椰汁,饮料,植物蛋白,10.0,2
9,好吃点小饼干,非饮料,饼干糕点,2.0,2
9,茉莉蜜茶,饮料,茶饮料,6.0,2
12,250ml统一麦香奶茶,饮料,茶饮料,10.0,2
2,雀巢咖啡,饮料,咖啡,12.0,2
5,可口可乐330ml,饮料,碳酸饮料,5.0,2
12,180ml雀巢咖啡罐装,饮料,咖啡,9.0,2
9,益力多100g*5瓶,饮料,乳制品,27.0,2
5,尖叫,饮料,功能饮料,8.0,2
5,康师傅矿泉水,饮料,水,2.0,2
12,20g咩咩世界虾味条,非饮料,膨化食品,1.6,2
2,芙蓉王,非饮料,香烟,48.0,2
5,新麦潮天然酵母面包,非饮料,饼干糕点,12.0,2
9,汤达人方便面,非饮料,方便速食,10.0,2
2,统一绿茶,饮料,茶饮料,6.5,2
9,旺仔牛奶,饮料,乳制品,8.399999999999999,2
9,日式鱼果,非饮料,膨化食品,8.0,2
5,50g上好佳日式鱼果,非饮料,膨化食品,9.0,2
9,无穷农场盐_鸡蛋,非饮料,肉干/豆制品/蛋,6.5,2
9,新麦潮手撕面包（提子味）,非饮料,饼干糕点,7.5,2
9,新麦潮天然酵母面包（牛奶风味）,非饮料,饼干糕点,8.0,2
2,王老吉（罐）,饮料,茶饮料,7.5,2
2,王老吉（500ml）,饮料,茶饮料,8.0,2
10,250ML东鹏特饮,饮料,功能饮料,9.0,2
5,180g统一满汉全席台式半筋半肉牛肉面,非饮料,方便速食,79.2,2
5,500ml统一冰糖雪梨,饮料,果蔬饮料,10.5,2
5,48g好丽友薯愿香烤原味,非饮料,膨化食品,10.0,2
4,70g乐事薯片黄瓜味,非饮料,膨化食品,13.0,2
10,芙蓉王,非饮料,香烟,50.0,2
10,维他奶黑豆奶饮品,饮料,植物蛋白,7.0,2
4,80g香飘飘椰果奶茶原味,饮料,茶饮料,9.0,2
10,统一阿萨姆奶茶,饮料,茶饮料,11.0,2
10,统一来一桶香辣老坛酸菜牛肉面,非饮料,方便速食,16.5,2
3,百事可乐330ml,饮料,碳酸饮料,5.0,2
11,68g多力多玉米片爆香热辣味,非饮料,膨化食品,16.0,2
11,70g乐事薯片原味,非饮料,膨化食品,13.0,2
4,86g合味道浓猪骨味,非饮料,方便速食,12.0,2
11,70g乐事薯片黄瓜味,非饮料,膨化食品,13.0,2
11,70g乐事薯片（原味）,非饮料,膨化食品,12.0,2
4,伊利纯牛奶,饮料,乳制品,5.5,2
3,果粒橙,饮料,果蔬饮料,6.0,2
4,优益C活菌型乳酸菌饮品,饮料,乳制品,14.0,2
10,旺仔牛奶145ml,饮料,乳制品,6.0,2
10,日式鱼果,非饮料,膨化食品,8.0,2
10,新麦潮天然酵母面包（牛奶风味）,非饮料,饼干糕点,20.0,2
3,手撕素肉排,非饮料,肉干/豆制品/蛋,2.0,2
3,康师傅矿泉水,饮料,水,3.0,2
3,尖叫,饮料,功能饮料,8.0,2
4,双汇玉米热狗肠,非饮料,肉干/豆制品/蛋,6.0,2
3,好吃点小饼干,非饮料,饼干糕点,2.0,2
3,好吃点,非饮料,饼干糕点,9.5,2
10,咪咪,非饮料,膨化食品,2.0,2
4,68g好丽友蛋黄派2枚,非饮料,饼干糕点,9.0,2
11,50g双层百力滋特浓番茄味,非饮料,饼干糕点,9.0,2
3,茉莉蜜茶,饮料,茶饮料,6.0,2
4,12g劲仔小鱼卤香味,非饮料,肉干/豆制品/蛋,18.0,2
4,225g味之不规则饼干芝士味,非饮料,饼干糕点,20.0,2
11,250ml维他奶黑豆奶饮品,饮料,植物蛋白,6.0,2
11,370g泰奇八宝粥,非饮料,方便速食,12.0,2
4,250ml红牛,饮料,功能饮料,13.0,2
11,40g上好佳日式鱼果,非饮料,膨化食品,9.0,2
11,40g乐事薯片墨西哥鸡汁番茄味,非饮料,膨化食品,9.0,2
4,250ml维他奶黑豆奶饮品,饮料,植物蛋白,6.0,2
11,40g卫龙点心面黑椒牛排味,非饮料,肉干/豆制品/蛋,11.5,2
11,220g宝丰龙龟苓膏,非饮料,果冻/龟苓膏,9.0,2
4,2g韩国海牌海苔,非饮料,海味零食,6.4,2
11,40g呀土豆番茄酱味,非饮料,膨化食品,9.0,2
11,180g统一满汉全席台式半筋半肉牛肉面,非饮料,方便速食,118.8,2
4,500ml加多宝,饮料,茶饮料,13.5,2
11,150抽诗竹竹纤维面巾纸,非饮料,纸巾,19.2,2
4,370g泰奇八宝粥,非饮料,方便速食,12.0,2
11,500ML宝矿力,饮料,功能饮料,11.0,2
4,450ml美汁源果粒橙,饮料,果蔬饮料,8.0,2
11,123gUFO炒面XO酱海鲜风味,非饮料,方便速食,13.0,2
11,117gUFO炒面铁板色拉鱿鱼风味,非饮料,方便速食,13.0,2
11,10g越南LIPO奶味面包干,非饮料,饼干糕点,4.0,2
4,480ml小茗同学冷泡青柠红茶,饮料,茶饮料,11.0,2
11,107g出前一丁桶面酱香牛肉王,非饮料,方便速食,12.0,2
11,100g果王咸柑桔罐装,非饮料,蜜饯/果干,12.0,2
3,阿萨姆煎茶奶绿,饮料,茶饮料,8.0,2
4,可口可乐（500ml）,饮料,碳酸饮料,6.0,2
10,可口可乐330ml（罐）,饮料,碳酸饮料,5.0,2
3,可口可乐（500ml）,饮料,碳酸饮料,6.0,2
9,68g多力多玉米片爆香热辣味,非饮料,膨化食品,16.0,2
10,50g上好佳田园薯片番茄味,非饮料,膨化食品,9.0,2
10,50g上好佳日式鱼果,非饮料,膨化食品,13.5,2
11,盼盼手撕面包,非饮料,饼干糕点,8.0,2
10,500ml加多宝,饮料,茶饮料,18.0,2
3,37.5g费列罗榛果威化巧克力3颗,非饮料,糖果/巧克力,23.6,2
10,48g好丽友薯愿香烤原味,非饮料,膨化食品,10.0,2
11,统一来一桶香辣老坛酸菜牛肉面,非饮料,方便速食,11.0,2
5,150g健能酸奶原味,饮料,乳制品,8.0,2
11,统一阿萨姆奶茶,饮料,茶饮料,11.0,2
11,维他原味豆奶,饮料,植物蛋白,10.5,2
3,268ml雀巢咖啡丝滑拿铁,饮料,咖啡,11.0,2
5,205g伊利安慕希原味,饮料,乳制品,16.5,2
10,50g双层百力滋特浓番茄味,非饮料,饼干糕点,9.0,2
10,40g乐事美国经典原味,非饮料,膨化食品,9.0,2
10,40g上好佳田园薯片番茄味,非饮料,膨化食品,9.0,2
5,250ML东鹏特饮,饮料,功能饮料,9.0,2
5,250ml统一麦香奶茶,饮料,茶饮料,5.0,2
11,美汁源果粒橙,饮料,果蔬饮料,12.0,2
5,370g泰奇八宝粥,非饮料,方便速食,12.0,2
11,脉动（青柠）,饮料,功能饮料,10.0,2
10,250ml维他椰子植物蛋白饮料9374,饮料,植物蛋白,8.0,2
5,40g呀土豆番茄酱味,非饮料,膨化食品,9.0,2
11,茉莉蜜茶,饮料,茶饮料,6.0,2
10,250ml统一麦香奶茶,饮料,茶饮料,5.0,2
11,王老吉（罐）,饮料,茶饮料,8.0,2
3,430g泰奇八宝粥,非饮料,方便速食,13.0,2
10,印尼芝士威化饼干,非饮料,饼干糕点,6.0,2
11,新麦潮北海道吐司,非饮料,饼干糕点,8.0,2
3,卫龙亲嘴烧红烧牛肉味,非饮料,肉干/豆制品/蛋,3.0,2
4,新麦潮天然酵母面包（牛奶风味）,非饮料,饼干糕点,8.0,2
11,卫龙亲嘴烧麦辣鸡汁味,非饮料,肉干/豆制品/蛋,3.0,2
11,口味王槟榔（红）,非饮料,蜜饯/果干,25.0,2
10,劲仔小鱼（卤香味）,非饮料,肉干/豆制品/蛋,3.0,2
3,伊利优酸乳,饮料,乳制品,4.5,2
7,40g乐事薯片黄瓜味,非饮料,膨化食品,13.5,2
10,乐虎（380ml）,饮料,功能饮料,8.0,2
4,熊字饼,非饮料,饼干糕点,6.0,2
4,盼盼手撕面包,非饮料,饼干糕点,8.0,2
4,维他奶,饮料,植物蛋白,5.5,2
10,80g马赛克香蕉片,非饮料,蜜饯/果干,14.0,2
5,103g康师傅红烧牛肉面,非饮料,方便速食,11.0,2
10,80g香飘飘椰果奶茶原味,饮料,茶饮料,9.0,2
10,70g乐事薯片（黄瓜味）,非饮料,膨化食品,19.5,2
10,70g乐事薯片黄瓜味,非饮料,膨化食品,13.0,2
11,旺仔牛奶,饮料,乳制品,16.8,2
11,椰树牌椰汁,饮料,植物蛋白,9.0,2
11,泰奇八宝粥,非饮料,方便速食,14.0,2
4,雪碧最新款,饮料,碳酸饮料,5.5,2
4,鸭翅,非饮料,肉干/豆制品/蛋,3.0,2
10,5片装益达绿箭口香糖,非饮料,糖果/巧克力,4.0,2
11,燕塘甜牛奶,饮料,乳制品,9.0,2
10,55g奥利奥原味夹心饼干,非饮料,饼干糕点,8.5,2
6,10g越南LIPO奶味面包干0046,非饮料,饼干糕点,4.0,2
9,可口可乐330ml,饮料,碳酸饮料,5.0,2
8,40g双汇玉米热狗肠,非饮料,肉干/豆制品/蛋,3.0,2
6,卫龙亲嘴烧麦辣鸡汁味,非饮料,肉干/豆制品/蛋,3.0,2
8,600ml可口可乐,饮料,碳酸饮料,7.0,2
6,泰奇八宝粥,非饮料,方便速食,14.0,2
8,55g奥利奥原味芝士饼干,非饮料,饼干糕点,8.5,2
12,卫龙亲嘴烧麦辣鸡汁味,非饮料,肉干/豆制品/蛋,3.0,2
1,85g嘉士利果乐果香夹心饼干蓝莓味,非饮料,饼干糕点,9.0,2
8,45g双汇泡面拍挡,非饮料,肉干/豆制品/蛋,3.0,2
1,70g乐事薯片黄瓜味,非饮料,膨化食品,13.0,2
6,145g果王迷你山楂包装,非饮料,蜜饯/果干,14.0,2
6,燕塘甜牛奶,饮料,乳制品,9.0,2
8,268ml雀巢咖啡丝滑拿铁,饮料,咖啡,16.5,2
8,250ml维他柠檬茶,饮料,茶饮料,15.0,2
1,600ml脉动青柠,饮料,功能饮料,9.0,2
6,珠江纯生啤酒,饮料,功能饮料,9.0,2
8,250ml燕塘原味酸奶,饮料,乳制品,8.0,2
1,58g丽芝士纳宝帝奶酪威化饼干,非饮料,饼干糕点,5.5,2
12,四洲粟一烧烧烤味,非饮料,膨化食品,27.0,2
12,多芙利香草奶油味蛋糕,非饮料,饼干糕点,12.0,2
8,150g健能酸奶原味,饮料,乳制品,8.0,2
6,维他奶黑豆奶饮品,饮料,植物蛋白,7.0,2
6,维他柠檬茶,饮料,茶饮料,6.0,2
12,小茗同学,饮料,茶饮料,10.0,2
12,劲仔小鱼（卤香味）,非饮料,肉干/豆制品/蛋,6.0,2
12,劲仔小鱼,非饮料,肉干/豆制品/蛋,3.0,2
1,85g统一老坛酸菜牛肉面,非饮料,方便速食,10.0,2
8,可口可乐（500ml）,饮料,碳酸饮料,6.0,2
8,百事可乐330ml,饮料,碳酸饮料,5.0,2
6,可口可乐330ml（罐）,饮料,碳酸饮料,5.0,2
6,四洲粟一烧烧烤味,非饮料,膨化食品,36.0,2
8,椰树牌椰汁,饮料,植物蛋白,9.0,2
8,手撕素肉排,非饮料,肉干/豆制品/蛋,2.4,2
1,口味王槟榔（红）,非饮料,蜜饯/果干,30.0,2
8,怡宝矿泉水,饮料,水,4.0,2
6,威化饼干,非饮料,饼干糕点,7.0,2
1,卫龙亲嘴烧红烧牛肉味,非饮料,肉干/豆制品/蛋,3.0,2
6,尖叫,饮料,功能饮料,8.5,2
12,冰红茶（罐）,饮料,茶饮料,5.0,2
1,凤爪,非饮料,肉干/豆制品/蛋,4.5,2
6,康师傅矿泉水,饮料,水,2.7,2
8,口味王槟榔（红）,非饮料,蜜饯/果干,30.0,2
6,新麦潮天然酵母面包（牛奶风味）,非饮料,饼干糕点,8.0,2
12,上好佳田园薯片,非饮料,膨化食品,8.0,2
1,伊利优酸乳,饮料,乳制品,4.5,2
8,85g统一老坛酸菜牛肉面,非饮料,方便速食,9.0,2
8,80g四洲粟一烧烧烤味,非饮料,膨化食品,12.5,2
8,75g新麦潮天然酵母面包（北海道牛奶风味）,非饮料,饼干糕点,8.0,2
1,52g旺旺仙贝,非饮料,膨化食品,9.0,2
7,鸭翅,非饮料,肉干/豆制品/蛋,3.5,2
6,芙蓉王,非饮料,香烟,48.0,2
1,12g劲仔小鱼麻辣味,非饮料,肉干/豆制品/蛋,4.5,2
12,美汁源果粒橙,饮料,果蔬饮料,8.0,2
7,160g盼盼手撕面包,非饮料,饼干糕点,18.0,2
1,188g澳门永辉鸡仔饼,非饮料,饼干糕点,68.0,2
7,180ml雀巢咖啡罐装,饮料,咖啡,13.5,2
7,205g伊利安慕希原味,饮料,乳制品,11.0,2
7,85g嘉士利果乐果香夹心饼干蓝莓味,非饮料,饼干糕点,9.0,2
12,诗竹竹纤维面巾纸,非饮料,纸巾,14.399999999999999,2
1,148g富甲一方紫薯仔,非饮料,蜜饯/果干,19.5,2
7,68g好丽友巧克力派2枚,非饮料,饼干糕点,9.0,2
7,250ml统一麦香奶茶,饮料,茶饮料,5.0,2
7,148g富甲一方紫薯仔,非饮料,蜜饯/果干,13.0,2
7,250ml维他奶低糖原味,饮料,植物蛋白,8.8,2
7,250ml维他椰子植物蛋白饮料,饮料,植物蛋白,16.0,2
12,雪碧,饮料,碳酸饮料,7.0,2
1,110g顺宝九制话梅,非饮料,蜜饯/果干,10.0,2
7,500ml农夫果园 (芒果+菠萝+番石榴),饮料,果蔬饮料,9.0,2
7,48g好丽友薯愿香烤原味,非饮料,膨化食品,9.0,2
7,45g双汇泡面拍挡,非饮料,肉干/豆制品/蛋,3.0,2
7,430g泰奇八宝粥,非饮料,方便速食,12.0,2
7,40g呀土豆番茄酱味,非饮料,膨化食品,9.0,2
7,劲仔小鱼（麻辣味）,非饮料,肉干/豆制品/蛋,31.5,2
12,维他原味豆奶,饮料,植物蛋白,7.0,2
7,雀巢咖啡,饮料,咖啡,15.0,2
1,40g乐事薯片黄瓜味,非饮料,膨化食品,8.5,2
6,雪力矿泉水,饮料,水,4.0,2
1,50g上好佳日式鱼果,非饮料,膨化食品,13.5,2
1,500ml统一阿萨姆奶茶,饮料,茶饮料,10.0,2
1,500ml加多宝,饮料,茶饮料,9.0,2
7,美年达（罐）,饮料,碳酸饮料,5.0,2
12,新麦潮天然酵母面包,非饮料,饼干糕点,8.0,2
1,45g双汇泡面拍挡,非饮料,肉干/豆制品/蛋,3.0,2
1,430g泰奇八宝粥,非饮料,方便速食,13.0,2
12,泰奇八宝粥,非饮料,方便速食,14.0,2
1,30g元朗小蛋卷,非饮料,饼干糕点,5.0,2
7,口味王槟榔（红）,非饮料,蜜饯/果干,30.0,2
7,旺仔牛奶,饮料,乳制品,8.399999999999999,2
7,无穷烤鸡小腿（蜂蜜）,非饮料,肉干/豆制品/蛋,6.0,2
7,手撕素肉排,非饮料,肉干/豆制品/蛋,2.0,2
7,110g顺宝九制话梅,非饮料,蜜饯/果干,10.0,2
1,250ml维他奶低糖原味,饮料,植物蛋白,9.0,2
7,小茗同学,饮料,茶饮料,10.0,2
7,好吃点小饼干,非饮料,饼干糕点,2.0,2
1,250ml燕塘红枣牛奶,饮料,乳制品,9.0,2
12,统一阿萨姆奶茶,饮料,茶饮料,11.0,2
6,口味王槟榔（绿）,非饮料,蜜饯/果干,20.0,2
4,160g盼盼手撕面包,非饮料,饼干糕点,16.0,2
9,250ml统一麦香奶茶,饮料,茶饮料,5.0,2
9,260g马来西亚进口茱蒂丝口口香饼干,非饮料,饼干糕点,72.0,2
1,雪碧最新款,饮料,碳酸饮料,6.0,2
6,30g元朗小蛋卷,非饮料,饼干糕点,5.0,2
6,150g洽洽原香瓜子,非饮料,坚果炒货,14.0,2
12,50g上好佳田园薯片番茄味,非饮料,膨化食品,9.0,2
9,40g乐事美国经典原味,非饮料,膨化食品,9.0,2
9,37.5g费列罗榛果威化巧克力3颗,非饮料,糖果/巧克力,21.8,2
1,无穷农场盐_鸡蛋,非饮料,肉干/豆制品/蛋,12.5,2
6,70g乐事薯片（黄瓜味）,非饮料,膨化食品,13.0,2
9,250ml维他椰子植物蛋白饮料9374,饮料,植物蛋白,8.0,2
9,40g乐事薯片墨西哥鸡汁番茄味,非饮料,膨化食品,13.5,2
12,40g乐事薯片墨西哥鸡汁番茄味,非饮料,膨化食品,9.0,2
1,安慕希酸奶,饮料,乳制品,12.0,2
9,50g双层百力滋奶咖味,非饮料,饼干糕点,8.5,2
6,68g多力多玉米片爆香热辣味,非饮料,膨化食品,16.0,2
9,32g卫龙亲嘴烧红烧牛肉味,非饮料,肉干/豆制品/蛋,14.4,2
6,55g奥利奥迷你杯夹心小饼干杯装原味,非饮料,饼干糕点,11.0,2
6,180g统一满汉全席台式半筋半肉牛肉面,非饮料,方便速食,59.400000000000006,2
1,诗竹竹纤维面巾纸,非饮料,纸巾,9.6,2
6,205ml安慕希蓝莓味,饮料,乳制品,11.6,2
9,48g好丽友薯愿香烤原味,非饮料,膨化食品,15.0,2
12,55g奥利奥原味夹心饼干,非饮料,饼干糕点,8.5,2
6,50g双层百力滋特浓番茄味,非饮料,饼干糕点,9.0,2
12,500ml营养快线原味,饮料,乳制品,9.0,2
6,冰糖雪梨,饮料,果蔬饮料,7.0,2
6,40g卫龙点心面黑椒牛排味,非饮料,肉干/豆制品/蛋,14.0,2
6,500ml康师傅冰糖雪梨,饮料,果蔬饮料,7.0,2
6,250ml维他椰子植物蛋白饮料,饮料,植物蛋白,8.0,2
1,维他奶黑豆奶饮品,饮料,植物蛋白,7.0,2
9,600ml可口可乐,饮料,碳酸饮料,6.0,2
9,250ml维他奶黑豆奶饮品,饮料,植物蛋白,9.0,2
12,40g上好佳日式鱼果,非饮料,膨化食品,13.5,2
6,劲仔小鱼（卤香味）,非饮料,肉干/豆制品/蛋,3.0,2
8,芙蓉王,非饮料,香烟,46.0,2
6,80g四洲粟一烧烧烤味,非饮料,膨化食品,24.0,2
6,农夫果园,饮料,果蔬饮料,11.0,2
6,70g乐事薯片（原味）,非饮料,膨化食品,13.0,2
6,健能酸奶,饮料,乳制品,20.0,2
9,150g健能酸奶原味,饮料,乳制品,8.0,2
8,阿萨姆煎茶奶绿,饮料,茶饮料,8.0,2
1,香脆肠,非饮料,肉干/豆制品/蛋,3.0,2
2,威化饼干,非饮料,饼干糕点,3.0,1
1,250ml红牛,饮料,功能饮料,6.5,1
3,百事可乐500ml,饮料,碳酸饮料,3.0,1
2,可口可乐（500ml）,饮料,碳酸饮料,3.0,1
3,红利群（硬）,非饮料,香烟,15.0,1
1,260g马来西亚进口茱蒂丝口口香饼干,非饮料,饼干糕点,18.0,1
3,王老吉（罐）,饮料,茶饮料,3.5,1
12,500ML宝矿力,饮料,功能饮料,5.5,1
12,红利群（硬）,非饮料,香烟,15.0,1
11,68g好丽友蛋黄派2枚,非饮料,饼干糕点,4.5,1
1,40g上好佳日式鱼果,非饮料,膨化食品,4.5,1
2,小鱼仔,非饮料,海味零食,1.5,1
3,怡宝,饮料,水,2.0,1
1,500ml农夫果园 (芒果+菠萝+番石榴),饮料,果蔬饮料,9.0,1
11,丽芝士纳宝帝奶酪威化饼干,非饮料,饼干糕点,3.5,1
12,500ml统一冰糖雪梨,饮料,果蔬饮料,3.5,1
3,威化饼干,非饮料,饼干糕点,4.0,1
12,500ml康师傅冰糖雪梨,饮料,果蔬饮料,3.5,1
12,无穷烤鸡小腿（蜂蜜）,非饮料,肉干/豆制品/蛋,3.0,1
11,86g合味道浓猪骨味,非饮料,方便速食,7.0,1
2,椰树牌椰汁,饮料,植物蛋白,4.5,1
12,旺仔牛奶,饮料,乳制品,2.8,1
1,40g呀土豆薯片滋香烤鸡味,非饮料,膨化食品,4.5,1
11,70g乐事薯片（黄瓜味）,非饮料,膨化食品,6.5,1
1,40g呀土豆番茄酱味,非饮料,膨化食品,4.5,1
3,无穷烤鸡小腿（蜂蜜）,非饮料,肉干/豆制品/蛋,6.0,1
11,80g香飘飘椰果奶茶麦香味,饮料,茶饮料,4.0,1
11,80g香飘飘椰果奶茶原味,饮料,茶饮料,4.5,1
3,旺仔牛奶,饮料,乳制品,2.8,1
1,370g泰奇八宝粥,非饮料,方便速食,6.0,1
3,椰树牌椰汁,饮料,植物蛋白,4.5,1
1,32g卫龙亲嘴烧红烧牛肉味,非饮料,肉干/豆制品/蛋,1.8,1
3,熊字饼,非饮料,饼干糕点,3.0,1
12,经典奶茶,饮料,茶饮料,4.0,1
3,145ml旺仔牛奶盒装,饮料,乳制品,10.0,1
3,统一来一桶香辣老坛酸菜牛肉面,非饮料,方便速食,5.5,1
1,250ml燕塘甜牛奶,饮料,乳制品,4.5,1
1,雪力矿泉水,饮料,水,2.0,1
11,480ml小茗同学冷泡溜溜哒茶,饮料,茶饮料,6.0,1
12,32g卫龙亲嘴烧川香味,非饮料,肉干/豆制品/蛋,1.8,1
11,45g双汇泡面拍挡,非饮料,肉干/豆制品/蛋,1.5,1
1,12g劲仔小鱼卤香味,非饮料,肉干/豆制品/蛋,1.5,1
4,10g卫龙亲嘴烧香辣味,非饮料,肉干/豆制品/蛋,0.6,1
4,117gUFO炒面铁板色拉鱿鱼风味,非饮料,方便速食,6.5,1
11,40g盼盼手撕面包,非饮料,饼干糕点,2.0,1
12,40g卫龙点心面黑椒牛排味,非饮料,肉干/豆制品/蛋,4.5,1
1,120g达利园蔓越莓提子面包,非饮料,饼干糕点,6.0,1
2,乐虎（380ml）,饮料,功能饮料,4.0,1
4,145ml旺仔牛奶罐装,饮料,乳制品,3.0,1
1,10g越南LIPO奶味面包干0015,非饮料,饼干糕点,2.0,1
1,10g越南LIPO奶味面包干,非饮料,饼干糕点,2.0,1
11,40g乐事美国经典原味,非饮料,膨化食品,4.5,1
12,34g公仔迷你杯牛肉味,非饮料,方便速食,3.5,1
1,107g出前一丁桶面酱香牛肉王,非饮料,方便速食,6.0,1
4,148g富甲一方紫薯仔,非饮料,蜜饯/果干,6.5,1
1,103g康师傅红烧牛肉面,非饮料,方便速食,5.5,1
12,34g公仔迷你杯风味排骨味,非饮料,方便速食,3.5,1
4,150g洽洽原香瓜子,非饮料,坚果炒货,7.0,1
11,32g卫龙亲嘴烧川香味,非饮料,肉干/豆制品/蛋,3.6,1
1,100g果王咸柑桔罐装,非饮料,蜜饯/果干,6.5,1
4,103g康师傅红烧牛肉面,非饮料,方便速食,5.5,1
4,100g*5瓶益力多,饮料,乳制品,12.5,1
1,雀巢咖啡,饮料,咖啡,7.5,1
12,维他奶黑豆奶饮品,饮料,植物蛋白,3.5,1
11,5片装益达绿箭口香糖,非饮料,糖果/巧克力,2.0,1
12,480ml小茗同学冷泡溜溜哒茶,饮料,茶饮料,5.5,1
3,维他奶,饮料,植物蛋白,3.0,1
12,250ml维他椰子植物蛋白饮料9374,饮料,植物蛋白,4.0,1
11,55g奥利奥迷你杯夹心小饼干杯装原味,非饮料,饼干糕点,5.5,1
1,250ML东鹏特饮,饮料,功能饮料,4.5,1
3,美年达（罐）,饮料,碳酸饮料,3.0,1
12,250ml王老吉盒装,饮料,茶饮料,2.5,1
3,芙蓉王,非饮料,香烟,25.0,1
3,芬达330ml,饮料,碳酸饮料,2.5,1
1,维他柠檬茶,饮料,茶饮料,3.0,1
3,香脆肠,非饮料,肉干/豆制品/蛋,1.5,1
11,50g双层百力滋奶咖味,非饮料,饼干糕点,4.5,1
12,维他奶（巧克力味）,饮料,植物蛋白,3.5,1
3,越南LIPO奶味面包干100g,非饮料,饼干糕点,8.0,1
12,维他柠檬茶330ml（罐）,饮料,茶饮料,3.0,1
1,205ml安慕希蓝莓味,饮料,乳制品,5.8,1
2,可口可乐最新款,饮料,碳酸饮料,3.0,1
1,150抽诗竹竹纤维面巾纸,非饮料,纸巾,4.8,1
1,钙芝奶酪味高钙威化饼干,非饮料,饼干糕点,1.5,1
1,150g洽洽原香瓜子,非饮料,坚果炒货,7.0,1
1,14g德芙巧克力,非饮料,糖果/巧克力,2.5,1
11,55g奥利奥原味夹心饼干,非饮料,饼干糕点,4.0,1
1,燕塘红枣牛奶,饮料,乳制品,4.5,1
2,熊字饼,非饮料,饼干糕点,3.0,1
1,乐虎（380ml）,饮料,功能饮料,4.0,1
1,好吃点小饼干,非饮料,饼干糕点,1.0,1
11,芙蓉王,非饮料,香烟,25.0,1
1,冰糖雪梨,饮料,果蔬饮料,3.5,1
11,脉动（椰子菠萝口味）,饮料,功能饮料,10.0,1
1,优益C活菌型乳酸菌饮品,饮料,乳制品,21.0,1
12,68g好丽友巧克力派2枚,非饮料,饼干糕点,4.5,1
12,丽芝士纳宝帝奶酪威化饼干,非饮料,饼干糕点,3.5,1
12,乐虎,饮料,功能饮料,5.0,1
2,雪碧（500ml）,饮料,碳酸饮料,3.0,1
11,美年达（罐）,饮料,碳酸饮料,3.0,1
3,250ml维他椰子植物蛋白饮料9374,饮料,植物蛋白,4.0,1
12,130g果王玉带蚕豆,非饮料,坚果炒货,7.0,1
12,150g洽洽原香瓜子,非饮料,坚果炒货,7.0,1
12,优益C活菌型乳酸菌饮品,饮料,乳制品,7.0,1
1,小茗同学冷泡茶（乳酸菌味）,饮料,茶饮料,5.5,1
11,维他奶（巧克力味）,饮料,植物蛋白,3.5,1
1,86g合味道浓猪骨味,非饮料,方便速食,7.0,1
2,雪碧330ml,饮料,碳酸饮料,3.0,1
1,怡宝,饮料,水,2.0,1
12,加多宝,饮料,茶饮料,4.5,1
12,145ml旺仔牛奶罐装,饮料,乳制品,3.0,1
1,新麦潮天然酵母面包,非饮料,饼干糕点,4.0,1
12,劲仔小鱼（麻辣味）,非饮料,肉干/豆制品/蛋,1.5,1
11,经典奶茶,饮料,茶饮料,4.0,1
3,250ml维他奶巧克力味,饮料,植物蛋白,3.0,1
2,香脆肠,非饮料,肉干/豆制品/蛋,2.0,1
1,多芙利香草奶油味蛋糕,非饮料,饼干糕点,6.0,1
12,10g越南LIPO奶味面包干,非饮料,饼干糕点,1.0,1
12,78g卫龙亲语,非饮料,肉干/豆制品/蛋,4.5,1
3,150g健能酸奶原味,饮料,乳制品,4.0,1
12,78g合味道杯面香菇炖鸡风味,非饮料,方便速食,12.0,1
3,20g咪咪虾条马来西亚风味,非饮料,膨化食品,0.8,1
3,20g马来西亚风味咪咪蟹味粒0219,非饮料,膨化食品,4.0,1
11,雪碧,饮料,碳酸饮料,21.0,1
1,可口可乐330ml,饮料,碳酸饮料,2.5,1
3,225g味之不规则饼干芝士味,非饮料,饼干糕点,10.0,1
12,80g粤光宝盒芒果干,非饮料,蜜饯/果干,11.0,1
1,可乐可乐,饮料,碳酸饮料,3.5,1
1,可口可乐（500ml）,饮料,碳酸饮料,3.0,1
11,阿萨姆煎茶奶绿,饮料,茶饮料,4.0,1
1,咪咪虾条马来西亚风味,非饮料,膨化食品,0.8,1
12,83g汤达人酸辣豚骨拉面,非饮料,方便速食,6.5,1
1,卫龙亲嘴烧麦辣鸡汁味,非饮料,肉干/豆制品/蛋,1.5,1
12,70g乐事薯片（黄瓜味）,非饮料,膨化食品,5.5,1
3,250ml红牛,饮料,功能饮料,6.5,1
2,鸡爪,非饮料,肉干/豆制品/蛋,2.0,1
11,越南LIPO奶味面包干100g,非饮料,饼干糕点,8.0,1
1,劲仔小鱼（麻辣味）,非饮料,肉干/豆制品/蛋,3.0,1
12,70g乐事薯片（原味）,非饮料,膨化食品,6.5,1
1,劲仔小鱼,非饮料,肉干/豆制品/蛋,1.5,1
11,诗竹竹纤维面巾纸,非饮料,纸巾,4.8,1
3,40g上好佳日式鱼果,非饮料,膨化食品,3.5,1
3,40g上好佳田园薯片番茄味,非饮料,膨化食品,9.0,1
11,优益C活菌型乳酸菌饮品,饮料,乳制品,14.0,1
3,91g徐福记凤梨酥,非饮料,饼干糕点,6.5,1
3,78g卫龙亲嘴语辣条,非饮料,肉干/豆制品/蛋,4.5,1
12,50g双层百力滋奶咖味,非饮料,饼干糕点,4.5,1
11,咪咪虾条马来西亚风味,非饮料,膨化食品,0.8,1
11,味之不规则饼干（芝士味）,非饮料,饼干糕点,10.0,1
11,合味道（海鲜风味）,非饮料,方便速食,7.0,1
12,奥利奥原味芝士,非饮料,饼干糕点,4.0,1
12,好吃点,非饮料,饼干糕点,4.5,1
12,250ML东鹏特饮,饮料,功能饮料,4.5,1
11,合味道（浓猪骨）,非饮料,方便速食,7.0,1
1,55g奥利奥原味夹心饼干,非饮料,饼干糕点,4.5,1
3,85g新麦潮手撕面包（提子味）,非饮料,饼干糕点,2.0,1
11,可乐可乐,饮料,碳酸饮料,14.0,1
1,85g新麦潮手撕面包（提子味）,非饮料,饼干糕点,3.5,1
1,熊字饼,非饮料,饼干糕点,3.0,1
3,冰糖雪梨,饮料,果蔬饮料,3.5,1
1,50g双层百力滋特浓番茄味,非饮料,饼干糕点,4.5,1
12,康师傅拉面(袋),非饮料,方便速食,2.0,1
3,148g富甲一方紫薯仔,非饮料,蜜饯/果干,6.5,1
1,50g双层百力滋奶咖味,非饮料,饼干糕点,4.5,1
3,口味王槟榔（红）,非饮料,蜜饯/果干,15.0,1
11,劲仔小鱼（卤香味）,非饮料,肉干/豆制品/蛋,1.5,1
11,加多宝,饮料,茶饮料,13.5,1
3,可口可乐330ml,饮料,碳酸饮料,3.0,1
1,50g上好佳田园薯片番茄味,非饮料,膨化食品,4.5,1
3,70g乐事薯片黄瓜味,非饮料,膨化食品,7.0,1
3,600ml雪碧,饮料,碳酸饮料,1.8,1
3,600ml脉动青柠,饮料,功能饮料,9.0,1
12,50g马赛克手撕鱿鱼条,非饮料,海味零食,9.0,1
12,150抽诗竹竹纤维面巾纸,非饮料,纸巾,4.8,1
12,58.5g钙芝奶酪味高钙威化饼干,非饮料,饼干糕点,3.0,1
12,188g澳门永辉鸡仔饼,非饮料,饼干糕点,34.0,1
2,茉莉蜜茶,饮料,茶饮料,3.0,1
12,口味王槟榔（绿色）,非饮料,蜜饯/果干,10.0,1
1,70g乐事薯片原味,非饮料,膨化食品,6.5,1
3,45g双汇泡面拍挡,非饮料,肉干/豆制品/蛋,1.5,1
12,可乐可乐,饮料,碳酸饮料,3.5,1
1,65g卫龙亲嘴豆皮,非饮料,肉干/豆制品/蛋,9.0,1
3,500ml农夫果园 (芒果+菠萝+番石榴),饮料,果蔬饮料,5.0,1
12,55g奥利奥迷你杯夹心小饼干杯装原味,非饮料,饼干糕点,5.5,1
11,湘潭铺子(羽泉版),非饮料,蜜饯/果干,10.0,1
1,无穷烤鸡小腿（蜂蜜）,非饮料,肉干/豆制品/蛋,3.0,1
3,500ml统一阿萨姆奶茶,饮料,茶饮料,5.0,1
12,可口可乐330ml（罐）,饮料,碳酸饮料,2.5,1
1,日式鱼果,非饮料,膨化食品,4.0,1
11,日式鱼果,非饮料,膨化食品,3.5,1
11,无穷烤鸡小腿（蜂蜜）,非饮料,肉干/豆制品/蛋,3.0,1
12,20g士力架,非饮料,糖果/巧克力,2.0,1
3,50g上好佳日式鱼果,非饮料,膨化食品,4.5,1
3,600ml可口可乐,饮料,碳酸饮料,3.0,1
1,56g益达无糖口香糖,非饮料,糖果/巧克力,13.0,1
1,55g奥利奥迷你杯夹心小饼干杯装原味,非饮料,饼干糕点,5.5,1
2,30g无穷农场盐_鸡蛋,非饮料,肉干/豆制品/蛋,2.5,1
4,湘潭铺子(羽泉版),非饮料,蜜饯/果干,10.0,1
11,30g元朗小蛋卷,非饮料,饼干糕点,2.5,1
8,鸡爪,非饮料,肉干/豆制品/蛋,2.0,1
8,美年达（罐）,饮料,碳酸饮料,3.0,1
6,乐虎（380ml）,饮料,功能饮料,4.0,1
8,雀巢咖啡,饮料,咖啡,6.0,1
8,雪力矿泉水,饮料,水,2.0,1
6,乐事薯片（青柠）,非饮料,膨化食品,8.0,1
6,丽芝士纳宝帝奶酪威化饼干,非饮料,饼干糕点,3.5,1
8,香脆肠,非饮料,肉干/豆制品/蛋,1.5,1
6,80g马赛克香蕉片,非饮料,蜜饯/果干,7.0,1
6,80g香飘飘椰果奶茶原味,饮料,茶饮料,4.5,1
9,205ml安慕希蓝莓味,饮料,乳制品,5.8,1
9,100g卫龙点心面黑椒牛排味,非饮料,肉干/豆制品/蛋,5.8,1
9,10g越南LIPO奶味面包干,非饮料,饼干糕点,1.0,1
9,12g劲仔小鱼卤香味,非饮料,肉干/豆制品/蛋,3.0,1
9,130g果王玉带蚕豆,非饮料,坚果炒货,7.0,1
9,13g雀巢咖啡1+2特浓,饮料,咖啡,5.0,1
6,70g乐事薯片青柠味,非饮料,膨化食品,6.5,1
6,70g乐事薯片原味,非饮料,膨化食品,6.5,1
9,150g洽洽原香瓜子,非饮料,坚果炒货,5.5,1
6,劲仔小鱼（香辣味）,非饮料,肉干/豆制品/蛋,1.5,1
6,口味王槟榔（绿色）,非饮料,蜜饯/果干,10.0,1
8,红利群（硬）,非饮料,香烟,15.0,1
6,合味道（浓猪骨）,非饮料,方便速食,7.0,1
8,85g新麦潮北海道吐司,非饮料,饼干糕点,4.0,1
8,91g徐福记凤梨酥,非饮料,饼干糕点,6.5,1
6,日式鱼果,非饮料,膨化食品,4.0,1
6,新麦潮手撕面包（提子味）,非饮料,饼干糕点,4.0,1
6,新麦潮天然酵母面包（良品铺子）,非饮料,饼干糕点,4.0,1
8,加多宝,饮料,茶饮料,4.5,1
8,卫龙亲嘴烧红烧牛肉味,非饮料,肉干/豆制品/蛋,1.5,1
8,卫龙亲嘴烧麦辣鸡汁味,非饮料,肉干/豆制品/蛋,1.5,1
6,新麦潮北海道吐司,非饮料,饼干糕点,4.0,1
8,可乐可乐,饮料,碳酸饮料,3.5,1
8,可口可乐最新款,饮料,碳酸饮料,3.0,1
8,好吃点,非饮料,饼干糕点,4.5,1
6,小茗同学,饮料,茶饮料,5.0,1
8,尖叫,饮料,功能饮料,4.0,1
6,好吃点小饼干,非饮料,饼干糕点,1.0,1
6,奥利奥原味芝士,非饮料,饼干糕点,4.0,1
6,多力多滋（热辣味）,非饮料,膨化食品,7.5,1
9,182g徐福记凤梨酥,非饮料,饼干糕点,13.0,1
9,20g士力架,非饮料,糖果/巧克力,2.0,1
9,奥利奥原味芝士,非饮料,饼干糕点,4.0,1
9,86g合味道浓猪骨味,非饮料,方便速食,6.0,1
9,58g丽芝士纳宝帝奶酪威化饼干,非饮料,饼干糕点,2.5,1
6,130g果王玉带蚕豆,非饮料,坚果炒货,7.0,1
6,10g卫龙亲嘴烧香辣味,非饮料,肉干/豆制品/蛋,0.6,1
9,70g乐事薯片（黄瓜味）,非饮料,膨化食品,6.5,1
6,100g越南LIPO奶味面包干,非饮料,饼干糕点,8.0,1
9,80g马赛克香蕉片,非饮料,蜜饯/果干,7.0,1
9,83g汤达人酸辣豚骨拉面,非饮料,方便速食,6.5,1
5,雪碧,饮料,碳酸饮料,3.5,1
5,阿萨姆煎茶奶绿,饮料,茶饮料,4.0,1
9,20g马来西亚风味咪咪蟹味粒0219,非饮料,膨化食品,8.0,1
5,银鹭八宝粥,饮料,方便速食,4.5,1
9,上好佳田园薯片,非饮料,膨化食品,4.0,1
5,维他柠檬茶,饮料,茶饮料,7.0,1
5,维他奶,饮料,植物蛋白,3.0,1
5,统一阿萨姆奶茶,饮料,茶饮料,5.5,1
9,印尼芝士威化饼干,非饮料,饼干糕点,3.0,1
5,统一来一桶香辣老坛酸菜牛肉面,非饮料,方便速食,5.5,1
5,泰奇八宝粥,非饮料,方便速食,6.5,1
9,56g益达无糖口香糖,非饮料,糖果/巧克力,13.0,1
9,55g奥利奥迷你杯夹心小饼干杯装原味,非饮料,饼干糕点,5.5,1
6,14g德芙巧克力,非饮料,糖果/巧克力,2.5,1
9,52g旺旺仙贝,非饮料,膨化食品,4.5,1
9,220g宝丰龙龟苓膏菊花味,非饮料,果冻/龟苓膏,5.0,1
6,500ml营养快线原味,饮料,乳制品,4.5,1
6,500ml恒大冰泉矿泉水,饮料,水,2.5,1
6,40g上好佳田园薯片番茄味,非饮料,膨化食品,4.5,1
6,40g上好佳日式鱼果,非饮料,膨化食品,4.5,1
6,260g马来西亚进口茱蒂丝口口香饼干,非饮料,饼干糕点,36.0,1
9,370g泰奇八宝粥,非饮料,方便速食,6.0,1
9,40g上好佳日式鱼果,非饮料,膨化食品,9.0,1
6,250ml香满楼纯牛奶,饮料,乳制品,3.5,1
9,40g呀土豆薯片滋香烤鸡味,非饮料,膨化食品,4.5,1
6,225g味之不规则饼干芝士味,非饮料,饼干糕点,10.0,1
6,20g士力架,非饮料,糖果/巧克力,2.0,1
6,188g澳门永辉鸡仔饼,非饮料,饼干糕点,51.0,1
9,500ml恒大冰泉矿泉水,饮料,水,7.5,1
9,500ml营养快线原味,饮料,乳制品,4.5,1
6,150抽诗竹竹纤维面巾纸,非饮料,纸巾,4.8,1
9,50g双层百力滋特浓番茄味,非饮料,饼干糕点,4.5,1
8,78g卫龙亲嘴语辣条,非饮料,肉干/豆制品/蛋,3.5,1
8,70g乖媳妇野山泡椒凤爪,非饮料,肉干/豆制品/蛋,3.0,1
8,70g乐事薯片（黄瓜味）,非饮料,膨化食品,6.5,1
7,咪咪,非饮料,膨化食品,1.0,1
7,伊利纯牛奶,饮料,乳制品,2.5,1
7,冰糖雪梨,饮料,果蔬饮料,3.0,1
7,卫龙亲嘴烧红烧牛肉味,非饮料,肉干/豆制品/蛋,1.5,1
7,卫龙亲嘴烧麦辣鸡汁味,非饮料,肉干/豆制品/蛋,1.5,1
7,印尼芝士威化饼干,非饮料,饼干糕点,3.0,1
7,130g果王玉带蚕豆,非饮料,坚果炒货,7.0,1
7,可口可乐330ml,饮料,碳酸饮料,2.5,1
7,合味道（海鲜风味）,非饮料,方便速食,7.0,1
7,咪咪虾条马来西亚风味,非饮料,膨化食品,2.4,1
8,70g乐事薯片（原味）,非饮料,膨化食品,5.5,1
7,奥利奥原味芝士,非饮料,饼干糕点,4.0,1
7,娃哈哈红枣酸奶,饮料,乳制品,3.5,1
7,117gUFO炒面铁板色拉鱿鱼风味,非饮料,方便速食,6.5,1
7,康师傅矿泉水,饮料,水,1.5,1
7,107g出前一丁桶面酱香牛肉王,非饮料,方便速食,6.0,1
7,泰奇八宝粥,非饮料,方便速食,7.0,1
7,熊字饼,非饮料,饼干糕点,3.0,1
7,燕塘甜牛奶,饮料,乳制品,4.5,1
7,150g健能酸奶原味,饮料,乳制品,4.0,1
7,乐虎,饮料,功能饮料,5.5,1
7,150g洽洽原香瓜子,非饮料,坚果炒货,7.0,1
7,91g徐福记凤梨酥,非饮料,饼干糕点,6.5,1
7,370g泰奇八宝粥,非饮料,方便速食,6.0,1
7,40g呀土豆薯片滋香烤鸡味,非饮料,膨化食品,4.5,1
7,2g韩国海牌海苔,非饮料,海味零食,3.2,1
7,500ml加多宝,饮料,茶饮料,4.5,1
7,500ml统一阿萨姆奶茶,饮料,茶饮料,5.0,1
7,50g上好佳日式鱼果,非饮料,膨化食品,4.5,1
7,50g上好佳田园薯片番茄味,非饮料,膨化食品,4.5,1
7,55g奥利奥原味芝士饼干,非饮料,饼干糕点,4.5,1
7,600ml脉动青柠,饮料,功能饮料,4.5,1
7,600ml雪碧,饮料,碳酸饮料,1.8,1
7,70g乐事薯片黄瓜味,非饮料,膨化食品,6.5,1
7,250ml王老吉盒装,饮料,茶饮料,2.5,1
7,225g味之不规则饼干芝士味,非饮料,饼干糕点,10.0,1
7,80g香飘飘椰果奶茶原味,饮料,茶饮料,4.5,1
7,80g香飘飘椰果奶茶麦香味,饮料,茶饮料,4.5,1
7,20g马来西亚风味咪咪蟹味粒0219,非饮料,膨化食品,0.8,1
7,86g合味道浓猪骨味,非饮料,方便速食,6.0,1
7,103g康师傅红烧牛肉面,非饮料,方便速食,5.5,1
7,100g果王咸柑桔罐装,非饮料,蜜饯/果干,6.5,1
7,百事可乐330ml,饮料,碳酸饮料,2.5,1
6,盼盼手撕面包,非饮料,饼干糕点,4.0,1
8,20g马来西亚风味咪咪蟹味粒0219,非饮料,膨化食品,4.8,1
8,250ML东鹏特饮,饮料,功能饮料,4.5,1
6,燕塘红枣牛奶,饮料,乳制品,4.5,1
8,250ml维他奶巧克力味,饮料,植物蛋白,3.0,1
6,燕塘原味酸奶,饮料,乳制品,4.5,1
6,湘潭铺子(羽泉版),非饮料,蜜饯/果干,10.0,1
8,330ml伊利畅意乳酸菌原味,饮料,乳制品,6.0,1
8,40g卫龙点心面黑椒牛排味,非饮料,肉干/豆制品/蛋,7.0,1
8,430g泰奇八宝粥,非饮料,方便速食,6.5,1
8,450ml美汁源果粒橙,饮料,果蔬饮料,4.0,1
8,480ml小茗同学冷泡溜溜哒茶,饮料,茶饮料,6.0,1
8,500ml加多宝,饮料,茶饮料,4.5,1
8,500ml统一阿萨姆奶茶,饮料,茶饮料,10.0,1
8,50g上好佳日式鱼果,非饮料,膨化食品,4.5,1
8,600ml脉动青柠,饮料,功能饮料,4.5,1
8,65g卫龙亲嘴豆皮,非饮料,肉干/豆制品/蛋,4.5,1
8,68g好丽友蛋黄派2枚,非饮料,饼干糕点,4.5,1
8,20g士力架,非饮料,糖果/巧克力,2.0,1
8,205g伊利安慕希原味,饮料,乳制品,11.0,1
7,100g卫龙点心面黑椒牛排味,非饮料,肉干/豆制品/蛋,5.8,1
6,经典奶茶,饮料,茶饮料,4.0,1
7,100g*5瓶益力多,饮料,乳制品,12.5,1
6,鸡爪,非饮料,肉干/豆制品/蛋,2.0,1
7,维他奶（巧克力味）,饮料,植物蛋白,3.5,1
1,100g卫龙点心面黑椒牛排味,非饮料,肉干/豆制品/蛋,5.8,1
7,维他柠檬茶330ml（罐）,饮料,茶饮料,3.0,1
6,雪碧,饮料,碳酸饮料,3.5,1
7,诗竹竹纤维面巾纸,非饮料,纸巾,4.8,1
7,贡美苹果数据线,非饮料,其他,19.0,1
7,越南LIPO奶味面包干100g,非饮料,饼干糕点,8.0,1
6,诗竹竹纤维面巾纸,非饮料,纸巾,4.8,1
7,雪碧,饮料,碳酸饮料,21.0,1
6,脉动（青柠）,饮料,功能饮料,5.0,1
6,维他柠檬茶330ml（罐）,饮料,茶饮料,3.0,1
8,100g*5瓶益力多,饮料,乳制品,12.5,1
8,103g康师傅红烧牛肉面,非饮料,方便速食,5.5,1
8,110g顺宝九制话梅,非饮料,蜜饯/果干,5.0,1
8,145g果王迷你山楂包装,非饮料,蜜饯/果干,7.0,1
9,合味道（海鲜风味）,非饮料,方便速食,7.0,1
9,小茗同学,饮料,茶饮料,5.0,1
4,205ml安慕希蓝莓味,饮料,乳制品,5.8,1
4,劲仔小鱼（麻辣味）,非饮料,肉干/豆制品/蛋,3.0,1
10,多芙利香草奶油味蛋糕,非饮料,饼干糕点,6.0,1
10,奥利奥原味芝士,非饮料,饼干糕点,4.0,1
10,娃哈哈红枣酸奶,饮料,乳制品,3.5,1
4,口味王槟榔（红）,非饮料,蜜饯/果干,15.0,1
10,巧克力奶油味蛋糕,非饮料,饼干糕点,3.0,1
10,康师傅矿泉水,饮料,水,1.0,1
4,印尼芝士威化饼干,非饮料,饼干糕点,3.0,1
4,卫龙亲嘴烧红烧牛肉味,非饮料,肉干/豆制品/蛋,3.0,1
10,新麦潮手撕面包（提子味）,非饮料,饼干糕点,4.0,1
10,珠江纯生啤酒,饮料,功能饮料,4.0,1
4,劲仔小鱼（酱汁味）,非饮料,肉干/豆制品/蛋,1.5,1
4,劲仔小鱼,非饮料,肉干/豆制品/蛋,1.5,1
4,加多宝,饮料,茶饮料,4.5,1
10,椰树牌椰汁,饮料,植物蛋白,4.5,1
10,泰奇八宝粥,非饮料,方便速食,14.0,1
4,上好佳田园薯片,非饮料,膨化食品,4.0,1
10,燕塘原味酸奶,饮料,乳制品,4.5,1
10,燕塘甜牛奶,饮料,乳制品,4.5,1
4,可乐可乐,饮料,碳酸饮料,3.5,1
4,可口可乐最新款,饮料,碳酸饮料,3.5,1
4,合味道（海鲜风味）,非饮料,方便速食,14.0,1
4,和成天下（黄）,非饮料,香烟,10.0,1
4,燕塘红枣牛奶,饮料,乳制品,4.5,1
10,乐事薯片（青柠）,非饮料,膨化食品,8.0,1
10,乐事薯片（黄瓜味）,非饮料,膨化食品,8.0,1
4,泰奇八宝粥,非饮料,方便速食,7.0,1
4,旺仔牛奶,饮料,乳制品,2.8,1
10,农夫果园,饮料,果蔬饮料,5.5,1
4,无穷烤鸡小腿（蜂蜜）,非饮料,肉干/豆制品/蛋,3.0,1
10,凤爪,非饮料,肉干/豆制品/蛋,2.5,1
10,劲仔小鱼,非饮料,肉干/豆制品/蛋,1.5,1
10,劲仔小鱼（酱汁味）,非饮料,肉干/豆制品/蛋,3.0,1
10,劲仔小鱼（香辣味）,非饮料,肉干/豆制品/蛋,1.5,1
10,劲仔小鱼（麻辣味）,非饮料,肉干/豆制品/蛋,3.0,1
4,手撕素肉排,非饮料,肉干/豆制品/蛋,1.2,1
4,巧克力奶油味蛋糕,非饮料,饼干糕点,3.0,1
4,多芙利香草奶油味蛋糕,非饮料,饼干糕点,6.0,1
4,四洲粟一烧烧烤味,非饮料,膨化食品,9.0,1
4,咪咪虾条马来西亚风味,非饮料,膨化食品,3.2,1
4,91g徐福记凤梨酥,非饮料,饼干糕点,6.5,1
10,百事可乐330ml,饮料,碳酸饮料,3.0,1
9,尖叫,饮料,功能饮料,4.0,1
11,20g洽洽每日坚果,非饮料,坚果炒货,5.5,1
4,40g上好佳日式鱼果,非饮料,膨化食品,4.5,1
11,150g洽洽原香瓜子,非饮料,坚果炒货,7.0,1
4,34g公仔迷你杯牛肉味,非饮料,方便速食,3.5,1
11,188g澳门永辉鸡仔饼,非饮料,饼干糕点,51.0,1
4,330ml伊利畅意乳酸菌原味,饮料,乳制品,6.0,1
11,205ml安慕希蓝莓味,饮料,乳制品,5.8,1
11,20g咩咩世界虾味条,非饮料,膨化食品,1.6,1
4,32g卫龙亲嘴烧红烧牛肉味,非饮料,肉干/豆制品/蛋,3.6,1
11,225g味之不规则饼干芝士味,非饮料,饼干糕点,10.0,1
10,盼盼手撕面包,非饮料,饼干糕点,4.0,1
4,250ml维他椰子植物蛋白饮料,饮料,植物蛋白,12.0,1
11,250ml王老吉盒装,饮料,茶饮料,2.5,1
4,250ml统一麦香奶茶,饮料,茶饮料,5.0,1
11,250ml统一麦香奶茶,饮料,茶饮料,2.5,1
4,250ml王老吉盒装,饮料,茶饮料,2.5,1
4,250ML东鹏特饮,饮料,功能饮料,4.5,1
11,250ml香满楼纯牛奶,饮料,乳制品,3.5,1
11,260g马来西亚进口茱蒂丝口口香饼干,非饮料,饼干糕点,36.0,1
4,40g乐事美国经典原味,非饮料,膨化食品,4.5,1
4,40g呀土豆薯片滋香烤鸡味,非饮料,膨化食品,4.5,1
11,12g劲仔小鱼卤香味,非饮料,肉干/豆制品/蛋,6.0,1
11,103g康师傅红烧牛肉面,非饮料,方便速食,5.5,1
10,红利群（硬）,非饮料,香烟,15.0,1
4,85g新麦潮手撕面包（提子味）,非饮料,饼干糕点,3.5,1
4,80g马赛克香蕉片,非饮料,蜜饯/果干,7.0,1
10,维他原味豆奶,饮料,植物蛋白,3.5,1
10,美汁源果粒橙,饮料,果蔬饮料,4.0,1
10,脉动（青柠）,饮料,功能饮料,5.0,1
4,65g格力高百力滋饼干巧克力味,非饮料,饼干糕点,5.5,1
10,越南LIPO奶味面包干10g,非饮料,饼干糕点,2.0,1
4,58.5g钙芝奶酪味高钙威化饼干,非饮料,饼干糕点,3.0,1
10,阿萨姆煎茶奶绿,饮料,茶饮料,4.0,1
4,55g奥利奥迷你杯夹心小饼干杯装原味,非饮料,饼干糕点,5.5,1
4,55g奥利奥原味芝士饼干,非饮料,饼干糕点,4.0,1
4,55g奥利奥原味夹心饼干,非饮料,饼干糕点,4.5,1
4,50g双层百力滋特浓番茄味,非饮料,饼干糕点,4.5,1
4,50g上好佳日式鱼果,非饮料,膨化食品,4.5,1
4,500ml营养快线原味,饮料,乳制品,4.5,1
11,100g卫龙点心面黑椒牛排味,非饮料,肉干/豆制品/蛋,11.6,1
4,王老吉（罐）,饮料,茶饮料,3.5,1
4,百事可乐500ml,饮料,碳酸饮料,3.5,1
4,统一来一桶香辣老坛酸菜牛肉面,非饮料,方便速食,5.5,1
9,韩国海牌海苔,非饮料,海味零食,4.8,1
5,劲仔小鱼（卤香味）,非饮料,肉干/豆制品/蛋,1.5,1
9,诗竹竹纤维面巾纸,非饮料,纸巾,4.8,1
9,贡美忆江南充电宝5000mAh,非饮料,其他,58.0,1
9,阿萨姆煎茶奶绿,饮料,茶饮料,4.0,1
5,冰红茶（罐）,饮料,茶饮料,2.5,1
5,冰糖雪梨,饮料,果蔬饮料,3.0,1
9,雪碧,饮料,碳酸饮料,3.5,1
5,农夫果园,饮料,果蔬饮料,5.5,1
5,丽芝士纳宝帝奶酪威化饼干,非饮料,饼干糕点,3.5,1
4,维他原味豆奶,饮料,植物蛋白,3.5,1
10,107g出前一丁桶面酱香牛肉王,非饮料,方便速食,6.0,1
10,10g卫龙亲嘴烧香辣味,非饮料,肉干/豆制品/蛋,0.6,1
10,10g越南LIPO奶味面包干0015,非饮料,饼干糕点,1.0,1
10,117gUFO炒面铁板色拉鱿鱼风味,非饮料,方便速食,6.5,1
5,70g乐事薯片黄瓜味,非饮料,膨化食品,6.5,1
5,70g乐事薯片原味,非饮料,膨化食品,6.5,1
5,68g好丽友蛋黄派2枚,非饮料,饼干糕点,4.5,1
5,68g多力多玉米片爆香热辣味,非饮料,膨化食品,8.0,1
9,芦荟汁,饮料,果蔬饮料,6.0,1
5,口味王槟榔（红）,非饮料,蜜饯/果干,15.0,1
9,美汁源果粒橙,饮料,果蔬饮料,4.0,1
5,口味王槟榔（绿）,非饮料,蜜饯/果干,10.0,1
9,怡宝,饮料,水,2.0,1
5,新麦潮手撕面包（提子味）,非饮料,饼干糕点,3.5,1
9,手撕素肉排,非饮料,肉干/豆制品/蛋,1.2,1
9,新麦潮北海道吐司,非饮料,饼干糕点,4.0,1
9,旺仔牛奶145ml,饮料,乳制品,3.0,1
5,新麦潮天然酵母面包（牛奶风味）,非饮料,饼干糕点,4.0,1
9,泰奇八宝粥,非饮料,方便速食,7.0,1
9,燕塘原味酸奶,饮料,乳制品,4.5,1
9,燕塘甜牛奶,饮料,乳制品,4.5,1
5,手撕素肉排,非饮料,肉干/豆制品/蛋,1.3,1
9,盼盼手撕面包,非饮料,饼干糕点,4.0,1
5,小鱼仔,非饮料,海味零食,1.5,1
9,经典奶茶,饮料,茶饮料,4.0,1
5,多芙利香草奶油味蛋糕,非饮料,饼干糕点,6.0,1
5,四洲粟一烧烧烤味,非饮料,膨化食品,9.0,1
9,维他原味豆奶,饮料,植物蛋白,3.5,1
9,维他奶（巧克力味）,饮料,植物蛋白,2.5,1
5,50g双层百力滋奶咖味,非饮料,饼干糕点,9.0,1
10,20g士力架,非饮料,糖果/巧克力,2.0,1
10,220g宝丰龙龟苓膏菊花味,非饮料,果冻/龟苓膏,5.0,1
10,500ml康师傅冰糖雪梨,饮料,果蔬饮料,3.5,1
10,500ml统一冰糖雪梨,饮料,果蔬饮料,7.0,1
5,110g顺宝九制话梅,非饮料,蜜饯/果干,5.0,1
10,50g双层百力滋奶咖味,非饮料,饼干糕点,4.5,1
5,107g出前一丁桶面酱香牛肉王,非饮料,方便速食,6.0,1
5,100g果王咸柑桔罐装,非饮料,蜜饯/果干,6.5,1
5,100g*5瓶益力多,饮料,乳制品,12.5,1
4,韩国海牌海苔,非饮料,海味零食,3.2,1
10,60g湖湘贡手撕鸭脖原味,非饮料,肉干/豆制品/蛋,6.0,1
4,雪碧,饮料,碳酸饮料,3.5,1
4,雀巢咖啡,饮料,咖啡,7.5,1
10,68g好丽友蛋黄派2枚,非饮料,饼干糕点,4.0,1
10,70g乐事薯片原味,非饮料,膨化食品,6.5,1
4,越南LIPO奶味面包干100g,非饮料,饼干糕点,8.0,1
4,诗竹竹纤维面巾纸,非饮料,纸巾,9.6,1
4,芬达330ml,饮料,碳酸饮料,2.5,1
4,脉动（青柠）,饮料,功能饮料,5.0,1
4,维他柠檬茶,饮料,茶饮料,7.0,1
10,500ml恒大冰泉矿泉水,饮料,水,2.5,1
5,130g果王玉带蚕豆,非饮料,坚果炒货,7.0,1
5,500ml营养快线原味,饮料,乳制品,4.5,1
5,145g果王迷你山楂包装,非饮料,蜜饯/果干,7.0,1
5,500ML宝矿力,饮料,功能饮料,5.5,1
5,480ml小茗同学冷泡溜溜哒茶,饮料,茶饮料,11.0,1
5,40g呀土豆薯片滋香烤鸡味,非饮料,膨化食品,4.5,1
10,250ml维他奶黑豆奶饮品,饮料,植物蛋白,3.0,1
10,250ml维他椰子植物蛋白饮料,饮料,植物蛋白,4.0,1
5,40g卫龙点心面黑椒牛排味,非饮料,肉干/豆制品/蛋,7.0,1
5,40g上好佳田园薯片番茄味,非饮料,膨化食品,4.5,1
5,40g上好佳日式鱼果,非饮料,膨化食品,4.5,1
5,260g马来西亚进口茱蒂丝口口香饼干,非饮料,饼干糕点,36.0,1
5,250ml维他奶黑豆奶饮品,饮料,植物蛋白,3.0,1
5,225g味之不规则饼干芝士味,非饮料,饼干糕点,10.0,1
5,205ml安慕希蓝莓味,饮料,乳制品,5.8,1
10,40g卫龙点心面黑椒牛排味,非饮料,肉干/豆制品/蛋,4.5,1
5,160g盼盼手撕面包,非饮料,饼干糕点,8.0,1
10,40g呀土豆番茄酱味,非饮料,膨化食品,4.0,1
5,150抽诗竹竹纤维面巾纸,非饮料,纸巾,4.8,1
5,150g洽洽原香瓜子,非饮料,坚果炒货,7.0,1
1,100g*5瓶益力多,饮料,乳制品,12.5,1
