商品,大类,二级类,销售额,订单量
怡宝纯净水,饮料,水,2618.0,999
脉动,饮料,功能饮料,3448.0,759
东鹏特饮,饮料,功能饮料,1936.0,525
阿萨姆奶茶,饮料,茶饮料,1964.0,456
营养快线,饮料,乳制品,1888.0,435
王老吉（罐）,饮料,茶饮料,1516.0,402
统一冰红茶,饮料,茶饮料,1341.0,394
果粒橙,饮料,果蔬饮料,1138.0,328
30g无穷农场盐_鸡蛋,非饮料,肉干/豆制品/蛋,871.5,274
芬达330ml,饮料,碳酸饮料,880.5,271
雪碧最新款,饮料,碳酸饮料,791.5,259
伊利优酸乳,饮料,乳制品,717.0,258
250ml维他柠檬茶,饮料,茶饮料,1062.0,253
统一绿茶,饮料,茶饮料,805.0,246
王老吉（500ml）,饮料,茶饮料,1110.0,238
红牛,饮料,功能饮料,1470.0,231
卫龙大面筋,非饮料,肉干/豆制品/蛋,665.0,221
可口可乐330ml,饮料,碳酸饮料,675.5,219
250ml维他原味豆奶,饮料,植物蛋白,813.0,217
20g咪咪虾条马来西亚风味,非饮料,膨化食品,352.8,184
怡宝,饮料,水,546.0,182
鸭翅,非饮料,肉干/豆制品/蛋,306.0,171
银鹭八宝粥,饮料,方便速食,665.5,166
40g双汇玉米热狗肠,非饮料,肉干/豆制品/蛋,341.0,158
13g无穷烤鸡小腿蜂蜜味,非饮料,肉干/豆制品/蛋,663.5,157
250ml燕塘原味酸奶,饮料,乳制品,683.5,134
250ml燕塘红枣牛奶,饮料,乳制品,619.0,129
250ml燕塘甜牛奶,饮料,乳制品,660.5,128
145ml旺仔牛奶盒装,饮料,乳制品,404.2,127
伊利纯牛奶,饮料,乳制品,402.5,127
32g卫龙亲嘴烧,非饮料,肉干/豆制品/蛋,331.2,125
可口可乐最新款,饮料,碳酸饮料,376.5,125
250ml红牛,饮料,功能饮料,903.5,116
小鱼仔,非饮料,海味零食,145.5,116
85g新麦潮北海道吐司,非饮料,饼干糕点,358.5,115
香豆干,非饮料,肉干/豆制品/蛋,148.0,115
86g合味道海鲜风味,非饮料,方便速食,735.0,110
85g统一老坛酸菜牛肉面,非饮料,方便速食,598.5,105
85g新麦潮手撕面包（提子味）,非饮料,饼干糕点,320.0,104
12g劲仔小鱼麻辣味,非饮料,肉干/豆制品/蛋,265.5,102
268ml雀巢咖啡丝滑拿铁,饮料,咖啡,618.0,95
熊字饼,非饮料,饼干糕点,316.5,90
雪碧（500ml）,饮料,碳酸饮料,289.0,82
500ml统一阿萨姆奶茶,饮料,茶饮料,443.0,80
维他奶,饮料,植物蛋白,234.5,79
阿萨姆煎茶奶绿,饮料,茶饮料,304.0,76
咪咪虾条马来西亚风味,非饮料,膨化食品,152.0,75
430g泰奇八宝粥,非饮料,方便速食,521.0,73
维他柠檬茶,饮料,茶饮料,358.5,73
口味王槟榔（绿）,非饮料,蜜饯/果干,710.0,71
茉莉蜜茶,饮料,茶饮料,211.5,70
雪碧330ml,饮料,碳酸饮料,226.0,70
2g韩国海牌海苔,非饮料,海味零食,185.0,69
600ml雪碧,饮料,碳酸饮料,219.1,68
香脆肠,非饮料,肉干/豆制品/蛋,108.0,65
330ml伊利畅意乳酸菌原味,饮料,乳制品,504.5,65
450ml美汁源果粒橙,饮料,果蔬饮料,289.5,61
58g丽芝士纳宝帝奶酪威化饼干,非饮料,饼干糕点,188.0,61
可口可乐（500ml）,饮料,碳酸饮料,196.0,60
冰糖雪梨,饮料,果蔬饮料,180.0,59
55g奥利奥原味芝士饼干,非饮料,饼干糕点,258.0,58
600ml可口可乐,饮料,碳酸饮料,215.5,56
52g旺旺仙贝,非饮料,膨化食品,279.0,54
78g卫龙亲嘴语辣条,非饮料,肉干/豆制品/蛋,251.0,53
250ml维他奶巧克力味,饮料,植物蛋白,187.8,53
70g乖媳妇野山泡椒凤爪,非饮料,肉干/豆制品/蛋,214.0,52
500ml加多宝,饮料,茶饮料,267.5,52
205g伊利安慕希原味,饮料,乳制品,378.5,51
85g嘉士利果乐果香夹心饼干蓝莓味,非饮料,饼干糕点,229.5,49
75g新麦潮天然酵母面包（北海道牛奶风味）,非饮料,饼干糕点,136.5,48
20g马来西亚风味咪咪蟹味粒0219,非饮料,膨化食品,80.8,44
口味王槟榔（红）,非饮料,蜜饯/果干,645.0,43
600ml脉动青柠,饮料,功能饮料,211.5,41
印尼芝士威化饼干,非饮料,饼干糕点,121.0,40
双汇玉米热狗肠,非饮料,肉干/豆制品/蛋,112.0,39
维他原味豆奶,饮料,植物蛋白,196.0,39
无穷农场盐_鸡蛋,非饮料,肉干/豆制品/蛋,114.0,39
160g盼盼手撕面包,非饮料,饼干糕点,265.0,38
好吃点小饼干,非饮料,饼干糕点,38.5,38
45g双汇泡面拍挡,非饮料,肉干/豆制品/蛋,84.0,38
480ml小茗同学冷泡青柠红茶,饮料,茶饮料,236.5,37
32g卫龙亲嘴烧红烧牛肉味,非饮料,肉干/豆制品/蛋,124.2,37
68g好丽友巧克力派2枚,非饮料,饼干糕点,197.0,37
150g健能酸奶原味,饮料,乳制品,198.0,37
37.5g费列罗榛果威化巧克力3颗,非饮料,糖果/巧克力,416.0,36
91g徐福记凤梨酥,非饮料,饼干糕点,240.5,35
芙蓉王,非饮料,香烟,846.0,34
合味道（海鲜风味）,非饮料,方便速食,294.0,33
100g*5瓶益力多,饮料,乳制品,584.5,33
110g顺宝九制话梅,非饮料,蜜饯/果干,146.8,32
500ml农夫果园 (芒果+菠萝+番石榴),饮料,果蔬饮料,163.0,32
乐虎,饮料,功能饮料,143.5,31
雀巢咖啡,饮料,咖啡,250.5,30
65g卫龙亲嘴豆皮,非饮料,肉干/豆制品/蛋,161.5,30
30g元朗小蛋卷,非饮料,饼干糕点,90.0,30
40g乐事美国经典原味,非饮料,膨化食品,144.0,30
可乐可乐,饮料,碳酸饮料,125.5,29
燕塘原味酸奶,饮料,乳制品,130.5,29
统一来一桶香辣老坛酸菜牛肉面,非饮料,方便速食,209.0,29
225g味之不规则饼干芝士味,非饮料,饼干糕点,275.0,29
55g奥利奥原味夹心饼干,非饮料,饼干糕点,143.5,28
80g四洲粟一烧烧烤味,非饮料,膨化食品,218.0,28
48g好丽友薯愿香烤原味,非饮料,膨化食品,146.0,27
丽芝士纳宝帝奶酪威化饼干,非饮料,饼干糕点,94.5,27
日式鱼果,非饮料,膨化食品,108.5,27
美汁源果粒橙,饮料,果蔬饮料,119.5,26
40g乐事薯片黄瓜味,非饮料,膨化食品,126.0,26
260g马来西亚进口茱蒂丝口口香饼干,非饮料,饼干糕点,1044.0,26
188g澳门永辉鸡仔饼,非饮料,饼干糕点,884.0,26
250ml维他奶低糖原味,饮料,植物蛋白,83.4,26
500ml康师傅冰糖雪梨,饮料,果蔬饮料,91.0,24
椰树牌椰汁,饮料,植物蛋白,108.0,24
康师傅矿泉水,饮料,水,30.11,24
好吃点,非饮料,饼干糕点,97.5,23
148g富甲一方紫薯仔,非饮料,蜜饯/果干,149.5,23
250ml统一麦香奶茶,饮料,茶饮料,117.5,23
尖叫,饮料,功能饮料,93.0,22
370g泰奇八宝粥,非饮料,方便速食,131.0,22
50g上好佳日式鱼果,非饮料,膨化食品,110.5,22
250ml王老吉盒装,饮料,茶饮料,77.5,22
燕塘甜牛奶,饮料,乳制品,108.0,21
50g上好佳田园薯片番茄味,非饮料,膨化食品,94.5,21
诗竹竹纤维面巾纸,非饮料,纸巾,139.2,21
劲仔小鱼（麻辣味）,非饮料,肉干/豆制品/蛋,101.5,21
40g呀土豆薯片滋香烤鸡味,非饮料,膨化食品,102.5,20
250ML东鹏特饮,饮料,功能饮料,102.0,20
40g上好佳日式鱼果,非饮料,膨化食品,84.0,20
凤爪,非饮料,肉干/豆制品/蛋,46.5,19
乐事薯片（黄瓜味）,非饮料,膨化食品,151.0,19
180ml雀巢咖啡罐装,饮料,咖啡,117.0,19
奥利奥原味芝士,非饮料,饼干糕点,80.0,19
手撕素肉排,非饮料,肉干/豆制品/蛋,22.0,19
泰奇八宝粥,非饮料,方便速食,126.0,18
脉动（青柠）,饮料,功能饮料,150.0,18
150g洽洽原香瓜子,非饮料,坚果炒货,128.5,17
86g合味道浓猪骨味,非饮料,方便速食,107.0,17
80g香飘飘椰果奶茶麦香味,饮料,茶饮料,76.0,17
40g乐事薯片墨西哥鸡汁番茄味,非饮料,膨化食品,87.0,17
韩国海牌海苔,非饮料,海味零食,86.4,17
旺仔牛奶145ml,饮料,乳制品,84.0,16
80g香飘飘椰果奶茶原味,饮料,茶饮料,94.5,16
燕塘红枣牛奶,饮料,乳制品,99.0,16
10g卫龙亲嘴烧香辣味,非饮料,肉干/豆制品/蛋,36.3,16
无穷烤鸡小腿（蜂蜜）,非饮料,肉干/豆制品/蛋,54.0,15
70g乐事薯片黄瓜味,非饮料,膨化食品,108.0,15
百事可乐500ml,饮料,碳酸饮料,46.5,15
150抽诗竹竹纤维面巾纸,非饮料,纸巾,76.8,15
34g公仔迷你杯牛肉味,非饮料,方便速食,77.0,15
味之不规则饼干（芝士味）,非饮料,饼干糕点,150.0,15
123gUFO炒面XO酱海鲜风味,非饮料,方便速食,108.5,14
70g乐事薯片原味,非饮料,膨化食品,88.0,14
100g果王咸柑桔罐装,非饮料,蜜饯/果干,89.5,14
湘潭铺子(羽泉版),非饮料,蜜饯/果干,140.0,14
180g统一满汉全席台式半筋半肉牛肉面,非饮料,方便速食,515.0,14
12g劲仔小鱼卤香味,非饮料,肉干/豆制品/蛋,25.0,13
维他柠檬茶330ml（罐）,饮料,茶饮料,39.0,13
劲仔小鱼（卤香味）,非饮料,肉干/豆制品/蛋,31.5,13
68g好丽友蛋黄派2枚,非饮料,饼干糕点,58.5,13
小茗同学,饮料,茶饮料,60.0,12
统一阿萨姆奶茶,饮料,茶饮料,66.0,12
旺仔牛奶,饮料,乳制品,61.62,12
40g呀土豆番茄酱味,非饮料,膨化食品,54.0,12
130g果王玉带蚕豆,非饮料,坚果炒货,78.1,12
70g乐事薯片（黄瓜味）,非饮料,膨化食品,67.0,11
250ml维他椰子植物蛋白饮料,饮料,植物蛋白,80.0,11
103g康师傅红烧牛肉面,非饮料,方便速食,77.0,11
250ml维他椰子味豆奶7716,饮料,植物蛋白,30.0,11
145ml旺仔牛奶罐装,饮料,乳制品,45.0,11
卫龙亲嘴烧红烧牛肉味,非饮料,肉干/豆制品/蛋,42.0,11
维他奶（巧克力味）,饮料,植物蛋白,80.5,10
上好佳田园薯片,非饮料,膨化食品,40.5,10
5片装益达绿箭口香糖,非饮料,糖果/巧克力,20.0,10
迷你纸巾,非饮料,纸巾,10.0,10
冰红茶（罐）,饮料,茶饮料,27.0,10
145g果王迷你山楂包装,非饮料,蜜饯/果干,58.0,10
加多宝,饮料,茶饮料,48.5,10
越南LIPO奶味面包干100g,非饮料,饼干糕点,64.0,8
480ml小茗同学冷泡溜溜哒茶,饮料,茶饮料,43.5,8
50g双层百力滋奶咖味,非饮料,饼干糕点,40.5,8
雪碧,饮料,碳酸饮料,31.5,8
和成天下（黄）,非饮料,香烟,80.0,8
50g马赛克手撕鱿鱼条,非饮料,海味零食,72.0,8
美年达（罐）,饮料,碳酸饮料,18.5,7
83g汤达人酸辣豚骨拉面,非饮料,方便速食,52.0,7
怡宝矿泉水,饮料,水,14.0,7
新麦潮天然酵母面包（牛奶风味）,非饮料,饼干糕点,28.0,7
顺宝九制梅,非饮料,蜜饯/果干,35.0,7
40g卫龙点心面黑椒牛排味,非饮料,肉干/豆制品/蛋,51.0,7
农夫果园,饮料,果蔬饮料,49.5,7
鸡爪,非饮料,肉干/豆制品/蛋,12.0,6
50g双层百力滋特浓番茄味,非饮料,饼干糕点,27.0,6
32g卫龙亲嘴烧川香味,非饮料,肉干/豆制品/蛋,19.8,6
盼盼手撕面包,非饮料,饼干糕点,24.0,6
乐虎（380ml）,饮料,功能饮料,26.0,6
117gUFO炒面铁板色拉鱿鱼风味,非饮料,方便速食,45.5,6
卫龙亲嘴烧麦辣鸡汁味,非饮料,肉干/豆制品/蛋,22.5,6
小茗同学冷泡茶（乳酸菌味）,饮料,茶饮料,30.0,5
80g马赛克香蕉片,非饮料,蜜饯/果干,35.0,5
珠江纯生啤酒,饮料,功能饮料,25.0,5
55g奥利奥迷你杯夹心小饼干杯装原味,非饮料,饼干糕点,27.5,5
34g公仔迷你杯风味排骨味,非饮料,方便速食,16.5,5
205ml安慕希蓝莓味,饮料,乳制品,40.6,5
500ml营养快线原味,饮料,乳制品,31.5,5
13g雀巢咖啡1+2特浓,饮料,咖啡,30.0,5
107g出前一丁桶面酱香牛肉王,非饮料,方便速食,36.0,4
益力多100g*5瓶,饮料,乳制品,50.5,4
500ml统一冰糖雪梨,饮料,果蔬饮料,13.5,4
20g咩咩世界虾味条,非饮料,膨化食品,8.0,4
250ml香满楼纯牛奶,饮料,乳制品,17.5,4
500ML宝矿力,饮料,功能饮料,22.0,4
40g盼盼手撕面包,非饮料,饼干糕点,10.0,4
68g多力多玉米片爆香热辣味,非饮料,膨化食品,40.0,4
220g宝丰龙龟苓膏,非饮料,果冻/龟苓膏,18.0,4
安慕希酸奶,饮料,乳制品,21.0,4
78g合味道杯面香菇炖鸡风味,非饮料,方便速食,24.0,4
四洲粟一烧烧烤味,非饮料,膨化食品,36.0,4
乖媳妇野山椒风爪,非饮料,肉干/豆制品/蛋,8.41,3
乐事薯片（青柠）,非饮料,膨化食品,40.0,3
口味王槟榔（绿色）,非饮料,蜜饯/果干,30.0,3
40g上好佳田园薯片番茄味,非饮料,膨化食品,13.5,3
天地一号,饮料,果蔬饮料,15.0,3
12g劲仔小鱼（香辣味）,非饮料,肉干/豆制品/蛋,4.5,3
可口可乐330ml（罐）,饮料,碳酸饮料,7.5,3
小茗同学（青柠红茶）,饮料,茶饮料,24.0,3
70g乐事薯片（原味）,非饮料,膨化食品,17.5,3
汤达人方便面,非饮料,方便速食,13.0,3
250ml维他奶黑豆奶饮品,饮料,植物蛋白,9.0,3
优益C活菌型乳酸菌饮品,饮料,乳制品,14.0,2
330ml伊利畅意乳酸菌草莓味,饮料,乳制品,12.0,2
10g越南LIPO奶味面包干0015,非饮料,饼干糕点,2.5,2
100g卫龙点心面黑椒牛排味,非饮料,肉干/豆制品/蛋,11.6,2
40g上好佳田园薯片,非饮料,膨化食品,9.0,2
脉动（椰子菠萝口味）,饮料,功能饮料,15.0,2
80g盼盼手撕面包,非饮料,饼干糕点,8.0,2
雪力矿泉水,饮料,水,4.0,2
健能酸奶,饮料,乳制品,11.0,2
咪咪,非饮料,膨化食品,2.0,2
百事可乐330ml,饮料,碳酸饮料,5.0,2
新麦潮天然酵母面包（良品铺子）,非饮料,饼干糕点,8.0,2
新麦潮北海道吐司,非饮料,饼干糕点,7.0,2
维他奶黑豆奶饮品,饮料,植物蛋白,7.0,2
拿铁咖啡（统一）,饮料,咖啡,11.0,2
500ml恒大冰泉矿泉水,饮料,水,7.5,2
多力多滋（热辣味）,非饮料,膨化食品,37.5,2
娃哈哈红枣酸奶,饮料,乳制品,7.0,2
利群（硬）,非饮料,香烟,15.0,1
100g越南LIPO奶味面包干,非饮料,饼干糕点,8.0,1
70g乐事薯片青柠味,非饮料,膨化食品,8.0,1
20g洽洽每日坚果,非饮料,坚果炒货,11.0,1
75g达利园柠檬蛋糕,非饮料,饼干糕点,4.5,1
78g卫龙亲语,非饮料,肉干/豆制品/蛋,4.5,1
10g越南LIPO奶味面包干,非饮料,饼干糕点,1.0,1
多芙利香草奶油味蛋糕,非饮料,饼干糕点,6.0,1
劲仔小鱼,非饮料,肉干/豆制品/蛋,1.5,1
商品36,非饮料,其他,4.0,1
和成天下（红）,非饮料,香烟,15.0,1
味之不规则饼干（番茄味）,非饮料,饼干糕点,10.0,1
合味道（浓猪骨）,非饮料,方便速食,7.0,1
250ml维他椰子植物蛋白饮料9374,饮料,植物蛋白,4.0,1
芦荟汁,饮料,果蔬饮料,6.0,1
新麦潮手撕面包（提子味）,非饮料,饼干糕点,10.5,1
劲仔小鱼（香辣味）,非饮料,肉干/豆制品/蛋,1.5,1
