季节（C）,商品,大类,二级类,销售额,订单量
4,怡宝纯净水,饮料,水,1194.0,460
4,脉动,饮料,功能饮料,1573.0,348
3,怡宝纯净水,饮料,水,906.5,341
4,东鹏特饮,饮料,功能饮料,925.5,252
3,脉动,饮料,功能饮料,1074.0,233
4,阿萨姆奶茶,饮料,茶饮料,939.0,219
4,统一冰红茶,饮料,茶饮料,714.5,209
4,营养快线,饮料,乳制品,897.5,209
4,王老吉（罐）,饮料,茶饮料,740.5,197
4,果粒橙,饮料,果蔬饮料,542.0,159
2,怡宝纯净水,饮料,水,381.0,146
3,东鹏特饮,饮料,功能饮料,539.5,146
3,阿萨姆奶茶,饮料,茶饮料,618.0,142
4,统一绿茶,饮料,茶饮料,423.0,130
4,雪碧最新款,饮料,碳酸饮料,381.0,125
2,脉动,饮料,功能饮料,544.0,121
4,可口可乐330ml,饮料,碳酸饮料,365.5,119
3,王老吉（罐）,饮料,茶饮料,433.0,116
4,红牛,饮料,功能饮料,697.5,115
4,伊利优酸乳,饮料,乳制品,320.5,113
4,250ml维他柠檬茶,饮料,茶饮料,489.0,113
4,王老吉（500ml）,饮料,茶饮料,522.0,112
3,营养快线,饮料,乳制品,472.0,108
3,果粒橙,饮料,果蔬饮料,369.0,107
4,芬达330ml,饮料,碳酸饮料,344.0,105
4,30g无穷农场盐_鸡蛋,非饮料,肉干/豆制品/蛋,335.5,105
4,卫龙大面筋,非饮料,肉干/豆制品/蛋,311.0,103
3,芬达330ml,饮料,碳酸饮料,330.5,102
3,统一冰红茶,饮料,茶饮料,343.0,100
2,东鹏特饮,饮料,功能饮料,361.5,97
3,伊利优酸乳,饮料,乳制品,261.0,94
4,银鹭八宝粥,饮料,方便速食,376.5,94
2,250ml维他柠檬茶,饮料,茶饮料,365.0,93
2,20g咪咪虾条马来西亚风味,非饮料,膨化食品,169.2,92
4,鸭翅,非饮料,肉干/豆制品/蛋,167.0,92
3,雪碧最新款,饮料,碳酸饮料,275.0,90
2,营养快线,饮料,乳制品,386.5,88
2,250ml维他原味豆奶,饮料,植物蛋白,360.8,88
2,30g无穷农场盐_鸡蛋,非饮料,肉干/豆制品/蛋,277.5,82
4,250ml维他原味豆奶,饮料,植物蛋白,279.8,81
4,13g无穷烤鸡小腿蜂蜜味,非饮料,肉干/豆制品/蛋,348.5,81
3,30g无穷农场盐_鸡蛋,非饮料,肉干/豆制品/蛋,227.0,79
3,卫龙大面筋,非饮料,肉干/豆制品/蛋,219.0,73
4,20g咪咪虾条马来西亚风味,非饮料,膨化食品,147.6,71
2,王老吉（罐）,饮料,茶饮料,274.0,71
2,40g双汇玉米热狗肠,非饮料,肉干/豆制品/蛋,147.0,69
4,可口可乐最新款,饮料,碳酸饮料,207.0,68
3,红牛,饮料,功能饮料,481.0,68
4,伊利纯牛奶,饮料,乳制品,205.5,65
2,阿萨姆奶茶,饮料,茶饮料,270.0,64
3,可口可乐330ml,饮料,碳酸饮料,197.5,63
2,统一冰红茶,饮料,茶饮料,208.5,63
3,统一绿茶,饮料,茶饮料,208.0,63
3,怡宝,饮料,水,186.0,62
4,145ml旺仔牛奶盒装,饮料,乳制品,168.0,60
3,王老吉（500ml）,饮料,茶饮料,285.0,60
4,250ml燕塘甜牛奶,饮料,乳制品,322.5,59
4,250ml燕塘红枣牛奶,饮料,乳制品,278.0,59
1,脉动,饮料,功能饮料,257.0,57
4,怡宝,饮料,水,165.0,55
4,香豆干,非饮料,肉干/豆制品/蛋,68.5,54
4,40g双汇玉米热狗肠,非饮料,肉干/豆制品/蛋,118.5,54
4,小鱼仔,非饮料,海味零食,64.0,52
4,32g卫龙亲嘴烧,非饮料,肉干/豆制品/蛋,135.0,52
1,怡宝纯净水,饮料,水,136.5,52
2,王老吉（500ml）,饮料,茶饮料,230.5,51
4,250ml红牛,饮料,功能饮料,352.5,48
4,268ml雀巢咖啡丝滑拿铁,饮料,咖啡,330.5,48
4,250ml燕塘原味酸奶,饮料,乳制品,215.5,48
2,85g新麦潮北海道吐司,非饮料,饼干糕点,145.5,46
4,维他奶,饮料,植物蛋白,137.5,46
4,熊字饼,非饮料,饼干糕点,159.0,46
2,250ml燕塘原味酸奶,饮料,乳制品,254.5,45
4,85g新麦潮北海道吐司,非饮料,饼干糕点,137.0,44
4,86g合味道海鲜风味,非饮料,方便速食,277.5,44
2,13g无穷烤鸡小腿蜂蜜味,非饮料,肉干/豆制品/蛋,202.5,44
3,香豆干,非饮料,肉干/豆制品/蛋,57.0,44
2,芬达330ml,饮料,碳酸饮料,138.0,43
2,250ml红牛,饮料,功能饮料,348.0,42
3,250ml维他柠檬茶,饮料,茶饮料,182.0,42
3,银鹭八宝粥,饮料,方便速食,168.5,42
2,86g合味道海鲜风味,非饮料,方便速食,281.0,41
2,85g新麦潮手撕面包（提子味）,非饮料,饼干糕点,116.5,41
3,250ml维他原味豆奶,饮料,植物蛋白,146.4,40
4,85g统一老坛酸菜牛肉面,非饮料,方便速食,229.0,40
4,冰糖雪梨,饮料,果蔬饮料,118.0,39
4,香脆肠,非饮料,肉干/豆制品/蛋,64.0,39
2,250ml燕塘红枣牛奶,饮料,乳制品,204.5,39
2,伊利优酸乳,饮料,乳制品,100.0,39
1,怡宝,饮料,水,114.0,38
2,85g统一老坛酸菜牛肉面,非饮料,方便速食,221.0,38
4,12g劲仔小鱼麻辣味,非饮料,肉干/豆制品/蛋,94.5,38
4,阿萨姆煎茶奶绿,饮料,茶饮料,152.0,38
4,茉莉蜜茶,饮料,茶饮料,115.0,38
2,12g劲仔小鱼麻辣味,非饮料,肉干/豆制品/蛋,99.0,37
2,250ml燕塘甜牛奶,饮料,乳制品,197.5,37
4,维他柠檬茶,饮料,茶饮料,185.0,37
2,鸭翅,非饮料,肉干/豆制品/蛋,62.0,36
2,统一绿茶,饮料,茶饮料,119.0,36
4,500ml统一阿萨姆奶茶,饮料,茶饮料,175.0,36
3,小鱼仔,非饮料,海味零食,44.5,36
3,可口可乐最新款,饮料,碳酸饮料,104.5,35
4,雪碧（500ml）,饮料,碳酸饮料,125.5,35
3,32g卫龙亲嘴烧,非饮料,肉干/豆制品/蛋,91.8,35
2,32g卫龙亲嘴烧,非饮料,肉干/豆制品/蛋,95.4,34
2,红牛,饮料,功能饮料,207.0,34
3,伊利纯牛奶,饮料,乳制品,108.0,34
2,果粒橙,饮料,果蔬饮料,119.0,33
4,可口可乐（500ml）,饮料,碳酸饮料,105.0,33
3,鸭翅,非饮料,肉干/豆制品/蛋,57.0,33
4,口味王槟榔（绿）,非饮料,蜜饯/果干,320.0,32
4,330ml伊利畅意乳酸菌原味,饮料,乳制品,239.5,32
3,熊字饼,非饮料,饼干糕点,115.0,32
3,145ml旺仔牛奶盒装,饮料,乳制品,104.5,32
2,咪咪虾条马来西亚风味,非饮料,膨化食品,68.8,32
1,阿萨姆奶茶,饮料,茶饮料,136.5,31
4,雪碧330ml,饮料,碳酸饮料,97.5,31
4,430g泰奇八宝粥,非饮料,方便速食,227.5,31
4,85g新麦潮手撕面包（提子味）,非饮料,饼干糕点,96.5,31
2,2g韩国海牌海苔,非饮料,海味零食,68.3,31
2,可口可乐330ml,饮料,碳酸饮料,90.0,30
3,口味王槟榔（绿）,非饮料,蜜饯/果干,300.0,30
2,145ml旺仔牛奶盒装,饮料,乳制品,118.5,30
1,营养快线,饮料,乳制品,132.5,30
4,咪咪虾条马来西亚风味,非饮料,膨化食品,58.4,30
1,东鹏特饮,饮料,功能饮料,109.5,30
1,果粒橙,饮料,果蔬饮料,108.0,29
3,40g双汇玉米热狗肠,非饮料,肉干/豆制品/蛋,64.5,29
4,2g韩国海牌海苔,非饮料,海味零食,91.06,29
2,600ml雪碧,饮料,碳酸饮料,97.0,29
2,卫龙大面筋,非饮料,肉干/豆制品/蛋,84.0,28
3,250ml燕塘原味酸奶,饮料,乳制品,147.5,27
2,雪碧（500ml）,饮料,碳酸饮料,86.5,27
2,雪碧最新款,饮料,碳酸饮料,83.5,27
2,怡宝,饮料,水,81.0,27
3,阿萨姆煎茶奶绿,饮料,茶饮料,104.0,26
4,55g奥利奥原味芝士饼干,非饮料,饼干糕点,113.5,26
3,13g无穷烤鸡小腿蜂蜜味,非饮料,肉干/豆制品/蛋,91.5,26
4,58g丽芝士纳宝帝奶酪威化饼干,非饮料,饼干糕点,84.5,26
4,600ml雪碧,饮料,碳酸饮料,83.1,26
4,600ml可口可乐,饮料,碳酸饮料,99.0,25
2,伊利纯牛奶,饮料,乳制品,78.5,25
2,银鹭八宝粥,饮料,方便速食,100.0,25
3,维他奶,饮料,植物蛋白,70.5,24
2,268ml雀巢咖啡丝滑拿铁,饮料,咖啡,143.0,24
3,85g新麦潮手撕面包（提子味）,非饮料,饼干糕点,77.5,24
3,85g统一老坛酸菜牛肉面,非饮料,方便速食,133.5,24
4,52g旺旺仙贝,非饮料,膨化食品,126.0,24
3,250ml燕塘甜牛奶,饮料,乳制品,109.0,24
4,250ml维他奶巧克力味,饮料,植物蛋白,88.5,23
3,12g劲仔小鱼麻辣味,非饮料,肉干/豆制品/蛋,63.0,23
4,印尼芝士威化饼干,非饮料,饼干糕点,70.0,23
3,268ml雀巢咖啡丝滑拿铁,饮料,咖啡,144.5,23
4,205g伊利安慕希原味,饮料,乳制品,130.5,22
2,20g马来西亚风味咪咪蟹味粒0219,非饮料,膨化食品,44.8,22
3,500ml统一阿萨姆奶茶,饮料,茶饮料,133.0,22
3,86g合味道海鲜风味,非饮料,方便速食,158.5,22
4,450ml美汁源果粒橙,饮料,果蔬饮料,102.5,22
3,250ml燕塘红枣牛奶,饮料,乳制品,96.0,22
1,统一冰红茶,饮料,茶饮料,75.0,22
4,78g卫龙亲嘴语辣条,非饮料,肉干/豆制品/蛋,100.5,22
4,85g嘉士利果乐果香夹心饼干蓝莓味,非饮料,饼干糕点,103.5,22
3,85g新麦潮北海道吐司,非饮料,饼干糕点,65.5,21
2,450ml美汁源果粒橙,饮料,果蔬饮料,110.0,21
1,芬达330ml,饮料,碳酸饮料,68.0,21
4,70g乖媳妇野山泡椒凤爪,非饮料,肉干/豆制品/蛋,82.0,20
4,维他原味豆奶,饮料,植物蛋白,80.5,20
4,口味王槟榔（红）,非饮料,蜜饯/果干,300.0,20
3,250ml红牛,饮料,功能饮料,158.5,20
4,芙蓉王,非饮料,香烟,500.0,20
3,430g泰奇八宝粥,非饮料,方便速食,139.5,20
4,150g健能酸奶原味,饮料,乳制品,109.0,20
2,500ml加多宝,饮料,茶饮料,112.5,20
4,480ml小茗同学冷泡青柠红茶,饮料,茶饮料,122.0,19
3,雪碧330ml,饮料,碳酸饮料,64.5,19
2,500ml统一阿萨姆奶茶,饮料,茶饮料,110.0,19
2,52g旺旺仙贝,非饮料,膨化食品,99.0,19
2,58g丽芝士纳宝帝奶酪威化饼干,非饮料,饼干糕点,56.5,19
2,205g伊利安慕希原味,饮料,乳制品,188.5,19
2,雪碧330ml,饮料,碳酸饮料,57.0,18
1,王老吉（罐）,饮料,茶饮料,69.0,18
3,20g咪咪虾条马来西亚风味,非饮料,膨化食品,31.8,18
3,口味王槟榔（红）,非饮料,蜜饯/果干,270.0,18
4,160g盼盼手撕面包,非饮料,饼干糕点,124.0,18
2,可口可乐（500ml）,饮料,碳酸饮料,62.0,18
2,330ml伊利畅意乳酸菌原味,饮料,乳制品,161.5,18
4,双汇玉米热狗肠,非饮料,肉干/豆制品/蛋,64.0,18
4,好吃点小饼干,非饮料,饼干糕点,18.0,18
4,45g双汇泡面拍挡,非饮料,肉干/豆制品/蛋,37.5,17
2,430g泰奇八宝粥,非饮料,方便速食,122.5,17
2,250ml维他奶巧克力味,饮料,植物蛋白,49.5,17
2,85g嘉士利果乐果香夹心饼干蓝莓味,非饮料,饼干糕点,81.0,17
1,卫龙大面筋,非饮料,肉干/豆制品/蛋,51.0,17
1,雪碧最新款,饮料,碳酸饮料,52.0,17
2,75g新麦潮天然酵母面包（北海道牛奶风味）,非饮料,饼干糕点,44.0,17
2,维他柠檬茶,饮料,茶饮料,97.0,17
1,统一绿茶,饮料,茶饮料,55.0,17
2,70g乖媳妇野山泡椒凤爪,非饮料,肉干/豆制品/蛋,79.5,17
4,500ml加多宝,饮料,茶饮料,90.0,17
4,燕塘原味酸奶,饮料,乳制品,76.5,17
2,37.5g费列罗榛果威化巧克力3颗,非饮料,糖果/巧克力,194.4,16
3,雪碧（500ml）,饮料,碳酸饮料,63.0,16
4,统一来一桶香辣老坛酸菜牛肉面,非饮料,方便速食,121.0,16
2,55g奥利奥原味芝士饼干,非饮料,饼干糕点,73.0,16
3,75g新麦潮天然酵母面包（北海道牛奶风味）,非饮料,饼干糕点,46.5,16
4,68g好丽友巧克力派2枚,非饮料,饼干糕点,83.5,16
4,雀巢咖啡,饮料,咖啡,115.5,16
4,32g卫龙亲嘴烧红烧牛肉味,非饮料,肉干/豆制品/蛋,63.0,16
2,小鱼仔,非饮料,海味零食,17.5,15
4,无穷农场盐_鸡蛋,非饮料,肉干/豆制品/蛋,46.5,15
2,45g双汇泡面拍挡,非饮料,肉干/豆制品/蛋,36.0,15
3,茉莉蜜茶,饮料,茶饮料,45.0,15
2,40g乐事美国经典原味,非饮料,膨化食品,76.5,15
1,王老吉（500ml）,饮料,茶饮料,72.0,15
2,600ml可口可乐,饮料,碳酸饮料,52.5,15
4,100g*5瓶益力多,饮料,乳制品,286.0,15
2,600ml脉动青柠,饮料,功能饮料,76.5,15
2,68g好丽友巧克力派2枚,非饮料,饼干糕点,77.5,15
4,乐虎,饮料,功能饮料,65.0,14
1,红牛,饮料,功能饮料,84.0,14
4,91g徐福记凤梨酥,非饮料,饼干糕点,104.0,14
4,500ml农夫果园 (芒果+菠萝+番石榴),饮料,果蔬饮料,70.0,14
2,110g顺宝九制话梅,非饮料,蜜饯/果干,64.0,14
4,20g马来西亚风味咪咪蟹味粒0219,非饮料,膨化食品,20.6,14
3,450ml美汁源果粒橙,饮料,果蔬饮料,53.0,14
4,可乐可乐,饮料,碳酸饮料,55.5,14
4,合味道（海鲜风味）,非饮料,方便速食,105.0,14
3,70g乖媳妇野山泡椒凤爪,非饮料,肉干/豆制品/蛋,49.0,14
1,250ml燕塘原味酸奶,饮料,乳制品,66.0,14
2,合味道（海鲜风味）,非饮料,方便速食,147.0,14
2,美汁源果粒橙,饮料,果蔬饮料,63.5,13
4,日式鱼果,非饮料,膨化食品,52.5,13
2,无穷农场盐_鸡蛋,非饮料,肉干/豆制品/蛋,35.0,13
3,600ml可口可乐,饮料,碳酸饮料,50.0,13
4,225g味之不规则饼干芝士味,非饮料,饼干糕点,123.0,13
3,30g元朗小蛋卷,非饮料,饼干糕点,32.5,13
4,500ml康师傅冰糖雪梨,饮料,果蔬饮料,44.5,13
3,500ml加多宝,饮料,茶饮料,57.0,13
4,75g新麦潮天然酵母面包（北海道牛奶风味）,非饮料,饼干糕点,38.5,13
1,小鱼仔,非饮料,海味零食,19.5,13
4,600ml脉动青柠,饮料,功能饮料,63.5,13
4,65g卫龙亲嘴豆皮,非饮料,肉干/豆制品/蛋,67.5,13
2,可口可乐最新款,饮料,碳酸饮料,38.0,13
4,48g好丽友薯愿香烤原味,非饮料,膨化食品,71.0,13
3,600ml脉动青柠,饮料,功能饮料,67.0,12
4,110g顺宝九制话梅,非饮料,蜜饯/果干,55.2,12
4,50g上好佳日式鱼果,非饮料,膨化食品,52.0,12
2,丽芝士纳宝帝奶酪威化饼干,非饮料,饼干糕点,42.0,12
2,乐事薯片（黄瓜味）,非饮料,膨化食品,95.0,12
3,55g奥利奥原味芝士饼干,非饮料,饼干糕点,55.5,12
4,手撕素肉排,非饮料,肉干/豆制品/蛋,13.7,12
3,91g徐福记凤梨酥,非饮料,饼干糕点,78.0,12
1,香脆肠,非饮料,肉干/豆制品/蛋,21.5,12
2,双汇玉米热狗肠,非饮料,肉干/豆制品/蛋,28.0,12
1,伊利优酸乳,饮料,乳制品,35.5,12
3,冰糖雪梨,饮料,果蔬饮料,36.0,12
4,250ML东鹏特饮,饮料,功能饮料,55.5,12
2,480ml小茗同学冷泡青柠红茶,饮料,茶饮料,84.0,12
2,80g四洲粟一烧烧烤味,非饮料,膨化食品,97.0,12
2,日式鱼果,非饮料,膨化食品,44.0,11
3,250ml维他奶巧克力味,饮料,植物蛋白,44.3,11
2,香豆干,非饮料,肉干/豆制品/蛋,15.5,11
3,78g卫龙亲嘴语辣条,非饮料,肉干/豆制品/蛋,53.0,11
2,茉莉蜜茶,饮料,茶饮料,33.5,11
2,诗竹竹纤维面巾纸,非饮料,纸巾,86.44,11
3,160g盼盼手撕面包,非饮料,饼干糕点,75.0,11
2,48g好丽友薯愿香烤原味,非饮料,膨化食品,55.0,11
4,180ml雀巢咖啡罐装,饮料,咖啡,76.5,11
2,500ml农夫果园 (芒果+菠萝+番石榴),饮料,果蔬饮料,57.0,11
3,香脆肠,非饮料,肉干/豆制品/蛋,18.5,11
2,370g泰奇八宝粥,非饮料,方便速食,67.0,11
4,80g四洲粟一烧烧烤味,非饮料,膨化食品,86.0,11
2,260g马来西亚进口茱蒂丝口口香饼干,非饮料,饼干糕点,396.0,11
4,椰树牌椰汁,饮料,植物蛋白,49.5,11
2,78g卫龙亲嘴语辣条,非饮料,肉干/豆制品/蛋,55.5,11
2,148g富甲一方紫薯仔,非饮料,蜜饯/果干,71.5,11
3,150g健能酸奶原味,饮料,乳制品,43.0,10
4,250ml王老吉盒装,饮料,茶饮料,25.0,10
3,芙蓉王,非饮料,香烟,250.0,10
2,阿萨姆煎茶奶绿,饮料,茶饮料,40.0,10
4,凤爪,非饮料,肉干/豆制品/蛋,24.5,10
4,250ml维他奶低糖原味,饮料,植物蛋白,32.8,10
4,250ml统一麦香奶茶,饮料,茶饮料,62.5,10
2,熊字饼,非饮料,饼干糕点,35.5,10
4,丽芝士纳宝帝奶酪威化饼干,非饮料,饼干糕点,35.0,10
1,鸭翅,非饮料,肉干/豆制品/蛋,20.0,10
4,188g澳门永辉鸡仔饼,非饮料,饼干糕点,340.0,10
3,600ml雪碧,饮料,碳酸饮料,30.1,10
3,330ml伊利畅意乳酸菌原味,饮料,乳制品,73.0,10
2,32g卫龙亲嘴烧红烧牛肉味,非饮料,肉干/豆制品/蛋,25.2,10
2,维他原味豆奶,饮料,植物蛋白,66.5,10
3,85g嘉士利果乐果香夹心饼干蓝莓味,非饮料,饼干糕点,45.0,10
4,80g香飘飘椰果奶茶麦香味,饮料,茶饮料,45.0,10
3,52g旺旺仙贝,非饮料,膨化食品,49.5,10
4,40g乐事薯片黄瓜味,非饮料,膨化食品,49.5,10
3,10g卫龙亲嘴烧香辣味,非饮料,肉干/豆制品/蛋,19.6,10
4,康师傅矿泉水,饮料,水,11.6,10
4,37.5g费列罗榛果威化巧克力3颗,非饮料,糖果/巧克力,110.75,10
3,维他柠檬茶,饮料,茶饮料,44.0,10
4,40g上好佳日式鱼果,非饮料,膨化食品,40.0,10
2,55g奥利奥原味夹心饼干,非饮料,饼干糕点,44.0,10
4,50g上好佳田园薯片番茄味,非饮料,膨化食品,45.0,10
3,尖叫,饮料,功能饮料,43.0,10
2,250ml维他奶低糖原味,饮料,植物蛋白,26.8,9
2,91g徐福记凤梨酥,非饮料,饼干糕点,58.5,9
2,70g乐事薯片黄瓜味,非饮料,膨化食品,69.1,9
4,55g奥利奥原味夹心饼干,非饮料,饼干糕点,38.0,9
3,205g伊利安慕希原味,饮料,乳制品,54.5,9
2,劲仔小鱼（麻辣味）,非饮料,肉干/豆制品/蛋,21.0,9
2,统一来一桶香辣老坛酸菜牛肉面,非饮料,方便速食,55.0,9
1,维他柠檬茶,饮料,茶饮料,32.5,9
2,旺仔牛奶145ml,饮料,乳制品,48.0,9
4,燕塘甜牛奶,饮料,乳制品,45.0,9
2,燕塘甜牛奶,饮料,乳制品,49.5,9
1,可口可乐最新款,饮料,碳酸饮料,27.0,9
1,78g卫龙亲嘴语辣条,非饮料,肉干/豆制品/蛋,42.0,9
3,好吃点小饼干,非饮料,饼干糕点,9.0,9
4,美汁源果粒橙,饮料,果蔬饮料,36.0,9
1,250ml燕塘红枣牛奶,饮料,乳制品,40.5,9
2,雀巢咖啡,饮料,咖啡,82.5,9
4,260g马来西亚进口茱蒂丝口口香饼干,非饮料,饼干糕点,342.0,9
3,100g*5瓶益力多,饮料,乳制品,137.5,9
2,40g乐事薯片黄瓜味,非饮料,膨化食品,45.0,9
3,乐虎,饮料,功能饮料,43.0,9
3,无穷农场盐_鸡蛋,非饮料,肉干/豆制品/蛋,25.0,9
4,40g乐事美国经典原味,非饮料,膨化食品,40.5,9
2,奥利奥原味芝士,非饮料,饼干糕点,36.0,9
2,65g卫龙亲嘴豆皮,非饮料,肉干/豆制品/蛋,49.0,9
4,韩国海牌海苔,非饮料,海味零食,54.38,8
1,85g新麦潮手撕面包（提子味）,非饮料,饼干糕点,29.5,8
2,160g盼盼手撕面包,非饮料,饼干糕点,58.0,8
2,100g*5瓶益力多,饮料,乳制品,150.0,8
2,百事可乐500ml,饮料,碳酸饮料,25.5,8
3,32g卫龙亲嘴烧红烧牛肉味,非饮料,肉干/豆制品/蛋,27.0,8
4,40g呀土豆薯片滋香烤鸡味,非饮料,膨化食品,46.0,8
2,188g澳门永辉鸡仔饼,非饮料,饼干糕点,255.0,8
4,34g公仔迷你杯牛肉味,非饮料,方便速食,38.5,8
2,12g劲仔小鱼卤香味,非饮料,肉干/豆制品/蛋,16.0,8
2,225g味之不规则饼干芝士味,非饮料,饼干糕点,81.0,8
1,250ml燕塘甜牛奶,饮料,乳制品,31.5,8
4,统一阿萨姆奶茶,饮料,茶饮料,44.0,8
2,好吃点,非饮料,饼干糕点,30.5,8
1,58g丽芝士纳宝帝奶酪威化饼干,非饮料,饼干糕点,23.5,8
2,30g元朗小蛋卷,非饮料,饼干糕点,32.5,8
1,250ml维他原味豆奶,饮料,植物蛋白,26.2,8
4,70g乐事薯片原味,非饮料,膨化食品,50.0,8
2,可乐可乐,饮料,碳酸饮料,31.5,8
3,咪咪虾条马来西亚风味,非饮料,膨化食品,16.8,8
4,无穷烤鸡小腿（蜂蜜）,非饮料,肉干/豆制品/蛋,30.0,8
3,58g丽芝士纳宝帝奶酪威化饼干,非饮料,饼干糕点,23.5,8
2,250ml统一麦香奶茶,饮料,茶饮料,42.5,8
2,250ml王老吉盒装,饮料,茶饮料,32.5,8
1,30g无穷农场盐_鸡蛋,非饮料,肉干/豆制品/蛋,31.5,8
2,86g合味道浓猪骨味,非饮料,方便速食,45.0,7
2,韩国海牌海苔,非饮料,海味零食,28.8,7
4,好吃点,非饮料,饼干糕点,32.5,7
4,30g元朗小蛋卷,非饮料,饼干糕点,20.0,7
4,维他柠檬茶330ml（罐）,饮料,茶饮料,21.0,7
3,双汇玉米热狗肠,非饮料,肉干/豆制品/蛋,16.0,7
1,可口可乐330ml,饮料,碳酸饮料,22.5,7
4,湘潭铺子(羽泉版),非饮料,蜜饯/果干,70.0,7
3,康师傅矿泉水,饮料,水,10.4,7
2,乐虎,饮料,功能饮料,31.0,7
3,脉动（青柠）,饮料,功能饮料,40.0,7
3,20g马来西亚风味咪咪蟹味粒0219,非饮料,膨化食品,12.2,7
1,维他原味豆奶,饮料,植物蛋白,35.0,7
3,可口可乐（500ml）,饮料,碳酸饮料,23.0,7
2,燕塘原味酸奶,饮料,乳制品,31.5,7
2,口味王槟榔（绿）,非饮料,蜜饯/果干,70.0,7
3,40g呀土豆薯片滋香烤鸡味,非饮料,膨化食品,30.5,7
2,150g健能酸奶原味,饮料,乳制品,46.0,7
2,250ml维他椰子味豆奶7716,饮料,植物蛋白,20.0,7
3,500ml农夫果园 (芒果+菠萝+番石榴),饮料,果蔬饮料,36.0,7
2,40g呀土豆番茄酱味,非饮料,膨化食品,31.5,7
4,123gUFO炒面XO酱海鲜风味,非饮料,方便速食,58.0,7
4,150g洽洽原香瓜子,非饮料,坚果炒货,52.0,7
3,37.5g费列罗榛果威化巧克力3颗,非饮料,糖果/巧克力,79.0,7
2,好吃点小饼干,非饮料,饼干糕点,7.5,7
4,诗竹竹纤维面巾纸,非饮料,纸巾,38.4,7
2,40g乐事薯片墨西哥鸡汁番茄味,非饮料,膨化食品,32.0,7
4,劲仔小鱼（麻辣味）,非饮料,肉干/豆制品/蛋,43.5,7
4,148g富甲一方紫薯仔,非饮料,蜜饯/果干,45.5,7
2,味之不规则饼干（芝士味）,非饮料,饼干糕点,70.0,7
4,150抽诗竹竹纤维面巾纸,非饮料,纸巾,38.4,7
4,燕塘红枣牛奶,饮料,乳制品,31.5,6
4,脉动（青柠）,饮料,功能饮料,55.0,6
4,50g双层百力滋奶咖味,非饮料,饼干糕点,31.5,6
3,225g味之不规则饼干芝士味,非饮料,饼干糕点,52.5,6
3,188g澳门永辉鸡仔饼,非饮料,饼干糕点,204.0,6
4,奥利奥原味芝士,非饮料,饼干糕点,28.0,6
3,65g卫龙亲嘴豆皮,非饮料,肉干/豆制品/蛋,36.0,6
4,180g统一满汉全席台式半筋半肉牛肉面,非饮料,方便速食,217.8,6
3,80g香飘飘椰果奶茶原味,饮料,茶饮料,36.0,6
3,370g泰奇八宝粥,非饮料,方便速食,35.0,6
3,260g马来西亚进口茱蒂丝口口香饼干,非饮料,饼干糕点,306.0,6
4,乐事薯片（黄瓜味）,非饮料,膨化食品,48.0,6
3,印尼芝士威化饼干,非饮料,饼干糕点,18.0,6
3,2g韩国海牌海苔,非饮料,海味零食,16.0,6
3,卫龙亲嘴烧红烧牛肉味,非饮料,肉干/豆制品/蛋,28.5,6
4,小茗同学,饮料,茶饮料,30.0,6
4,70g乐事薯片（黄瓜味）,非饮料,膨化食品,37.5,6
3,250ml维他奶低糖原味,饮料,植物蛋白,20.8,6
2,180g统一满汉全席台式半筋半肉牛肉面,非饮料,方便速食,217.8,6
1,茉莉蜜茶,饮料,茶饮料,18.0,6
2,印尼芝士威化饼干,非饮料,饼干糕点,18.0,6
2,80g香飘飘椰果奶茶原味,饮料,茶饮料,40.5,6
2,维他奶,饮料,植物蛋白,17.5,6
2,50g上好佳田园薯片番茄味,非饮料,膨化食品,27.0,6
2,50g上好佳日式鱼果,非饮料,膨化食品,27.0,6
2,500ml康师傅冰糖雪梨,饮料,果蔬饮料,30.5,6
2,34g公仔迷你杯牛肉味,非饮料,方便速食,35.0,6
2,150g洽洽原香瓜子,非饮料,坚果炒货,50.0,6
2,越南LIPO奶味面包干100g,非饮料,饼干糕点,48.0,6
2,130g果王玉带蚕豆,非饮料,坚果炒货,35.4,6
1,香豆干,非饮料,肉干/豆制品/蛋,7.0,6
2,湘潭铺子(羽泉版),非饮料,蜜饯/果干,60.0,6
1,40g双汇玉米热狗肠,非饮料,肉干/豆制品/蛋,11.0,6
1,250ml红牛,饮料,功能饮料,44.5,6
1,13g无穷烤鸡小腿蜂蜜味,非饮料,肉干/豆制品/蛋,21.0,6
4,劲仔小鱼（卤香味）,非饮料,肉干/豆制品/蛋,11.0,5
4,迷你纸巾,非饮料,纸巾,5.0,5
2,40g呀土豆薯片滋香烤鸡味,非饮料,膨化食品,26.0,5
3,雀巢咖啡,饮料,咖啡,52.5,5
1,330ml伊利畅意乳酸菌原味,饮料,乳制品,30.5,5
1,250ml维他柠檬茶,饮料,茶饮料,26.5,5
3,维他柠檬茶330ml（罐）,饮料,茶饮料,15.0,5
2,68g好丽友蛋黄派2枚,非饮料,饼干糕点,22.5,5
3,泰奇八宝粥,非饮料,方便速食,35.0,5
3,无穷烤鸡小腿（蜂蜜）,非饮料,肉干/豆制品/蛋,15.0,5
4,泰奇八宝粥,非饮料,方便速食,35.0,5
1,145ml旺仔牛奶盒装,饮料,乳制品,13.3,5
2,劲仔小鱼（卤香味）,非饮料,肉干/豆制品/蛋,8.0,5
3,凤爪,非饮料,肉干/豆制品/蛋,12.5,5
3,冰红茶（罐）,饮料,茶饮料,12.5,5
2,尖叫,饮料,功能饮料,21.5,5
3,80g四洲粟一烧烧烤味,非饮料,膨化食品,35.0,5
2,椰树牌椰汁,饮料,植物蛋白,22.5,5
2,泰奇八宝粥,非饮料,方便速食,35.0,5
2,40g上好佳日式鱼果,非饮料,膨化食品,22.5,5
4,100g果王咸柑桔罐装,非饮料,蜜饯/果干,30.5,5
1,冰糖雪梨,饮料,果蔬饮料,16.5,5
1,银鹭八宝粥,饮料,方便速食,20.5,5
4,86g合味道浓猪骨味,非饮料,方便速食,32.0,5
1,印尼芝士威化饼干,非饮料,饼干糕点,15.0,5
4,68g好丽友蛋黄派2枚,非饮料,饼干糕点,22.5,5
1,咪咪虾条马来西亚风味,非饮料,膨化食品,8.0,5
4,50g马赛克手撕鱿鱼条,非饮料,海味零食,45.0,5
4,40g乐事薯片墨西哥鸡汁番茄味,非饮料,膨化食品,21.5,5
4,370g泰奇八宝粥,非饮料,方便速食,29.0,5
4,味之不规则饼干（芝士味）,非饮料,饼干糕点,50.0,5
1,55g奥利奥原味夹心饼干,非饮料,饼干糕点,43.5,5
4,10g卫龙亲嘴烧香辣味,非饮料,肉干/豆制品/蛋,5.9,5
2,103g康师傅红烧牛肉面,非饮料,方便速食,38.5,5
2,123gUFO炒面XO酱海鲜风味,非饮料,方便速食,31.5,5
1,430g泰奇八宝粥,非饮料,方便速食,31.5,5
3,50g上好佳田园薯片番茄味,非饮料,膨化食品,22.5,5
4,旺仔牛奶,饮料,乳制品,22.4,5
2,145ml旺仔牛奶罐装,饮料,乳制品,15.0,5
4,145ml旺仔牛奶罐装,饮料,乳制品,27.0,5
2,250ml维他椰子植物蛋白饮料,饮料,植物蛋白,36.0,5
2,145g果王迷你山楂包装,非饮料,蜜饯/果干,27.5,5
3,148g富甲一方紫薯仔,非饮料,蜜饯/果干,32.5,5
2,维他奶（巧克力味）,饮料,植物蛋白,59.5,5
2,燕塘红枣牛奶,饮料,乳制品,45.0,5
3,40g乐事美国经典原味,非饮料,膨化食品,22.5,5
3,180ml雀巢咖啡罐装,饮料,咖啡,22.5,5
3,40g乐事薯片黄瓜味,非饮料,膨化食品,22.5,5
3,480ml小茗同学冷泡青柠红茶,饮料,茶饮料,25.5,5
1,450ml美汁源果粒橙,饮料,果蔬饮料,24.0,4
3,小茗同学,饮料,茶饮料,20.0,4
4,103g康师傅红烧牛肉面,非饮料,方便速食,27.5,4
3,奥利奥原味芝士,非饮料,饼干糕点,16.0,4
4,83g汤达人酸辣豚骨拉面,非饮料,方便速食,26.0,4
4,80g香飘飘椰果奶茶原味,饮料,茶饮料,18.0,4
1,85g新麦潮北海道吐司,非饮料,饼干糕点,10.5,4
4,旺仔牛奶145ml,饮料,乳制品,24.0,4
4,维他奶（巧克力味）,饮料,植物蛋白,14.0,4
3,好吃点,非饮料,饼干糕点,15.5,4
3,110g顺宝九制话梅,非饮料,蜜饯/果干,18.8,4
3,椰树牌椰汁,饮料,植物蛋白,18.0,4
4,5片装益达绿箭口香糖,非饮料,糖果/巧克力,8.0,4
4,雪碧,饮料,碳酸饮料,17.5,4
4,加多宝,饮料,茶饮料,17.0,4
3,40g乐事薯片墨西哥鸡汁番茄味,非饮料,膨化食品,26.5,4
4,70g乐事薯片黄瓜味,非饮料,膨化食品,26.5,4
3,45g双汇泡面拍挡,非饮料,肉干/豆制品/蛋,6.0,4
3,100g果王咸柑桔罐装,非饮料,蜜饯/果干,29.5,4
3,可乐可乐,饮料,碳酸饮料,28.0,4
3,和成天下（黄）,非饮料,香烟,40.0,4
1,椰树牌椰汁,饮料,植物蛋白,18.0,4
1,55g奥利奥原味芝士饼干,非饮料,饼干糕点,16.0,4
4,480ml小茗同学冷泡溜溜哒茶,饮料,茶饮料,23.5,4
2,70g乐事薯片原味,非饮料,膨化食品,26.0,4
4,12g劲仔小鱼卤香味,非饮料,肉干/豆制品/蛋,6.0,4
1,好吃点小饼干,非饮料,饼干糕点,4.0,4
4,尖叫,饮料,功能饮料,16.5,4
3,55g奥利奥原味夹心饼干,非饮料,饼干糕点,18.0,4
2,100g果王咸柑桔罐装,非饮料,蜜饯/果干,24.0,4
1,康师傅矿泉水,饮料,水,4.4,4
3,500ml康师傅冰糖雪梨,饮料,果蔬饮料,13.0,4
2,旺仔牛奶,饮料,乳制品,19.61,4
4,50g双层百力滋特浓番茄味,非饮料,饼干糕点,18.0,4
3,68g好丽友巧克力派2枚,非饮料,饼干糕点,18.0,4
1,雪碧（500ml）,饮料,碳酸饮料,14.0,4
2,150抽诗竹竹纤维面巾纸,非饮料,纸巾,19.2,4
4,上好佳田园薯片,非饮料,膨化食品,16.5,4
4,珠江纯生啤酒,饮料,功能饮料,20.0,4
1,32g卫龙亲嘴烧,非饮料,肉干/豆制品/蛋,9.0,4
2,脉动（青柠）,饮料,功能饮料,50.0,4
4,农夫果园,饮料,果蔬饮料,33.0,4
1,好吃点,非饮料,饼干糕点,19.0,4
4,145g果王迷你山楂包装,非饮料,蜜饯/果干,25.0,4
1,12g劲仔小鱼麻辣味,非饮料,肉干/豆制品/蛋,9.0,4
3,燕塘红枣牛奶,饮料,乳制品,18.0,4
2,205ml安慕希蓝莓味,饮料,乳制品,34.8,4
3,150抽诗竹竹纤维面巾纸,非饮料,纸巾,19.2,4
3,130g果王玉带蚕豆,非饮料,坚果炒货,19.5,3
3,益力多100g*5瓶,饮料,乳制品,34.5,3
2,5片装益达绿箭口香糖,非饮料,糖果/巧克力,6.0,3
2,68g多力多玉米片爆香热辣味,非饮料,膨化食品,32.0,3
3,40g呀土豆番茄酱味,非饮料,膨化食品,13.5,3
4,500ML宝矿力,饮料,功能饮料,16.5,3
1,600ml雪碧,饮料,碳酸饮料,8.9,3
4,500ml统一冰糖雪梨,饮料,果蔬饮料,10.0,3
3,百事可乐500ml,饮料,碳酸饮料,9.0,3
3,50g上好佳日式鱼果,非饮料,膨化食品,27.0,3
1,泰奇八宝粥,非饮料,方便速食,21.0,3
4,107g出前一丁桶面酱香牛肉王,非饮料,方便速食,30.0,3
2,顺宝九制梅,非饮料,蜜饯/果干,15.0,3
1,500ml统一阿萨姆奶茶,饮料,茶饮料,25.0,3
4,怡宝矿泉水,饮料,水,6.0,3
3,250ml维他椰子植物蛋白饮料,饮料,植物蛋白,20.0,3
3,150g洽洽原香瓜子,非饮料,坚果炒货,19.5,3
4,250ml维他奶黑豆奶饮品,饮料,植物蛋白,9.0,3
4,13g雀巢咖啡1+2特浓,饮料,咖啡,17.5,3
4,250ml维他椰子味豆奶7716,饮料,植物蛋白,7.5,3
4,130g果王玉带蚕豆,非饮料,坚果炒货,23.2,3
2,250ml香满楼纯牛奶,饮料,乳制品,10.5,3
4,新麦潮天然酵母面包（牛奶风味）,非饮料,饼干糕点,12.0,3
2,香脆肠,非饮料,肉干/豆制品/蛋,4.0,3
1,37.5g费列罗榛果威化巧克力3颗,非饮料,糖果/巧克力,31.8,3
2,美年达（罐）,饮料,碳酸饮料,7.5,3
2,34g公仔迷你杯风味排骨味,非饮料,方便速食,10.5,3
1,85g统一老坛酸菜牛肉面,非饮料,方便速食,15.0,3
4,32g卫龙亲嘴烧川香味,非饮料,肉干/豆制品/蛋,10.8,3
2,40g卫龙点心面黑椒牛排味,非饮料,肉干/豆制品/蛋,25.5,3
1,尖叫,饮料,功能饮料,12.0,3
3,250ML东鹏特饮,饮料,功能饮料,17.0,3
1,维他奶,饮料,植物蛋白,9.0,3
3,诗竹竹纤维面巾纸,非饮料,纸巾,14.41,3
1,600ml可口可乐,饮料,碳酸饮料,14.0,3
1,燕塘原味酸奶,饮料,乳制品,13.5,3
3,40g上好佳日式鱼果,非饮料,膨化食品,13.5,3
4,安慕希酸奶,饮料,乳制品,15.0,3
3,旺仔牛奶,饮料,乳制品,19.6,3
2,小茗同学冷泡茶（乳酸菌味）,饮料,茶饮料,18.0,3
3,劲仔小鱼（麻辣味）,非饮料,肉干/豆制品/蛋,34.0,3
1,20g咪咪虾条马来西亚风味,非饮料,膨化食品,4.0,3
3,加多宝,饮料,茶饮料,13.5,3
2,口味王槟榔（红）,非饮料,蜜饯/果干,45.0,3
3,农夫果园,饮料,果蔬饮料,16.5,3
4,冰红茶（罐）,饮料,茶饮料,9.5,3
2,和成天下（黄）,非饮料,香烟,30.0,3
3,丽芝士纳宝帝奶酪威化饼干,非饮料,饼干糕点,10.5,3
3,上好佳田园薯片,非饮料,膨化食品,12.0,3
3,86g合味道浓猪骨味,非饮料,方便速食,18.0,3
2,小茗同学（青柠红茶）,饮料,茶饮料,24.0,3
2,冰糖雪梨,饮料,果蔬饮料,9.5,3
3,80g香飘飘椰果奶茶麦香味,饮料,茶饮料,13.5,3
2,康师傅矿泉水,饮料,水,3.7,3
3,78g合味道杯面香菇炖鸡风味,非饮料,方便速食,18.0,3
2,手撕素肉排,非饮料,肉干/豆制品/蛋,3.3,3
3,70g乐事薯片（黄瓜味）,非饮料,膨化食品,16.5,3
1,伊利纯牛奶,饮料,乳制品,10.5,3
3,68g好丽友蛋黄派2枚,非饮料,饼干糕点,13.5,3
2,新麦潮天然酵母面包（牛奶风味）,非饮料,饼干糕点,12.0,3
4,顺宝九制梅,非饮料,蜜饯/果干,15.0,3
1,86g合味道海鲜风味,非饮料,方便速食,18.0,3
1,250ML东鹏特饮,饮料,功能饮料,11.5,3
3,250ml王老吉盒装,饮料,茶饮料,15.0,3
3,合味道（海鲜风味）,非饮料,方便速食,21.0,3
1,32g卫龙亲嘴烧红烧牛肉味,非饮料,肉干/豆制品/蛋,9.0,3
3,250ml统一麦香奶茶,饮料,茶饮料,7.5,3
2,上好佳田园薯片,非饮料,膨化食品,12.0,3
4,卫龙亲嘴烧红烧牛肉味,非饮料,肉干/豆制品/蛋,10.5,3
2,80g马赛克香蕉片,非饮料,蜜饯/果干,21.0,3
3,怡宝矿泉水,饮料,水,6.0,3
3,手撕素肉排,非饮料,肉干/豆制品/蛋,3.8,3
1,可乐可乐,饮料,碳酸饮料,10.5,3
1,2g韩国海牌海苔,非饮料,海味零食,9.6,3
3,日式鱼果,非饮料,膨化食品,12.0,3
4,百事可乐500ml,饮料,碳酸饮料,9.0,3
4,美年达（罐）,饮料,碳酸饮料,8.0,3
4,220g宝丰龙龟苓膏,非饮料,果冻/龟苓膏,13.0,3
1,乐虎（380ml）,饮料,功能饮料,8.0,2
4,天地一号,饮料,果蔬饮料,10.0,2
4,55g奥利奥迷你杯夹心小饼干杯装原味,非饮料,饼干糕点,11.0,2
4,乖媳妇野山椒风爪,非饮料,肉干/豆制品/蛋,5.6,2
1,冰红茶（罐）,饮料,茶饮料,5.0,2
4,乐虎（380ml）,饮料,功能饮料,8.0,2
4,250ml维他椰子植物蛋白饮料,饮料,植物蛋白,12.0,2
4,卫龙亲嘴烧麦辣鸡汁味,非饮料,肉干/豆制品/蛋,9.0,2
1,丽芝士纳宝帝奶酪威化饼干,非饮料,饼干糕点,7.0,2
1,无穷农场盐_鸡蛋,非饮料,肉干/豆制品/蛋,7.5,2
1,65g卫龙亲嘴豆皮,非饮料,肉干/豆制品/蛋,9.0,2
1,雪碧,饮料,碳酸饮料,7.0,2
1,阿萨姆煎茶奶绿,饮料,茶饮料,8.0,2
3,103g康师傅红烧牛肉面,非饮料,方便速食,11.0,2
1,雪碧330ml,饮料,碳酸饮料,7.0,2
4,40g盼盼手撕面包,非饮料,饼干糕点,6.0,2
1,凤爪,非饮料,肉干/豆制品/蛋,5.0,2
1,迷你纸巾,非饮料,纸巾,2.0,2
3,10g越南LIPO奶味面包干0015,非饮料,饼干糕点,2.5,2
4,40g呀土豆番茄酱味,非饮料,膨化食品,9.0,2
4,可口可乐330ml（罐）,饮料,碳酸饮料,5.0,2
1,口味王槟榔（红）,非饮料,蜜饯/果干,30.0,2
1,熊字饼,非饮料,饼干糕点,7.0,2
1,5片装益达绿箭口香糖,非饮料,糖果/巧克力,4.0,2
1,双汇玉米热狗肠,非饮料,肉干/豆制品/蛋,4.0,2
1,统一来一桶香辣老坛酸菜牛肉面,非饮料,方便速食,22.0,2
2,鸡爪,非饮料,肉干/豆制品/蛋,4.0,2
4,34g公仔迷你杯风味排骨味,非饮料,方便速食,6.0,2
1,68g好丽友巧克力派2枚,非饮料,饼干糕点,18.0,2
1,口味王槟榔（绿）,非饮料,蜜饯/果干,20.0,2
1,可口可乐（500ml）,饮料,碳酸饮料,6.0,2
1,美汁源果粒橙,饮料,果蔬饮料,8.0,2
1,合味道（海鲜风味）,非饮料,方便速食,21.0,2
1,80g香飘飘椰果奶茶麦香味,饮料,茶饮料,9.0,2
1,劲仔小鱼（麻辣味）,非饮料,肉干/豆制品/蛋,3.0,2
1,芙蓉王,非饮料,香烟,50.0,2
4,80g马赛克香蕉片,非饮料,蜜饯/果干,14.0,2
1,劲仔小鱼（卤香味）,非饮料,肉干/豆制品/蛋,9.5,2
1,加多宝,饮料,茶饮料,9.0,2
1,75g新麦潮天然酵母面包（北海道牛奶风味）,非饮料,饼干糕点,7.5,2
3,117gUFO炒面铁板色拉鱿鱼风味,非饮料,方便速食,13.0,2
3,燕塘原味酸奶,饮料,乳制品,9.0,2
2,70g乐事薯片（黄瓜味）,非饮料,膨化食品,13.0,2
2,83g汤达人酸辣豚骨拉面,非饮料,方便速食,19.5,2
2,80g香飘飘椰果奶茶麦香味,饮料,茶饮料,8.5,2
2,盼盼手撕面包,非饮料,饼干糕点,8.0,2
4,盼盼手撕面包,非饮料,饼干糕点,8.0,2
2,统一阿萨姆奶茶,饮料,茶饮料,11.0,2
3,旺仔牛奶145ml,饮料,乳制品,9.0,2
3,汤达人方便面,非饮料,方便速食,8.0,2
3,燕塘甜牛奶,饮料,乳制品,9.0,2
1,250ml维他奶巧克力味,饮料,植物蛋白,5.5,2
3,统一来一桶香辣老坛酸菜牛肉面,非饮料,方便速食,11.0,2
2,55g奥利奥迷你杯夹心小饼干杯装原味,非饮料,饼干糕点,11.0,2
3,统一阿萨姆奶茶,饮料,茶饮料,11.0,2
3,维他原味豆奶,饮料,植物蛋白,14.0,2
2,50g马赛克手撕鱿鱼条,非饮料,海味零食,18.0,2
3,40g卫龙点心面黑椒牛排味,非饮料,肉干/豆制品/蛋,14.0,2
3,美汁源果粒橙,饮料,果蔬饮料,12.0,2
1,30g元朗小蛋卷,非饮料,饼干糕点,5.0,2
4,维他奶黑豆奶饮品,饮料,植物蛋白,7.0,2
1,40g上好佳日式鱼果,非饮料,膨化食品,8.0,2
2,新麦潮北海道吐司,非饮料,饼干糕点,7.0,2
4,鸡爪,非饮料,肉干/豆制品/蛋,4.0,2
3,500ml营养快线原味,饮料,乳制品,18.0,2
1,110g顺宝九制话梅,非饮料,蜜饯/果干,8.8,2
3,70g乐事薯片原味,非饮料,膨化食品,12.0,2
1,123gUFO炒面XO酱海鲜风味,非饮料,方便速食,19.0,2
3,70g乐事薯片黄瓜味,非饮料,膨化食品,12.4,2
3,70g乐事薯片（原味）,非饮料,膨化食品,11.0,2
3,乐事薯片（青柠）,非饮料,膨化食品,16.0,2
3,味之不规则饼干（芝士味）,非饮料,饼干糕点,20.0,2
3,180g统一满汉全席台式半筋半肉牛肉面,非饮料,方便速食,79.2,2
1,188g澳门永辉鸡仔饼,非饮料,饼干糕点,85.0,2
3,48g好丽友薯愿香烤原味,非饮料,膨化食品,15.0,2
1,225g味之不规则饼干芝士味,非饮料,饼干糕点,18.5,2
3,卫龙亲嘴烧麦辣鸡汁味,非饮料,肉干/豆制品/蛋,3.0,2
2,凤爪,非饮料,肉干/豆制品/蛋,4.5,2
1,250ml统一麦香奶茶,饮料,茶饮料,5.0,2
2,50g双层百力滋奶咖味,非饮料,饼干糕点,9.0,2
1,86g合味道浓猪骨味,非饮料,方便速食,12.0,2
2,500ml营养快线原味,饮料,乳制品,9.0,2
1,40g乐事薯片黄瓜味,非饮料,膨化食品,9.0,2
4,拿铁咖啡（统一）,饮料,咖啡,11.0,2
4,117gUFO炒面铁板色拉鱿鱼风味,非饮料,方便速食,13.0,2
2,32g卫龙亲嘴烧川香味,非饮料,肉干/豆制品/蛋,5.4,2
2,20g咩咩世界虾味条,非饮料,膨化食品,3.2,2
2,芙蓉王,非饮料,香烟,46.0,2
2,180ml雀巢咖啡罐装,饮料,咖啡,9.0,2
1,45g双汇泡面拍挡,非饮料,肉干/豆制品/蛋,4.5,2
2,40g上好佳田园薯片番茄味,非饮料,膨化食品,9.0,2
3,20g咩咩世界虾味条,非饮料,膨化食品,4.8,2
2,250ML东鹏特饮,饮料,功能饮料,18.0,2
1,500ml加多宝,饮料,茶饮料,8.0,2
2,40g盼盼手撕面包,非饮料,饼干糕点,4.0,2
3,迷你纸巾,非饮料,纸巾,2.0,2
2,12g劲仔小鱼（香辣味）,非饮料,肉干/豆制品/蛋,3.0,2
2,480ml小茗同学冷泡溜溜哒茶,饮料,茶饮料,10.0,2
1,117gUFO炒面铁板色拉鱿鱼风味,非饮料,方便速食,13.0,1
1,500ml康师傅冰糖雪梨,饮料,果蔬饮料,3.0,1
1,52g旺旺仙贝,非饮料,膨化食品,4.5,1
4,利群（硬）,非饮料,香烟,15.0,1
4,娃哈哈红枣酸奶,饮料,乳制品,3.5,1
1,83g汤达人酸辣豚骨拉面,非饮料,方便速食,6.5,1
1,205g伊利安慕希原味,饮料,乳制品,5.0,1
4,越南LIPO奶味面包干100g,非饮料,饼干糕点,8.0,1
4,优益C活菌型乳酸菌饮品,饮料,乳制品,7.0,1
1,180ml雀巢咖啡罐装,饮料,咖啡,9.0,1
4,健能酸奶,饮料,乳制品,3.0,1
1,160g盼盼手撕面包,非饮料,饼干糕点,8.0,1
1,150g洽洽原香瓜子,非饮料,坚果炒货,7.0,1
3,145ml旺仔牛奶罐装,饮料,乳制品,3.0,1
1,145g果王迷你山楂包装,非饮料,蜜饯/果干,5.5,1
1,20g马来西亚风味咪咪蟹味粒0219,非饮料,膨化食品,3.2,1
1,50g上好佳日式鱼果,非饮料,膨化食品,4.5,1
1,480ml小茗同学冷泡青柠红茶,饮料,茶饮料,5.0,1
1,48g好丽友薯愿香烤原味,非饮料,膨化食品,5.0,1
1,480ml小茗同学冷泡溜溜哒茶,饮料,茶饮料,5.5,1
4,多芙利香草奶油味蛋糕,非饮料,饼干糕点,6.0,1
4,脉动（椰子菠萝口味）,饮料,功能饮料,10.0,1
4,益力多100g*5瓶,饮料,乳制品,16.0,1
1,40g乐事美国经典原味,非饮料,膨化食品,4.5,1
1,55g奥利奥迷你杯夹心小饼干杯装原味,非饮料,饼干糕点,5.5,1
4,味之不规则饼干（番茄味）,非饮料,饼干糕点,10.0,1
1,600ml脉动青柠,饮料,功能饮料,4.5,1
1,40g乐事薯片墨西哥鸡汁番茄味,非饮料,膨化食品,7.0,1
4,口味王槟榔（绿色）,非饮料,蜜饯/果干,10.0,1
1,500ml统一冰糖雪梨,饮料,果蔬饮料,3.5,1
4,百事可乐330ml,饮料,碳酸饮料,2.5,1
4,和成天下（黄）,非饮料,香烟,10.0,1
1,70g乖媳妇野山泡椒凤爪,非饮料,肉干/豆制品/蛋,3.5,1
1,40g卫龙点心面黑椒牛排味,非饮料,肉干/豆制品/蛋,7.0,1
1,250ml王老吉盒装,饮料,茶饮料,5.0,1
3,12g劲仔小鱼卤香味,非饮料,肉干/豆制品/蛋,3.0,1
4,商品36,非饮料,其他,4.0,1
3,220g宝丰龙龟苓膏,非饮料,果冻/龟苓膏,5.0,1
1,250ml维他椰子植物蛋白饮料,饮料,植物蛋白,12.0,1
3,13g雀巢咖啡1+2特浓,饮料,咖啡,10.0,1
4,新麦潮天然酵母面包（良品铺子）,非饮料,饼干糕点,4.0,1
4,劲仔小鱼（香辣味）,非饮料,肉干/豆制品/蛋,1.5,1
4,四洲粟一烧烧烤味,非饮料,膨化食品,9.0,1
1,250ml维他奶低糖原味,饮料,植物蛋白,3.0,1
1,40g上好佳田园薯片,非饮料,膨化食品,4.5,1
4,小茗同学冷泡茶（乳酸菌味）,饮料,茶饮料,6.0,1
3,250ml维他椰子味豆奶7716,饮料,植物蛋白,2.5,1
4,乐事薯片（青柠）,非饮料,膨化食品,24.0,1
2,健能酸奶,饮料,乳制品,8.0,1
3,合味道（浓猪骨）,非饮料,方便速食,7.0,1
2,乐虎（380ml）,饮料,功能饮料,5.0,1
3,四洲粟一烧烧烤味,非饮料,膨化食品,9.0,1
3,多力多滋（热辣味）,非饮料,膨化食品,30.0,1
3,天地一号,饮料,果蔬饮料,5.0,1
3,娃哈哈红枣酸奶,饮料,乳制品,3.5,1
3,小茗同学冷泡茶（乳酸菌味）,饮料,茶饮料,6.0,1
2,80g盼盼手撕面包,非饮料,饼干糕点,4.0,1
3,新麦潮天然酵母面包（牛奶风味）,非饮料,饼干糕点,4.0,1
3,新麦潮天然酵母面包（良品铺子）,非饮料,饼干糕点,4.0,1
3,新麦潮手撕面包（提子味）,非饮料,饼干糕点,10.5,1
2,78g合味道杯面香菇炖鸡风味,非饮料,方便速食,6.0,1
2,78g卫龙亲语,非饮料,肉干/豆制品/蛋,4.5,1
3,湘潭铺子(羽泉版),非饮料,蜜饯/果干,10.0,1
3,盼盼手撕面包,非饮料,饼干糕点,4.0,1
2,50g双层百力滋特浓番茄味,非饮料,饼干糕点,4.5,1
3,脉动（椰子菠萝口味）,饮料,功能饮料,5.0,1
2,500ml恒大冰泉矿泉水,饮料,水,2.5,1
3,越南LIPO奶味面包干100g,非饮料,饼干糕点,8.0,1
2,500ML宝矿力,饮料,功能饮料,5.5,1
3,40g上好佳田园薯片番茄味,非饮料,膨化食品,4.5,1
3,雪碧,饮料,碳酸饮料,3.5,1
3,韩国海牌海苔,非饮料,海味零食,1.6,1
2,优益C活菌型乳酸菌饮品,饮料,乳制品,7.0,1
3,可口可乐330ml（罐）,饮料,碳酸饮料,2.5,1
2,40g上好佳田园薯片,非饮料,膨化食品,4.5,1
3,口味王槟榔（绿色）,非饮料,蜜饯/果干,10.0,1
3,50g马赛克手撕鱿鱼条,非饮料,海味零食,9.0,1
2,汤达人方便面,非饮料,方便速食,5.0,1
3,5片装益达绿箭口香糖,非饮料,糖果/巧克力,2.0,1
2,无穷烤鸡小腿（蜂蜜）,非饮料,肉干/豆制品/蛋,3.0,1
3,70g乐事薯片青柠味,非饮料,膨化食品,8.0,1
2,怡宝矿泉水,饮料,水,2.0,1
2,珠江纯生啤酒,饮料,功能饮料,5.0,1
2,百事可乐330ml,饮料,碳酸饮料,2.5,1
2,小茗同学,饮料,茶饮料,5.0,1
2,安慕希酸奶,饮料,乳制品,6.0,1
2,多力多滋（热辣味）,非饮料,膨化食品,7.5,1
2,四洲粟一烧烧烤味,非饮料,膨化食品,9.0,1
3,乐事薯片（黄瓜味）,非饮料,膨化食品,8.0,1
2,咪咪,非饮料,膨化食品,1.0,1
3,乐虎（380ml）,饮料,功能饮料,5.0,1
3,乖媳妇野山椒风爪,非饮料,肉干/豆制品/蛋,2.8,1
2,口味王槟榔（绿色）,非饮料,蜜饯/果干,10.0,1
3,劲仔小鱼,非饮料,肉干/豆制品/蛋,1.5,1
3,劲仔小鱼（卤香味）,非饮料,肉干/豆制品/蛋,3.0,1
3,480ml小茗同学冷泡溜溜哒茶,饮料,茶饮料,4.5,1
2,卫龙亲嘴烧麦辣鸡汁味,非饮料,肉干/豆制品/蛋,4.5,1
2,卫龙亲嘴烧红烧牛肉味,非饮料,肉干/豆制品/蛋,1.5,1
2,加多宝,饮料,茶饮料,9.0,1
3,顺宝九制梅,非饮料,蜜饯/果干,5.0,1
2,维他柠檬茶330ml（罐）,饮料,茶饮料,3.0,1
1,乐虎,饮料,功能饮料,4.5,1
1,维他奶（巧克力味）,饮料,植物蛋白,7.0,1
1,100g果王咸柑桔罐装,非饮料,蜜饯/果干,5.5,1
1,百事可乐500ml,饮料,碳酸饮料,3.0,1
4,40g卫龙点心面黑椒牛排味,非饮料,肉干/豆制品/蛋,4.5,1
1,燕塘红枣牛奶,饮料,乳制品,4.5,1
1,燕塘甜牛奶,饮料,乳制品,4.5,1
1,旺仔牛奶145ml,饮料,乳制品,3.0,1
1,无穷烤鸡小腿（蜂蜜）,非饮料,肉干/豆制品/蛋,6.0,1
1,手撕素肉排,非饮料,肉干/豆制品/蛋,1.2,1
4,500ml恒大冰泉矿泉水,饮料,水,5.0,1
4,500ml营养快线原味,饮料,乳制品,4.5,1
1,小茗同学,饮料,茶饮料,5.0,1
3,100g卫龙点心面黑椒牛排味,非饮料,肉干/豆制品/蛋,5.8,1
1,四洲粟一烧烧烤味,非饮料,膨化食品,9.0,1
1,咪咪,非饮料,膨化食品,1.0,1
1,和成天下（红）,非饮料,香烟,15.0,1
1,味之不规则饼干（芝士味）,非饮料,饼干糕点,10.0,1
4,68g多力多玉米片爆香热辣味,非饮料,膨化食品,8.0,1
4,70g乐事薯片（原味）,非饮料,膨化食品,6.5,1
4,75g达利园柠檬蛋糕,非饮料,饼干糕点,4.5,1
1,卫龙亲嘴烧麦辣鸡汁味,非饮料,肉干/豆制品/蛋,6.0,1
1,卫龙亲嘴烧红烧牛肉味,非饮料,肉干/豆制品/蛋,1.5,1
4,80g盼盼手撕面包,非饮料,饼干糕点,4.0,1
3,100g越南LIPO奶味面包干,非饮料,饼干糕点,8.0,1
1,盼盼手撕面包,非饮料,饼干糕点,4.0,1
4,330ml伊利畅意乳酸菌草莓味,饮料,乳制品,6.0,1
3,鸡爪,非饮料,肉干/豆制品/蛋,2.0,1
1,美年达（罐）,饮料,碳酸饮料,3.0,1
4,100g卫龙点心面黑椒牛排味,非饮料,肉干/豆制品/蛋,5.8,1
3,34g公仔迷你杯牛肉味,非饮料,方便速食,3.5,1
3,330ml伊利畅意乳酸菌草莓味,饮料,乳制品,6.0,1
4,10g越南LIPO奶味面包干,非饮料,饼干糕点,1.0,1
4,12g劲仔小鱼（香辣味）,非饮料,肉干/豆制品/蛋,1.5,1
3,32g卫龙亲嘴烧川香味,非饮料,肉干/豆制品/蛋,3.6,1
2,芦荟汁,饮料,果蔬饮料,6.0,1
2,迷你纸巾,非饮料,纸巾,1.0,1
2,13g雀巢咖啡1+2特浓,饮料,咖啡,2.5,1
2,雪力矿泉水,饮料,水,2.0,1
4,205ml安慕希蓝莓味,饮料,乳制品,5.8,1
4,20g洽洽每日坚果,非饮料,坚果炒货,11.0,1
2,雪碧,饮料,碳酸饮料,3.5,1
2,117gUFO炒面铁板色拉鱿鱼风味,非饮料,方便速食,6.5,1
2,10g卫龙亲嘴烧香辣味,非饮料,肉干/豆制品/蛋,10.8,1
2,107g出前一丁桶面酱香牛肉王,非饮料,方便速食,6.0,1
1,鸡爪,非饮料,肉干/豆制品/蛋,2.0,1
1,韩国海牌海苔,非饮料,海味零食,1.6,1
1,雪力矿泉水,饮料,水,2.0,1
4,250ml维他椰子植物蛋白饮料9374,饮料,植物蛋白,4.0,1
4,250ml香满楼纯牛奶,饮料,乳制品,7.0,1
3,50g双层百力滋特浓番茄味,非饮料,饼干糕点,4.5,1
1,脉动（青柠）,饮料,功能饮料,5.0,1
1,100g*5瓶益力多,饮料,乳制品,11.0,1
