商品,大类,二级类,销售额,订单量
怡宝纯净水,饮料,水,1070.0,531
东鹏特饮,饮料,功能饮料,1584.0,448
阿萨姆奶茶,饮料,茶饮料,1308.0,326
脉动,饮料,功能饮料,1272.0,309
30g无穷农场盐_鸡蛋,非饮料,肉干/豆制品/蛋,922.0,264
营养快线,饮料,乳制品,1036.0,255
统一冰红茶,饮料,茶饮料,687.5,228
13g无穷烤鸡小腿蜂蜜味,非饮料,肉干/豆制品/蛋,860.5,201
40g双汇玉米热狗肠,非饮料,肉干/豆制品/蛋,379.5,181
250ml维他柠檬茶,饮料,茶饮料,733.0,180
250ml维他原味豆奶,饮料,植物蛋白,630.0,175
20g咪咪虾条马来西亚风味,非饮料,膨化食品,394.2,169
红牛,饮料,功能饮料,1016.0,166
鸭翅,非饮料,肉干/豆制品/蛋,256.5,152
统一绿茶,饮料,茶饮料,468.5,151
卫龙大面筋,非饮料,肉干/豆制品/蛋,458.0,151
32g卫龙亲嘴烧,非饮料,肉干/豆制品/蛋,417.5,148
果粒橙,饮料,果蔬饮料,449.0,145
伊利优酸乳,饮料,乳制品,348.5,143
145ml旺仔牛奶盒装,饮料,乳制品,523.0,131
250ml燕塘红枣牛奶,饮料,乳制品,596.0,128
250ml燕塘甜牛奶,饮料,乳制品,597.5,126
雪碧（500ml）,饮料,碳酸饮料,368.2,123
香豆干,非饮料,肉干/豆制品/蛋,149.5,123
小鱼仔,非饮料,海味零食,137.5,114
250ml燕塘原味酸奶,饮料,乳制品,541.0,111
86g合味道海鲜风味,非饮料,方便速食,705.5,109
王老吉（500ml）,饮料,茶饮料,432.5,108
银鹭八宝粥,饮料,方便速食,416.0,103
12g劲仔小鱼麻辣味,非饮料,肉干/豆制品/蛋,282.5,103
可口可乐（500ml）,饮料,碳酸饮料,308.0,101
85g统一老坛酸菜牛肉面,非饮料,方便速食,568.0,99
85g新麦潮北海道吐司,非饮料,饼干糕点,314.0,98
268ml雀巢咖啡丝滑拿铁,饮料,咖啡,569.5,91
伊利纯牛奶,饮料,乳制品,252.5,90
85g新麦潮手撕面包（提子味）,非饮料,饼干糕点,269.5,81
雪碧最新款,饮料,碳酸饮料,227.5,78
70g乖媳妇野山泡椒凤爪,非饮料,肉干/豆制品/蛋,303.0,76
32g卫龙亲嘴烧红烧牛肉味,非饮料,肉干/豆制品/蛋,201.6,75
250ml红牛,饮料,功能饮料,522.0,71
330ml伊利畅意乳酸菌原味,饮料,乳制品,466.5,71
250ml维他奶巧克力味,饮料,植物蛋白,227.0,69
450ml美汁源果粒橙,饮料,果蔬饮料,355.0,69
78g卫龙亲嘴语辣条,非饮料,肉干/豆制品/蛋,325.5,69
王老吉（罐）,饮料,茶饮料,255.0,68
雪碧330ml,饮料,碳酸饮料,178.5,67
430g泰奇八宝粥,非饮料,方便速食,428.5,66
500ml统一阿萨姆奶茶,饮料,茶饮料,351.5,64
维他奶,饮料,植物蛋白,173.0,62
口味王槟榔（绿）,非饮料,蜜饯/果干,600.0,60
维他柠檬茶,饮料,茶饮料,186.5,58
可口可乐最新款,饮料,碳酸饮料,165.5,55
怡宝,饮料,水,110.0,55
58g丽芝士纳宝帝奶酪威化饼干,非饮料,饼干糕点,202.0,55
可口可乐330ml,饮料,碳酸饮料,138.0,54
45g双汇泡面拍挡,非饮料,肉干/豆制品/蛋,94.5,53
205g伊利安慕希原味,饮料,乳制品,374.0,53
40g乐事薯片黄瓜味,非饮料,膨化食品,255.5,53
600ml脉动青柠,饮料,功能饮料,258.8,51
55g奥利奥原味芝士饼干,非饮料,饼干糕点,206.5,50
2g韩国海牌海苔,非饮料,海味零食,128.5,50
52g旺旺仙贝,非饮料,膨化食品,229.5,48
熊字饼,非饮料,饼干糕点,142.5,47
芬达330ml,饮料,碳酸饮料,121.0,47
卫龙亲嘴烧红烧牛肉味,非饮料,肉干/豆制品/蛋,88.5,45
75g新麦潮天然酵母面包（北海道牛奶风味）,非饮料,饼干糕点,128.0,45
500ml加多宝,饮料,茶饮料,230.5,44
600ml可口可乐,饮料,碳酸饮料,184.0,42
茉莉蜜茶,饮料,茶饮料,131.0,42
110g顺宝九制话梅,非饮料,蜜饯/果干,202.6,40
85g嘉士利果乐果香夹心饼干蓝莓味,非饮料,饼干糕点,180.0,40
100g*5瓶益力多,饮料,乳制品,620.5,40
冰糖雪梨,饮料,果蔬饮料,128.0,39
148g富甲一方紫薯仔,非饮料,蜜饯/果干,279.5,39
600ml雪碧,饮料,碳酸饮料,108.8,39
80g四洲粟一烧烧烤味,非饮料,膨化食品,307.0,38
咪咪虾条马来西亚风味,非饮料,膨化食品,50.38,37
91g徐福记凤梨酥,非饮料,饼干糕点,234.0,36
480ml小茗同学冷泡青柠红茶,饮料,茶饮料,209.0,36
雀巢咖啡,饮料,咖啡,241.5,34
无穷农场盐_鸡蛋,非饮料,肉干/豆制品/蛋,123.5,34
香脆肠,非饮料,肉干/豆制品/蛋,50.5,32
500ml农夫果园 (芒果+菠萝+番石榴),饮料,果蔬饮料,173.0,31
口味王槟榔（红）,非饮料,蜜饯/果干,415.0,30
50g上好佳日式鱼果,非饮料,膨化食品,148.5,30
40g乐事美国经典原味,非饮料,膨化食品,147.5,30
雪力矿泉水,饮料,水,58.0,29
150g健能酸奶原味,饮料,乳制品,168.0,28
160g盼盼手撕面包,非饮料,饼干糕点,213.0,28
65g卫龙亲嘴豆皮,非饮料,肉干/豆制品/蛋,135.0,28
48g好丽友薯愿香烤原味,非饮料,膨化食品,144.0,28
68g好丽友巧克力派2枚,非饮料,饼干糕点,119.5,27
30g元朗小蛋卷,非饮料,饼干糕点,77.5,26
印尼芝士威化饼干,非饮料,饼干糕点,78.5,26
10g卫龙亲嘴烧香辣味,非饮料,肉干/豆制品/蛋,33.1,25
百事可乐500ml,饮料,碳酸饮料,76.0,25
250ml维他奶低糖原味,饮料,植物蛋白,86.6,25
手撕素肉排,非饮料,肉干/豆制品/蛋,27.2,25
40g呀土豆薯片滋香烤鸡味,非饮料,膨化食品,112.0,25
70g乐事薯片黄瓜味,非饮料,膨化食品,154.5,24
370g泰奇八宝粥,非饮料,方便速食,149.0,24
好吃点小饼干,非饮料,饼干糕点,25.0,24
20g马来西亚风味咪咪蟹味粒0219,非饮料,膨化食品,64.4,23
37.5g费列罗榛果威化巧克力3颗,非饮料,糖果/巧克力,268.2,23
250ml王老吉盒装,饮料,茶饮料,62.5,22
无穷烤鸡小腿（蜂蜜）,非饮料,肉干/豆制品/蛋,72.0,22
180ml雀巢咖啡罐装,饮料,咖啡,126.0,22
12g劲仔小鱼卤香味,非饮料,肉干/豆制品/蛋,64.5,20
225g味之不规则饼干芝士味,非饮料,饼干糕点,200.0,20
芙蓉王,非饮料,香烟,482.0,20
阿萨姆煎茶奶绿,饮料,茶饮料,80.0,20
40g呀土豆番茄酱味,非饮料,膨化食品,89.5,20
50g马赛克手撕鱿鱼条,非饮料,海味零食,177.8,20
美年达（罐）,饮料,碳酸饮料,53.0,19
尖叫,饮料,功能饮料,76.5,19
双汇玉米热狗肠,非饮料,肉干/豆制品/蛋,44.0,19
康师傅矿泉水,饮料,水,26.2,19
湘潭铺子(羽泉版),非饮料,蜜饯/果干,180.0,18
100g果王咸柑桔罐装,非饮料,蜜饯/果干,116.0,18
50g上好佳田园薯片番茄味,非饮料,膨化食品,81.0,18
86g合味道浓猪骨味,非饮料,方便速食,122.0,18
新麦潮天然酵母面包,非饮料,饼干糕点,80.0,17
优益C活菌型乳酸菌饮品,饮料,乳制品,147.0,17
诗竹竹纤维面巾纸,非饮料,纸巾,86.44,16
250ml统一麦香奶茶,饮料,茶饮料,47.5,16
椰树牌椰汁,饮料,植物蛋白,73.0,16
80g马赛克香蕉片,非饮料,蜜饯/果干,112.0,16
250ML东鹏特饮,饮料,功能饮料,75.5,16
百事可乐330ml,饮料,碳酸饮料,39.0,15
68g好丽友蛋黄派2枚,非饮料,饼干糕点,66.5,15
旺仔牛奶,饮料,乳制品,61.3,15
103g康师傅红烧牛肉面,非饮料,方便速食,82.5,15
55g奥利奥原味夹心饼干,非饮料,饼干糕点,64.5,14
卫龙亲嘴烧麦辣鸡汁味,非饮料,肉干/豆制品/蛋,22.5,14
好吃点,非饮料,饼干糕点,62.0,14
统一来一桶香辣老坛酸菜牛肉面,非饮料,方便速食,88.0,14
80g香飘飘椰果奶茶原味,饮料,茶饮料,81.0,14
日式鱼果,非饮料,膨化食品,51.5,13
可乐可乐,饮料,碳酸饮料,70.0,13
农夫果园,饮料,果蔬饮料,96.0,13
40g乐事薯片墨西哥鸡汁番茄味,非饮料,膨化食品,58.5,12
107g出前一丁桶面酱香牛肉王,非饮料,方便速食,72.0,12
韩国海牌海苔,非饮料,海味零食,28.8,12
80g香飘飘椰果奶茶麦香味,饮料,茶饮料,53.5,12
燕塘红枣牛奶,饮料,乳制品,49.5,11
34g公仔迷你杯牛肉味,非饮料,方便速食,42.0,11
四洲粟一烧烧烤味,非饮料,膨化食品,126.0,11
怡宝矿泉水,饮料,水,22.0,11
泰奇八宝粥,非饮料,方便速食,83.5,11
70g乐事薯片（黄瓜味）,非饮料,膨化食品,77.0,11
150g洽洽原香瓜子,非饮料,坚果炒货,75.5,11
250ml维他奶黑豆奶饮品,饮料,植物蛋白,42.0,11
188g澳门永辉鸡仔饼,非饮料,饼干糕点,374.0,11
5片装益达绿箭口香糖,非饮料,糖果/巧克力,26.0,11
乐虎,饮料,功能饮料,49.0,11
40g上好佳日式鱼果,非饮料,膨化食品,53.0,10
劲仔小鱼,非饮料,肉干/豆制品/蛋,19.5,10
劲仔小鱼（卤香味）,非饮料,肉干/豆制品/蛋,21.0,10
维他原味豆奶,饮料,植物蛋白,38.5,10
鸡爪,非饮料,肉干/豆制品/蛋,18.0,9
70g乐事薯片原味,非饮料,膨化食品,58.5,9
150抽诗竹竹纤维面巾纸,非饮料,纸巾,57.6,9
50g双层百力滋特浓番茄味,非饮料,饼干糕点,40.5,9
劲仔小鱼（麻辣味）,非饮料,肉干/豆制品/蛋,54.0,9
凤爪,非饮料,肉干/豆制品/蛋,19.0,9
新麦潮天然酵母面包（牛奶风味）,非饮料,饼干糕点,48.0,9
40g卫龙点心面黑椒牛排味,非饮料,肉干/豆制品/蛋,48.5,8
奥利奥原味芝士,非饮料,饼干糕点,40.0,8
雪碧,饮料,碳酸饮料,63.0,8
250ml维他椰子植物蛋白饮料,饮料,植物蛋白,48.0,8
32g卫龙亲嘴烧川香味,非饮料,肉干/豆制品/蛋,18.0,8
咪咪,非饮料,膨化食品,8.0,8
美汁源果粒橙,饮料,果蔬饮料,36.0,8
260g马来西亚进口茱蒂丝口口香饼干,非饮料,饼干糕点,234.0,8
盼盼手撕面包,非饮料,饼干糕点,28.0,7
480ml小茗同学冷泡溜溜哒茶,饮料,茶饮料,50.5,7
68g多力多玉米片爆香热辣味,非饮料,膨化食品,56.0,7
丽芝士纳宝帝奶酪威化饼干,非饮料,饼干糕点,24.5,7
55g奥利奥迷你杯夹心小饼干杯装原味,非饮料,饼干糕点,38.5,7
益力多100g*5瓶,饮料,乳制品,89.5,7
50g双层百力滋奶咖味,非饮料,饼干糕点,35.5,7
燕塘甜牛奶,饮料,乳制品,31.5,7
统一阿萨姆奶茶,饮料,茶饮料,38.5,7
205ml安慕希蓝莓味,饮料,乳制品,40.6,7
维他奶黑豆奶饮品,饮料,植物蛋白,24.5,7
小茗同学,饮料,茶饮料,30.0,6
250ml维他椰子植物蛋白饮料9374,饮料,植物蛋白,24.0,6
500ml营养快线原味,饮料,乳制品,27.0,6
冰红茶（罐）,饮料,茶饮料,15.0,6
燕塘原味酸奶,饮料,乳制品,27.0,6
70g乐事薯片（原味）,非饮料,膨化食品,37.0,6
上好佳田园薯片,非饮料,膨化食品,24.0,6
多芙利香草奶油味蛋糕,非饮料,饼干糕点,36.0,6
180g统一满汉全席台式半筋半肉牛肉面,非饮料,方便速食,257.5,6
100g卫龙点心面黑椒牛排味,非饮料,肉干/豆制品/蛋,40.6,6
合味道（浓猪骨）,非饮料,方便速食,35.0,5
乐虎（380ml）,饮料,功能饮料,20.0,5
10g越南LIPO奶味面包干,非饮料,饼干糕点,8.0,5
脉动（青柠）,饮料,功能饮料,25.0,5
20g士力架,非饮料,糖果/巧克力,10.0,5
117gUFO炒面铁板色拉鱿鱼风味,非饮料,方便速食,32.5,5
可口可乐330ml（罐）,饮料,碳酸饮料,12.5,5
新麦潮手撕面包（提子味）,非饮料,饼干糕点,19.0,5
40g上好佳田园薯片番茄味,非饮料,膨化食品,27.0,5
130g果王玉带蚕豆,非饮料,坚果炒货,35.0,5
500ml统一冰糖雪梨,饮料,果蔬饮料,21.0,4
红利群（硬）,非饮料,香烟,60.0,4
经典奶茶,饮料,茶饮料,16.0,4
500ml康师傅冰糖雪梨,饮料,果蔬饮料,14.0,4
维他奶（巧克力味）,饮料,植物蛋白,13.0,4
越南LIPO奶味面包干100g,非饮料,饼干糕点,32.0,4
10g越南LIPO奶味面包干0015,非饮料,饼干糕点,4.5,4
500ML宝矿力,饮料,功能饮料,22.0,4
145g果王迷你山楂包装,非饮料,蜜饯/果干,28.0,4
78g合味道杯面香菇炖鸡风味,非饮料,方便速食,30.0,4
13g雀巢咖啡1+2特浓,饮料,咖啡,12.5,4
天地一号,饮料,果蔬饮料,20.0,4
加多宝,饮料,茶饮料,27.0,4
威化饼干,非饮料,饼干糕点,14.0,4
83g汤达人酸辣豚骨拉面,非饮料,方便速食,32.5,4
合味道（海鲜风味）,非饮料,方便速食,35.0,4
新麦潮北海道吐司,非饮料,饼干糕点,16.0,4
拿铁咖啡（统一）,饮料,咖啡,15.0,3
珠江纯生啤酒,饮料,功能饮料,13.0,3
500ml恒大冰泉矿泉水,饮料,水,12.5,3
20g咩咩世界虾味条,非饮料,膨化食品,3.2,3
旺仔牛奶145ml,饮料,乳制品,9.0,3
维他柠檬茶330ml（罐）,饮料,茶饮料,9.0,3
145ml旺仔牛奶罐装,饮料,乳制品,6.0,2
乐事薯片（青柠）,非饮料,膨化食品,16.0,2
口味王槟榔（绿色）,非饮料,蜜饯/果干,20.0,2
58.5g钙芝奶酪味高钙威化饼干,非饮料,饼干糕点,6.0,2
健能酸奶,饮料,乳制品,20.0,2
250ml香满楼纯牛奶,饮料,乳制品,7.0,2
劲仔小鱼（酱汁味）,非饮料,肉干/豆制品/蛋,4.5,2
56g益达无糖口香糖,非饮料,糖果/巧克力,26.0,2
汤达人方便面,非饮料,方便速食,10.0,2
劲仔小鱼（香辣味）,非饮料,肉干/豆制品/蛋,3.0,2
220g宝丰龙龟苓膏,非饮料,果冻/龟苓膏,9.0,2
123gUFO炒面XO酱海鲜风味,非饮料,方便速食,13.0,2
14g德芙巧克力,非饮料,糖果/巧克力,5.0,2
10g越南LIPO奶味面包干0046,非饮料,饼干糕点,4.0,2
220g宝丰龙龟苓膏菊花味,非饮料,果冻/龟苓膏,10.0,2
巧克力奶油味蛋糕,非饮料,饼干糕点,6.0,2
娃哈哈红枣酸奶,饮料,乳制品,7.0,2
安慕希酸奶,饮料,乳制品,12.0,2
40g盼盼手撕面包,非饮料,饼干糕点,2.0,1
182g徐福记凤梨酥,非饮料,饼干糕点,13.0,1
34g公仔迷你杯风味排骨味,非饮料,方便速食,3.5,1
80g粤光宝盒芒果干,非饮料,蜜饯/果干,11.0,1
新麦潮天然酵母面包（良品铺子）,非饮料,饼干糕点,4.0,1
100g越南LIPO奶味面包干,非饮料,饼干糕点,8.0,1
78g卫龙亲语,非饮料,肉干/豆制品/蛋,4.5,1
70g乐事薯片青柠味,非饮料,膨化食品,6.5,1
60g湖湘贡手撕鸭脖原味,非饮料,肉干/豆制品/蛋,6.0,1
康师傅拉面(袋),非饮料,方便速食,2.0,1
越南LIPO奶味面包干10g,非饮料,饼干糕点,2.0,1
钙芝奶酪味高钙威化饼干,非饮料,饼干糕点,1.5,1
味之不规则饼干（芝士味）,非饮料,饼干糕点,10.0,1
乐事薯片（黄瓜味）,非饮料,膨化食品,8.0,1
贡美苹果数据线,非饮料,其他,19.0,1
贡美忆江南充电宝5000mAh,非饮料,其他,58.0,1
小茗同学冷泡茶（乳酸菌味）,饮料,茶饮料,5.5,1
20g洽洽每日坚果,非饮料,坚果炒货,5.5,1
芦荟汁,饮料,果蔬饮料,6.0,1
脉动（椰子菠萝口味）,饮料,功能饮料,10.0,1
多力多滋（热辣味）,非饮料,膨化食品,7.5,1
120g达利园蔓越莓提子面包,非饮料,饼干糕点,6.0,1
和成天下（黄）,非饮料,香烟,10.0,1
65g格力高百力滋饼干巧克力味,非饮料,饼干糕点,5.5,1
