商品,大类,二级类,销售额,订单量
怡宝纯净水,饮料,水,12560.0,4964
脉动,饮料,功能饮料,12260.0,2778
东鹏特饮,饮料,功能饮料,9300.0,2581
阿萨姆奶茶,饮料,茶饮料,10150.0,2396
营养快线,饮料,乳制品,9576.0,2239
统一冰红茶,饮料,茶饮料,6250.0,1891
果粒橙,饮料,果蔬饮料,4736.0,1356
30g无穷农场盐_鸡蛋,非饮料,肉干/豆制品/蛋,4336.0,1312
统一绿茶,饮料,茶饮料,4230.0,1284
王老吉（罐）,饮料,茶饮料,4732.0,1258
250ml维他柠檬茶,饮料,茶饮料,4580.0,1173
王老吉（500ml）,饮料,茶饮料,5148.0,1160
250ml维他原味豆奶,饮料,植物蛋白,3790.0,1107
40g双汇玉米热狗肠,非饮料,肉干/豆制品/蛋,2336.0,1098
红牛,饮料,功能饮料,6724.0,1064
伊利优酸乳,饮料,乳制品,2828.0,1057
鸭翅,非饮料,肉干/豆制品/蛋,1704.0,967
雪碧最新款,饮料,碳酸饮料,2972.0,963
卫龙大面筋,非饮料,肉干/豆制品/蛋,2860.0,938
芬达330ml,饮料,碳酸饮料,2872.0,907
20g咪咪虾条马来西亚风味,非饮料,膨化食品,1788.0,886
香豆干,非饮料,肉干/豆制品/蛋,1009.5,871
13g无穷烤鸡小腿蜂蜜味,非饮料,肉干/豆制品/蛋,3512.0,849
可口可乐330ml,饮料,碳酸饮料,2352.0,783
145ml旺仔牛奶盒装,饮料,乳制品,2608.0,737
伊利纯牛奶,饮料,乳制品,2176.0,714
250ml燕塘原味酸奶,饮料,乳制品,3332.0,695
250ml燕塘甜牛奶,饮料,乳制品,3232.0,693
银鹭八宝粥,饮料,方便速食,2814.0,692
雪碧（500ml）,饮料,碳酸饮料,2150.0,646
250ml燕塘红枣牛奶,饮料,乳制品,3038.0,641
小鱼仔,非饮料,海味零食,746.0,614
可口可乐（500ml）,饮料,碳酸饮料,1954.0,596
86g合味道海鲜风味,非饮料,方便速食,3786.0,592
32g卫龙亲嘴烧,非饮料,肉干/豆制品/蛋,1537.0,586
可口可乐最新款,饮料,碳酸饮料,1764.0,582
85g新麦潮北海道吐司,非饮料,饼干糕点,1840.0,580
85g统一老坛酸菜牛肉面,非饮料,方便速食,3156.0,568
熊字饼,非饮料,饼干糕点,1812.0,557
12g劲仔小鱼麻辣味,非饮料,肉干/豆制品/蛋,1359.0,541
268ml雀巢咖啡丝滑拿铁,饮料,咖啡,3480.0,529
250ml红牛,饮料,功能饮料,4440.0,524
85g新麦潮手撕面包（提子味）,非饮料,饼干糕点,1606.0,501
维他柠檬茶,饮料,茶饮料,1530.0,444
430g泰奇八宝粥,非饮料,方便速食,2966.0,442
雪碧330ml,饮料,碳酸饮料,1289.0,432
维他奶,饮料,植物蛋白,1238.0,422
330ml伊利畅意乳酸菌原味,饮料,乳制品,2804.0,416
500ml统一阿萨姆奶茶,饮料,茶饮料,2222.0,414
600ml可口可乐,饮料,碳酸饮料,1462.0,391
250ml维他奶巧克力味,饮料,植物蛋白,1274.0,384
450ml美汁源果粒橙,饮料,果蔬饮料,1701.0,382
78g卫龙亲嘴语辣条,非饮料,肉干/豆制品/蛋,1726.0,377
口味王槟榔（绿）,非饮料,蜜饯/果干,3580.0,358
58g丽芝士纳宝帝奶酪威化饼干,非饮料,饼干糕点,1140.0,338
55g奥利奥原味芝士饼干,非饮料,饼干糕点,1440.0,334
70g乖媳妇野山泡椒凤爪,非饮料,肉干/豆制品/蛋,1328.0,334
2g韩国海牌海苔,非饮料,海味零食,875.0,327
怡宝,饮料,水,877.0,326
600ml雪碧,饮料,碳酸饮料,937.5,317
冰糖雪梨,饮料,果蔬饮料,1074.0,316
32g卫龙亲嘴烧红烧牛肉味,非饮料,肉干/豆制品/蛋,819.0,297
600ml脉动青柠,饮料,功能饮料,1477.0,292
205g伊利安慕希原味,饮料,乳制品,1996.0,289
45g双汇泡面拍挡,非饮料,肉干/豆制品/蛋,549.5,281
香脆肠,非饮料,肉干/豆制品/蛋,438.0,277
500ml加多宝,饮料,茶饮料,1308.0,275
85g嘉士利果乐果香夹心饼干蓝莓味,非饮料,饼干糕点,1258.0,270
咪咪虾条马来西亚风味,非饮料,膨化食品,468.2,270
75g新麦潮天然酵母面包（北海道牛奶风味）,非饮料,饼干糕点,775.0,269
美年达（罐）,饮料,碳酸饮料,769.5,264
茉莉蜜茶,饮料,茶饮料,815.5,261
52g旺旺仙贝,非饮料,膨化食品,1076.0,227
10g卫龙亲嘴烧香辣味,非饮料,肉干/豆制品/蛋,373.0,227
480ml小茗同学冷泡青柠红茶,饮料,茶饮料,1344.0,222
雀巢咖啡,饮料,咖啡,1614.0,218
100g*5瓶益力多,饮料,乳制品,3160.0,204
双汇玉米热狗肠,非饮料,肉干/豆制品/蛋,519.5,200
148g富甲一方紫薯仔,非饮料,蜜饯/果干,1313.0,191
150g健能酸奶原味,饮料,乳制品,988.0,189
160g盼盼手撕面包,非饮料,饼干糕点,1292.0,181
无穷农场盐_鸡蛋,非饮料,肉干/豆制品/蛋,580.5,178
65g卫龙亲嘴豆皮,非饮料,肉干/豆制品/蛋,841.0,177
110g顺宝九制话梅,非饮料,蜜饯/果干,856.5,177
维他原味豆奶,饮料,植物蛋白,738.5,177
68g好丽友巧克力派2枚,非饮料,饼干糕点,842.0,174
91g徐福记凤梨酥,非饮料,饼干糕点,1118.0,169
40g乐事薯片黄瓜味,非饮料,膨化食品,790.0,163
500ml农夫果园 (芒果+菠萝+番石榴),饮料,果蔬饮料,818.5,162
百事可乐500ml,饮料,碳酸饮料,489.5,161
80g四洲粟一烧烧烤味,非饮料,膨化食品,1233.0,156
20g马来西亚风味咪咪蟹味粒0219,非饮料,膨化食品,300.5,156
印尼芝士威化饼干,非饮料,饼干糕点,457.0,151
可乐可乐,饮料,碳酸饮料,612.0,146
口味王槟榔（红）,非饮料,蜜饯/果干,2068.0,141
40g乐事美国经典原味,非饮料,膨化食品,676.5,140
阿萨姆煎茶奶绿,饮料,茶饮料,560.0,140
250ML东鹏特饮,饮料,功能饮料,687.5,137
250ml维他奶低糖原味,饮料,植物蛋白,454.8,135
尖叫,饮料,功能饮料,547.0,129
无穷烤鸡小腿（蜂蜜）,非饮料,肉干/豆制品/蛋,606.0,129
30g元朗小蛋卷,非饮料,饼干糕点,365.0,129
好吃点小饼干,非饮料,饼干糕点,135.0,128
225g味之不规则饼干芝士味,非饮料,饼干糕点,1152.0,125
康师傅矿泉水,饮料,水,170.0,124
椰树牌椰汁,饮料,植物蛋白,539.5,118
卫龙亲嘴烧红烧牛肉味,非饮料,肉干/豆制品/蛋,298.5,117
180ml雀巢咖啡罐装,饮料,咖啡,684.0,115
40g呀土豆薯片滋香烤鸡味,非饮料,膨化食品,542.5,114
70g乐事薯片黄瓜味,非饮料,膨化食品,756.0,113
50g上好佳田园薯片番茄味,非饮料,膨化食品,507.5,112
芙蓉王,非饮料,香烟,2740.0,111
37.5g费列罗榛果威化巧克力3颗,非饮料,糖果/巧克力,1306.0,111
48g好丽友薯愿香烤原味,非饮料,膨化食品,538.0,105
50g上好佳日式鱼果,非饮料,膨化食品,486.0,100
55g奥利奥原味夹心饼干,非饮料,饼干糕点,492.5,100
乐虎,饮料,功能饮料,472.0,99
370g泰奇八宝粥,非饮料,方便速食,620.0,99
250ml统一麦香奶茶,饮料,茶饮料,332.5,99
40g呀土豆番茄酱味,非饮料,膨化食品,457.0,98
250ml王老吉盒装,饮料,茶饮料,300.0,96
手撕素肉排,非饮料,肉干/豆制品/蛋,113.0,96
合味道（海鲜风味）,非饮料,方便速食,734.5,96
丽芝士纳宝帝奶酪威化饼干,非饮料,饼干糕点,328.5,94
湘潭铺子(羽泉版),非饮料,蜜饯/果干,919.5,91
86g合味道浓猪骨味,非饮料,方便速食,567.0,89
劲仔小鱼（麻辣味）,非饮料,肉干/豆制品/蛋,380.5,88
奥利奥原味芝士,非饮料,饼干糕点,381.0,88
燕塘红枣牛奶,饮料,乳制品,463.5,88
260g马来西亚进口茱蒂丝口口香饼干,非饮料,饼干糕点,3330.0,87
韩国海牌海苔,非饮料,海味零食,228.5,85
150g洽洽原香瓜子,非饮料,坚果炒货,583.5,83
旺仔牛奶,饮料,乳制品,394.5,82
美汁源果粒橙,饮料,果蔬饮料,393.5,82
咪咪,非饮料,膨化食品,85.5,81
40g上好佳日式鱼果,非饮料,膨化食品,349.5,81
雪力矿泉水,饮料,水,160.0,80
统一来一桶香辣老坛酸菜牛肉面,非饮料,方便速食,511.5,80
燕塘甜牛奶,饮料,乳制品,373.5,80
凤爪,非饮料,肉干/豆制品/蛋,173.5,80
70g乐事薯片原味,非饮料,膨化食品,525.0,78
80g香飘飘椰果奶茶原味,饮料,茶饮料,409.5,77
好吃点,非饮料,饼干糕点,318.0,76
12g劲仔小鱼卤香味,非饮料,肉干/豆制品/蛋,212.5,76
50g马赛克手撕鱿鱼条,非饮料,海味零食,671.0,76
燕塘原味酸奶,饮料,乳制品,337.5,74
加多宝,饮料,茶饮料,392.0,73
诗竹竹纤维面巾纸,非饮料,纸巾,408.0,73
脉动（青柠）,饮料,功能饮料,435.0,72
80g香飘飘椰果奶茶麦香味,饮料,茶饮料,345.5,71
泰奇八宝粥,非饮料,方便速食,530.0,71
103g康师傅红烧牛肉面,非饮料,方便速食,412.5,70
70g乐事薯片（黄瓜味）,非饮料,膨化食品,437.0,70
100g果王咸柑桔罐装,非饮料,蜜饯/果干,440.0,69
5片装益达绿箭口香糖,非饮料,糖果/巧克力,148.0,68
34g公仔迷你杯牛肉味,非饮料,方便速食,267.5,68
500ml康师傅冰糖雪梨,饮料,果蔬饮料,265.0,67
统一阿萨姆奶茶,饮料,茶饮料,368.5,66
日式鱼果,非饮料,膨化食品,284.0,66
40g乐事薯片墨西哥鸡汁番茄味,非饮料,膨化食品,311.5,65
秒充,非饮料,其他,384.0,64
220g宝丰龙龟苓膏,非饮料,果冻/龟苓膏,305.0,64
188g澳门永辉鸡仔饼,非饮料,饼干糕点,2142.0,63
维他奶（巧克力味）,饮料,植物蛋白,258.0,61
乐事薯片（黄瓜味）,非饮料,膨化食品,473.0,61
68g好丽友蛋黄派2枚,非饮料,饼干糕点,278.0,61
雪碧,饮料,碳酸饮料,339.5,60
上好佳田园薯片,非饮料,膨化食品,257.0,59
80g马赛克香蕉片,非饮料,蜜饯/果干,429.5,59
益力多100g*5瓶,饮料,乳制品,747.0,58
农夫果园,饮料,果蔬饮料,382.5,55
百事可乐330ml,饮料,碳酸饮料,154.5,55
劲仔小鱼（卤香味）,非饮料,肉干/豆制品/蛋,119.0,53
旺仔牛奶145ml,饮料,乳制品,273.0,53
优益C活菌型乳酸菌饮品,饮料,乳制品,550.0,52
180g统一满汉全席台式半筋半肉牛肉面,非饮料,方便速食,2098.0,52
芦荟汁,饮料,果蔬饮料,307.0,52
145g果王迷你山楂包装,非饮料,蜜饯/果干,332.0,50
健能酸奶,饮料,乳制品,191.0,47
150抽诗竹竹纤维面巾纸,非饮料,纸巾,235.2,45
怡宝矿泉水,饮料,水,88.0,44
117gUFO炒面铁板色拉鱿鱼风味,非饮料,方便速食,305.5,44
32g卫龙亲嘴烧川香味,非饮料,肉干/豆制品/蛋,113.4,41
480ml小茗同学冷泡溜溜哒茶,饮料,茶饮料,280.0,41
乐虎（380ml）,饮料,功能饮料,163.0,40
70g乐事薯片（原味）,非饮料,膨化食品,225.5,39
新麦潮天然酵母面包（牛奶风味）,非饮料,饼干糕点,168.0,39
250ml维他椰子植物蛋白饮料,饮料,植物蛋白,218.0,39
145ml旺仔牛奶罐装,饮料,乳制品,141.0,38
500ml营养快线原味,饮料,乳制品,202.5,38
40g卫龙点心面黑椒牛排味,非饮料,肉干/豆制品/蛋,241.0,36
107g出前一丁桶面酱香牛肉王,非饮料,方便速食,228.0,35
130g果王玉带蚕豆,非饮料,坚果炒货,236.1,35
250ml维他奶黑豆奶饮品,饮料,植物蛋白,138.0,34
乖媳妇野山椒风爪,非饮料,肉干/豆制品/蛋,109.2,32
鸡爪,非饮料,肉干/豆制品/蛋,64.0,32
迷你纸巾,非饮料,纸巾,31.0,31
卫龙亲嘴烧麦辣鸡汁味,非饮料,肉干/豆制品/蛋,66.0,31
68g多力多玉米片爆香热辣味,非饮料,膨化食品,248.0,30
小茗同学,饮料,茶饮料,150.0,30
和成天下（黄）,非饮料,香烟,300.0,30
盼盼手撕面包,非饮料,饼干糕点,120.0,30
205ml安慕希蓝莓味,饮料,乳制品,179.9,29
55g奥利奥迷你杯夹心小饼干杯装原味,非饮料,饼干糕点,165.0,29
100g卫龙点心面黑椒牛排味,非饮料,肉干/豆制品/蛋,164.4,28
四洲粟一烧烧烤味,非饮料,膨化食品,278.0,28
50g双层百力滋特浓番茄味,非饮料,饼干糕点,121.5,26
味之不规则饼干（芝士味）,非饮料,饼干糕点,250.0,26
安慕希酸奶,饮料,乳制品,147.0,26
50g双层百力滋奶咖味,非饮料,饼干糕点,125.5,26
冰红茶（罐）,饮料,茶饮料,67.0,26
新麦潮北海道吐司,非饮料,饼干糕点,95.0,25
越南LIPO奶味面包干100g,非饮料,饼干糕点,200.0,25
123gUFO炒面XO酱海鲜风味,非饮料,方便速食,192.0,25
顺宝九制梅,非饮料,蜜饯/果干,120.0,24
83g汤达人酸辣豚骨拉面,非饮料,方便速食,156.0,22
500ML宝矿力,饮料,功能饮料,125.5,22
维他柠檬茶330ml（罐）,饮料,茶饮料,63.0,21
78g合味道杯面香菇炖鸡风味,非饮料,方便速食,126.0,20
34g公仔迷你杯风味排骨味,非饮料,方便速食,76.0,20
可口可乐330ml（罐）,饮料,碳酸饮料,49.5,19
78g卫龙亲语,非饮料,肉干/豆制品/蛋,85.5,19
经典奶茶,饮料,茶饮料,70.0,19
新麦潮天然酵母面包,非饮料,饼干糕点,84.0,18
乐事薯片（青柠）,非饮料,膨化食品,184.0,17
500ml恒大冰泉矿泉水,饮料,水,55.0,16
250ml维他椰子味豆奶7716,饮料,植物蛋白,42.5,16
多芙利香草奶油味蛋糕,非饮料,饼干糕点,96.0,16
13g雀巢咖啡1+2特浓,饮料,咖啡,70.0,16
500ml统一冰糖雪梨,饮料,果蔬饮料,59.0,15
天地一号,饮料,果蔬饮料,73.5,15
40g上好佳田园薯片番茄味,非饮料,膨化食品,78.5,15
拿铁咖啡（统一）,饮料,咖啡,75.0,14
脉动（椰子菠萝口味）,饮料,功能饮料,120.0,14
珠江纯生啤酒,饮料,功能饮料,59.0,13
巧克力奶油味蛋糕,非饮料,饼干糕点,59.0,12
新麦潮手撕面包（提子味）,非饮料,饼干糕点,57.0,12
250ml维他椰子植物蛋白饮料9374,饮料,植物蛋白,43.5,11
劲仔小鱼,非饮料,肉干/豆制品/蛋,21.0,11
新麦潮天然酵母面包（良品铺子）,非饮料,饼干糕点,42.0,11
维他奶黑豆奶饮品,饮料,植物蛋白,35.0,10
20g咩咩世界虾味条,非饮料,膨化食品,16.0,10
合味道（浓猪骨）,非饮料,方便速食,68.0,10
威化饼干,非饮料,饼干糕点,34.0,10
小茗同学冷泡茶（乳酸菌味）,饮料,茶饮料,53.5,9
10g越南LIPO奶味面包干,非饮料,饼干糕点,14.0,9
10g越南LIPO奶味面包干0015,非饮料,饼干糕点,65.5,9
80g盼盼手撕面包,非饮料,饼干糕点,36.0,9
250ml香满楼纯牛奶,饮料,乳制品,38.5,9
20g士力架,非饮料,糖果/巧克力,16.0,8
汤达人方便面,非饮料,方便速食,36.0,8
和成天下（红）,非饮料,香烟,105.0,7
口味王槟榔（绿色）,非饮料,蜜饯/果干,70.0,7
340ml蒙牛优益C乳酸菌,饮料,乳制品,49.0,7
330ml伊利畅意乳酸菌草莓味,饮料,乳制品,48.0,7
红利群（硬）,非饮料,香烟,90.0,6
小茗同学（青柠红茶）,饮料,茶饮料,40.5,6
220g宝丰龙龟苓膏绿豆味,非饮料,果冻/龟苓膏,32.0,6
每日特惠,非饮料,其他,8.0,6
40g盼盼手撕面包,非饮料,饼干糕点,14.0,6
12g劲仔小鱼（香辣味）,非饮料,肉干/豆制品/蛋,12.0,6
劲仔小鱼（酱汁味）,非饮料,肉干/豆制品/蛋,10.5,5
娃哈哈红枣酸奶,饮料,乳制品,17.5,5
70g乐事薯片青柠味,非饮料,膨化食品,34.0,5
10g越南LIPO奶味面包干0046,非饮料,饼干糕点,9.0,4
220g宝丰龙龟苓膏菊花味,非饮料,果冻/龟苓膏,25.0,4
多力多滋（热辣味）,非饮料,膨化食品,45.0,3
利群（硬）,非饮料,香烟,45.0,3
75g达利园柠檬蛋糕,非饮料,饼干糕点,13.5,3
汤达人桶面,非饮料,方便速食,9.0,3
味之不规则饼干（番茄味）,非饮料,饼干糕点,30.0,3
劲仔小鱼（香辣味）,非饮料,肉干/豆制品/蛋,4.5,3
14g德芙巧克力,非饮料,糖果/巧克力,7.5,3
贡美苹果数据线,非饮料,其他,38.0,2
100g越南LIPO奶味面包干,非饮料,饼干糕点,16.0,2
40g上好佳田园薯片,非饮料,膨化食品,9.0,2
可乐（500ml）,饮料,碳酸饮料,6.0,2
56g益达无糖口香糖,非饮料,糖果/巧克力,26.0,2
58.5g钙芝奶酪味高钙威化饼干,非饮料,饼干糕点,6.0,2
康师傅拉面(袋),非饮料,方便速食,7.0,2
20g洽洽每日坚果,非饮料,坚果炒货,16.5,2
贡美忆江南充电宝5000mAh,非饮料,其他,58.0,1
60g湖湘贡手撕鸭脖原味,非饮料,肉干/豆制品/蛋,6.0,1
60g溜溜九制梅,非饮料,蜜饯/果干,5.5,1
65g格力高百力滋饼干巧克力味,非饮料,饼干糕点,5.5,1
80g粤光宝盒芒果干,非饮料,蜜饯/果干,11.0,1
上好佳洋葱圈,非饮料,膨化食品,4.0,1
200g喜之郎/什锦果肉,非饮料,果冻/龟苓膏,5.0,1
120g达利园蔓越莓提子面包,非饮料,饼干糕点,6.0,1
味之不规则饼干（韩国泡菜味）,非饮料,膨化食品,10.0,1
182g徐福记凤梨酥,非饮料,饼干糕点,13.0,1
商品36,非饮料,其他,4.0,1
钙芝奶酪味高钙威化饼干,非饮料,饼干糕点,1.5,1
无穷烤鸡小腿,非饮料,肉干/豆制品/蛋,3.0,1
越南LIPO奶味面包干10g,非饮料,饼干糕点,2.0,1
立体声耳机（象牙白）,非饮料,其他,12.0,1
90g顺宝九制杨梅,非饮料,蜜饯/果干,5.0,1
