季节（A）,商品,大类,二级类,销售额,订单量
4,怡宝纯净水,饮料,水,560.0,277
4,东鹏特饮,饮料,功能饮料,710.0,201
3,怡宝纯净水,饮料,水,293.0,146
4,阿萨姆奶茶,饮料,茶饮料,577.5,144
4,脉动,饮料,功能饮料,565.5,137
4,营养快线,饮料,乳制品,501.5,123
3,东鹏特饮,饮料,功能饮料,422.5,120
4,统一冰红茶,饮料,茶饮料,347.0,115
4,30g无穷农场盐_鸡蛋,非饮料,肉干/豆制品/蛋,355.0,108
3,阿萨姆奶茶,饮料,茶饮料,394.0,98
2,30g无穷农场盐_鸡蛋,非饮料,肉干/豆制品/蛋,384.5,95
4,13g无穷烤鸡小腿蜂蜜味,非饮料,肉干/豆制品/蛋,342.0,87
2,东鹏特饮,饮料,功能饮料,305.0,86
2,怡宝纯净水,饮料,水,171.0,85
4,红牛,饮料,功能饮料,509.5,83
4,统一绿茶,饮料,茶饮料,257.0,82
3,脉动,饮料,功能饮料,327.0,81
2,20g咪咪虾条马来西亚风味,非饮料,膨化食品,181.2,75
2,40g双汇玉米热狗肠,非饮料,肉干/豆制品/蛋,148.5,74
2,250ml维他柠檬茶,饮料,茶饮料,267.5,74
4,鸭翅,非饮料,肉干/豆制品/蛋,125.5,74
4,卫龙大面筋,非饮料,肉干/豆制品/蛋,205.0,68
2,脉动,饮料,功能饮料,284.5,68
4,果粒橙,饮料,果蔬饮料,205.0,67
4,250ml维他原味豆奶,饮料,植物蛋白,229.6,66
4,40g双汇玉米热狗肠,非饮料,肉干/豆制品/蛋,142.5,66
2,13g无穷烤鸡小腿蜂蜜味,非饮料,肉干/豆制品/蛋,272.0,65
3,营养快线,饮料,乳制品,257.0,64
2,阿萨姆奶茶,饮料,茶饮料,255.5,64
4,20g咪咪虾条马来西亚风味,非饮料,膨化食品,144.6,63
4,小鱼仔,非饮料,海味零食,78.0,63
2,250ml维他原味豆奶,饮料,植物蛋白,210.2,62
4,250ml燕塘红枣牛奶,饮料,乳制品,283.0,62
4,250ml维他柠檬茶,饮料,茶饮料,297.5,61
4,伊利优酸乳,饮料,乳制品,146.5,61
4,145ml旺仔牛奶盒装,饮料,乳制品,203.5,61
4,香豆干,非饮料,肉干/豆制品/蛋,73.0,59
2,32g卫龙亲嘴烧,非饮料,肉干/豆制品/蛋,172.8,59
4,250ml燕塘原味酸奶,饮料,乳制品,277.5,58
4,32g卫龙亲嘴烧,非饮料,肉干/豆制品/蛋,171.0,58
4,250ml燕塘甜牛奶,饮料,乳制品,274.5,57
3,统一冰红茶,饮料,茶饮料,157.0,52
2,营养快线,饮料,乳制品,207.5,51
4,86g合味道海鲜风味,非饮料,方便速食,334.5,49
4,雪碧（500ml）,饮料,碳酸饮料,142.2,48
3,30g无穷农场盐_鸡蛋,非饮料,肉干/豆制品/蛋,147.5,48
4,伊利纯牛奶,饮料,乳制品,132.0,47
4,12g劲仔小鱼麻辣味,非饮料,肉干/豆制品/蛋,131.0,46
3,伊利优酸乳,饮料,乳制品,113.0,46
4,雪碧最新款,饮料,碳酸饮料,133.0,45
4,85g统一老坛酸菜牛肉面,非饮料,方便速食,274.0,45
4,可口可乐（500ml）,饮料,碳酸饮料,136.0,45
2,145ml旺仔牛奶盒装,饮料,乳制品,186.0,44
4,王老吉（500ml）,饮料,茶饮料,168.0,42
2,250ml燕塘红枣牛奶,饮料,乳制品,202.5,42
2,250ml燕塘甜牛奶,饮料,乳制品,189.0,41
1,东鹏特饮,饮料,功能饮料,146.0,41
4,银鹭八宝粥,饮料,方便速食,162.0,40
3,250ml维他原味豆奶,饮料,植物蛋白,169.2,40
4,85g新麦潮手撕面包（提子味）,非饮料,饼干糕点,127.0,40
4,268ml雀巢咖啡丝滑拿铁,饮料,咖啡,254.5,39
3,13g无穷烤鸡小腿蜂蜜味,非饮料,肉干/豆制品/蛋,213.5,39
2,统一冰红茶,饮料,茶饮料,114.0,38
2,86g合味道海鲜风味,非饮料,方便速食,234.0,38
3,卫龙大面筋,非饮料,肉干/豆制品/蛋,113.0,37
2,红牛,饮料,功能饮料,224.0,37
4,85g新麦潮北海道吐司,非饮料,饼干糕点,114.5,37
3,红牛,饮料,功能饮料,221.0,36
4,330ml伊利畅意乳酸菌原味,饮料,乳制品,237.0,35
3,果粒橙,饮料,果蔬饮料,106.5,34
3,王老吉（500ml）,饮料,茶饮料,136.0,34
2,12g劲仔小鱼麻辣味,非饮料,肉干/豆制品/蛋,100.5,34
4,雪碧330ml,饮料,碳酸饮料,88.5,33
4,可口可乐最新款,饮料,碳酸饮料,100.0,33
4,口味王槟榔（绿）,非饮料,蜜饯/果干,330.0,33
3,250ml维他柠檬茶,饮料,茶饮料,120.0,33
3,雪碧（500ml）,饮料,碳酸饮料,97.5,32
3,鸭翅,非饮料,肉干/豆制品/蛋,55.5,32
4,王老吉（罐）,饮料,茶饮料,118.0,32
2,32g卫龙亲嘴烧红烧牛肉味,非饮料,肉干/豆制品/蛋,70.2,32
4,250ml红牛,饮料,功能饮料,236.5,32
2,85g统一老坛酸菜牛肉面,非饮料,方便速食,186.5,32
3,统一绿茶,饮料,茶饮料,95.0,31
4,430g泰奇八宝粥,非饮料,方便速食,196.5,30
2,250ml燕塘原味酸奶,饮料,乳制品,138.0,30
2,果粒橙,饮料,果蔬饮料,95.5,30
3,银鹭八宝粥,饮料,方便速食,120.0,30
2,伊利优酸乳,饮料,乳制品,72.5,29
2,78g卫龙亲嘴语辣条,非饮料,肉干/豆制品/蛋,130.5,29
2,70g乖媳妇野山泡椒凤爪,非饮料,肉干/豆制品/蛋,98.5,29
4,维他奶,饮料,植物蛋白,82.0,29
4,78g卫龙亲嘴语辣条,非饮料,肉干/豆制品/蛋,142.0,29
4,250ml维他奶巧克力味,饮料,植物蛋白,87.0,28
2,卫龙大面筋,非饮料,肉干/豆制品/蛋,85.0,28
2,85g新麦潮北海道吐司,非饮料,饼干糕点,91.0,28
3,可口可乐（500ml）,饮料,碳酸饮料,84.0,28
2,统一绿茶,饮料,茶饮料,85.5,28
2,250ml维他奶巧克力味,饮料,植物蛋白,82.5,28
2,雪碧（500ml）,饮料,碳酸饮料,80.6,27
4,70g乖媳妇野山泡椒凤爪,非饮料,肉干/豆制品/蛋,121.0,27
2,鸭翅,非饮料,肉干/豆制品/蛋,43.5,27
3,20g咪咪虾条马来西亚风味,非饮料,膨化食品,57.2,27
4,450ml美汁源果粒橙,饮料,果蔬饮料,141.0,27
4,维他柠檬茶,饮料,茶饮料,83.5,27
4,怡宝,饮料,水,54.0,27
2,香豆干,非饮料,肉干/豆制品/蛋,31.0,26
2,40g乐事薯片黄瓜味,非饮料,膨化食品,126.0,26
4,芬达330ml,饮料,碳酸饮料,67.5,26
2,250ml红牛,饮料,功能饮料,188.5,25
4,32g卫龙亲嘴烧红烧牛肉味,非饮料,肉干/豆制品/蛋,77.4,25
2,85g新麦潮手撕面包（提子味）,非饮料,饼干糕点,90.0,25
3,熊字饼,非饮料,饼干糕点,75.0,25
3,40g双汇玉米热狗肠,非饮料,肉干/豆制品/蛋,49.5,25
2,268ml雀巢咖啡丝滑拿铁,饮料,咖啡,156.0,24
4,可口可乐330ml,饮料,碳酸饮料,61.0,24
2,500ml统一阿萨姆奶茶,饮料,茶饮料,135.0,24
3,85g新麦潮北海道吐司,非饮料,饼干糕点,86.5,24
2,可口可乐（500ml）,饮料,碳酸饮料,76.0,24
4,45g双汇泡面拍挡,非饮料,肉干/豆制品/蛋,43.5,24
3,250ml燕塘甜牛奶,饮料,乳制品,111.5,24
4,55g奥利奥原味芝士饼干,非饮料,饼干糕点,99.0,24
4,500ml统一阿萨姆奶茶,饮料,茶饮料,132.0,24
4,600ml可口可乐,饮料,碳酸饮料,109.0,24
1,脉动,饮料,功能饮料,95.5,23
4,58g丽芝士纳宝帝奶酪威化饼干,非饮料,饼干糕点,89.0,23
1,怡宝纯净水,饮料,水,46.5,23
1,统一冰红茶,饮料,茶饮料,69.5,23
3,小鱼仔,非饮料,海味零食,27.0,23
4,52g旺旺仙贝,非饮料,膨化食品,112.5,23
2,王老吉（500ml）,饮料,茶饮料,92.5,23
4,茉莉蜜茶,饮料,茶饮料,71.5,23
3,145ml旺仔牛奶盒装,饮料,乳制品,54.5,22
3,268ml雀巢咖啡丝滑拿铁,饮料,咖啡,126.0,22
3,香豆干,非饮料,肉干/豆制品/蛋,26.5,22
2,卫龙亲嘴烧红烧牛肉味,非饮料,肉干/豆制品/蛋,40.5,22
4,205g伊利安慕希原味,饮料,乳制品,159.5,22
2,450ml美汁源果粒橙,饮料,果蔬饮料,118.0,22
2,58g丽芝士纳宝帝奶酪威化饼干,非饮料,饼干糕点,75.0,22
4,冰糖雪梨,饮料,果蔬饮料,73.0,22
4,148g富甲一方紫薯仔,非饮料,蜜饯/果干,149.5,21
4,2g韩国海牌海苔,非饮料,海味零食,55.38,21
3,32g卫龙亲嘴烧,非饮料,肉干/豆制品/蛋,52.2,21
2,小鱼仔,非饮料,海味零食,23.5,21
2,2g韩国海牌海苔,非饮料,海味零食,51.0,20
2,430g泰奇八宝粥,非饮料,方便速食,130.0,20
3,85g统一老坛酸菜牛肉面,非饮料,方便速食,97.5,20
1,阿萨姆奶茶,饮料,茶饮料,80.5,20
3,250ml燕塘原味酸奶,饮料,乳制品,113.0,20
2,王老吉（罐）,饮料,茶饮料,72.0,19
4,雪力矿泉水,饮料,水,38.0,19
4,雀巢咖啡,饮料,咖啡,130.5,19
4,600ml脉动青柠,饮料,功能饮料,90.0,19
3,维他柠檬茶,饮料,茶饮料,58.5,19
2,600ml脉动青柠,饮料,功能饮料,102.5,19
3,12g劲仔小鱼麻辣味,非饮料,肉干/豆制品/蛋,42.0,19
3,250ml燕塘红枣牛奶,饮料,乳制品,89.0,19
1,鸭翅,非饮料,肉干/豆制品/蛋,32.0,19
3,口味王槟榔（绿）,非饮料,蜜饯/果干,190.0,19
4,85g嘉士利果乐果香夹心饼干蓝莓味,非饮料,饼干糕点,85.5,19
2,银鹭八宝粥,饮料,方便速食,77.5,19
2,52g旺旺仙贝,非饮料,膨化食品,90.0,19
4,80g四洲粟一烧烧烤味,非饮料,膨化食品,142.5,18
4,100g*5瓶益力多,饮料,乳制品,234.5,18
2,45g双汇泡面拍挡,非饮料,肉干/豆制品/蛋,33.0,18
2,伊利纯牛奶,饮料,乳制品,51.0,18
2,咪咪虾条马来西亚风味,非饮料,膨化食品,21.6,18
4,110g顺宝九制话梅,非饮料,蜜饯/果干,88.8,18
4,40g乐事薯片黄瓜味,非饮料,膨化食品,85.0,18
1,卫龙大面筋,非饮料,肉干/豆制品/蛋,55.0,18
1,营养快线,饮料,乳制品,70.0,17
4,500ml加多宝,饮料,茶饮料,91.0,17
2,可口可乐330ml,饮料,碳酸饮料,43.0,17
4,480ml小茗同学冷泡青柠红茶,饮料,茶饮料,94.0,17
2,205g伊利安慕希原味,饮料,乳制品,121.0,16
1,香豆干,非饮料,肉干/豆制品/蛋,19.0,16
3,450ml美汁源果粒橙,饮料,果蔬饮料,76.0,16
2,40g乐事美国经典原味,非饮料,膨化食品,80.0,16
4,91g徐福记凤梨酥,非饮料,饼干糕点,104.0,16
3,86g合味道海鲜风味,非饮料,方便速食,101.0,16
1,雪碧（500ml）,饮料,碳酸饮料,48.0,16
3,伊利纯牛奶,饮料,乳制品,42.0,16
2,330ml伊利畅意乳酸菌原味,饮料,乳制品,104.0,16
3,雪碧330ml,饮料,碳酸饮料,43.0,16
4,无穷农场盐_鸡蛋,非饮料,肉干/豆制品/蛋,62.0,16
1,40g双汇玉米热狗肠,非饮料,肉干/豆制品/蛋,39.0,16
4,600ml雪碧,饮料,碳酸饮料,50.28,15
4,40g呀土豆薯片滋香烤鸡味,非饮料,膨化食品,67.5,15
4,卫龙亲嘴烧红烧牛肉味,非饮料,肉干/豆制品/蛋,33.0,15
2,600ml雪碧,饮料,碳酸饮料,37.2,15
2,55g奥利奥原味芝士饼干,非饮料,饼干糕点,61.5,15
2,500ml加多宝,饮料,茶饮料,81.0,15
3,10g卫龙亲嘴烧香辣味,非饮料,肉干/豆制品/蛋,22.7,15
3,330ml伊利畅意乳酸菌原味,饮料,乳制品,89.5,15
4,75g新麦潮天然酵母面包（北海道牛奶风味）,非饮料,饼干糕点,40.0,15
2,维他奶,饮料,植物蛋白,40.5,15
4,65g卫龙亲嘴豆皮,非饮料,肉干/豆制品/蛋,72.0,15
4,熊字饼,非饮料,饼干糕点,46.0,15
2,75g新麦潮天然酵母面包（北海道牛奶风味）,非饮料,饼干糕点,40.0,14
3,维他奶,饮料,植物蛋白,38.5,14
4,口味王槟榔（红）,非饮料,蜜饯/果干,190.0,14
2,48g好丽友薯愿香烤原味,非饮料,膨化食品,70.0,14
2,无穷农场盐_鸡蛋,非饮料,肉干/豆制品/蛋,42.5,14
3,王老吉（罐）,饮料,茶饮料,54.0,14
1,果粒橙,饮料,果蔬饮料,42.0,14
4,250ml维他奶低糖原味,饮料,植物蛋白,47.8,14
3,怡宝,饮料,水,28.0,14
3,85g新麦潮手撕面包（提子味）,非饮料,饼干糕点,47.0,14
1,银鹭八宝粥,饮料,方便速食,56.5,14
4,香脆肠,非饮料,肉干/豆制品/蛋,22.0,14
4,370g泰奇八宝粥,非饮料,方便速食,90.0,14
3,75g新麦潮天然酵母面包（北海道牛奶风味）,非饮料,饼干糕点,42.0,13
4,印尼芝士威化饼干,非饮料,饼干糕点,39.0,13
4,160g盼盼手撕面包,非饮料,饼干糕点,95.0,13
2,50g上好佳日式鱼果,非饮料,膨化食品,58.5,13
4,68g好丽友巧克力派2枚,非饮料,饼干糕点,58.5,13
4,150g健能酸奶原味,饮料,乳制品,81.0,13
3,500ml统一阿萨姆奶茶,饮料,茶饮料,69.5,13
3,雪碧最新款,饮料,碳酸饮料,35.5,13
2,85g嘉士利果乐果香夹心饼干蓝莓味,非饮料,饼干糕点,58.5,13
4,500ml农夫果园 (芒果+菠萝+番石榴),饮料,果蔬饮料,77.5,13
4,湘潭铺子(羽泉版),非饮料,蜜饯/果干,130.0,13
1,30g无穷农场盐_鸡蛋,非饮料,肉干/豆制品/蛋,35.0,13
3,芬达330ml,饮料,碳酸饮料,30.5,12
3,250ml维他奶巧克力味,饮料,植物蛋白,54.5,12
2,91g徐福记凤梨酥,非饮料,饼干糕点,78.0,12
3,205g伊利安慕希原味,饮料,乳制品,77.0,12
3,250ml红牛,饮料,功能饮料,84.0,12
3,32g卫龙亲嘴烧红烧牛肉味,非饮料,肉干/豆制品/蛋,43.2,12
4,康师傅矿泉水,饮料,水,17.0,12
2,180ml雀巢咖啡罐装,饮料,咖啡,67.5,12
2,250ml王老吉盒装,饮料,茶饮料,32.5,12
3,430g泰奇八宝粥,非饮料,方便速食,76.0,12
3,70g乖媳妇野山泡椒凤爪,非饮料,肉干/豆制品/蛋,55.5,12
2,480ml小茗同学冷泡青柠红茶,饮料,茶饮料,81.0,12
1,250ml维他柠檬茶,饮料,茶饮料,48.0,12
4,咪咪虾条马来西亚风味,非饮料,膨化食品,15.195,12
4,225g味之不规则饼干芝士味,非饮料,饼干糕点,110.0,11
2,无穷烤鸡小腿（蜂蜜）,非饮料,肉干/豆制品/蛋,36.0,11
4,美年达（罐）,饮料,碳酸饮料,32.0,11
4,12g劲仔小鱼卤香味,非饮料,肉干/豆制品/蛋,30.0,11
2,110g顺宝九制话梅,非饮料,蜜饯/果干,60.0,11
2,500ml农夫果园 (芒果+菠萝+番石榴),饮料,果蔬饮料,58.5,11
3,100g*5瓶益力多,饮料,乳制品,161.0,11
2,雪碧最新款,饮料,碳酸饮料,31.5,11
4,37.5g费列罗榛果威化巧克力3颗,非饮料,糖果/巧克力,128.5,11
4,手撕素肉排,非饮料,肉干/豆制品/蛋,11.8,11
3,好吃点小饼干,非饮料,饼干糕点,11.0,11
2,雪碧330ml,饮料,碳酸饮料,25.5,10
4,双汇玉米热狗肠,非饮料,肉干/豆制品/蛋,24.0,10
4,86g合味道浓猪骨味,非饮料,方便速食,73.0,10
3,600ml可口可乐,饮料,碳酸饮料,48.0,10
2,香脆肠,非饮料,肉干/豆制品/蛋,15.5,10
2,80g四洲粟一烧烧烤味,非饮料,膨化食品,89.0,10
3,600ml脉动青柠,饮料,功能饮料,48.3,10
2,茉莉蜜茶,饮料,茶饮料,32.5,10
4,48g好丽友薯愿香烤原味,非饮料,膨化食品,50.0,10
1,32g卫龙亲嘴烧,非饮料,肉干/豆制品/蛋,21.6,10
3,500ml加多宝,饮料,茶饮料,49.5,10
3,冰糖雪梨,饮料,果蔬饮料,31.5,10
3,30g元朗小蛋卷,非饮料,饼干糕点,27.5,10
1,红牛,饮料,功能饮料,61.5,10
4,百事可乐500ml,饮料,碳酸饮料,30.5,10
4,40g乐事美国经典原味,非饮料,膨化食品,49.5,10
1,13g无穷烤鸡小腿蜂蜜味,非饮料,肉干/豆制品/蛋,33.0,10
2,20g马来西亚风味咪咪蟹味粒0219,非饮料,膨化食品,13.59,10
4,阿萨姆煎茶奶绿,饮料,茶饮料,40.0,10
2,100g*5瓶益力多,饮料,乳制品,212.5,10
4,100g果王咸柑桔罐装,非饮料,蜜饯/果干,64.0,10
1,统一绿茶,饮料,茶饮料,31.0,10
4,芙蓉王,非饮料,香烟,240.0,10
4,好吃点小饼干,非饮料,饼干糕点,10.0,9
1,伊利纯牛奶,饮料,乳制品,27.5,9
3,雀巢咖啡,饮料,咖啡,61.5,9
1,怡宝,饮料,水,18.0,9
4,日式鱼果,非饮料,膨化食品,35.5,9
4,怡宝矿泉水,饮料,水,18.0,9
1,85g新麦潮北海道吐司,非饮料,饼干糕点,22.0,9
1,王老吉（500ml）,饮料,茶饮料,36.0,9
4,20g马来西亚风味咪咪蟹味粒0219,非饮料,膨化食品,33.2,9
4,80g马赛克香蕉片,非饮料,蜜饯/果干,63.0,9
2,160g盼盼手撕面包,非饮料,饼干糕点,70.0,9
4,新麦潮天然酵母面包,非饮料,饼干糕点,40.0,9
4,50g上好佳日式鱼果,非饮料,膨化食品,45.0,9
2,150g健能酸奶原味,饮料,乳制品,63.0,9
4,50g马赛克手撕鱿鱼条,非饮料,海味零食,78.8,9
3,可口可乐330ml,饮料,碳酸饮料,23.0,9
1,雪碧最新款,饮料,碳酸饮料,27.5,9
4,卫龙亲嘴烧麦辣鸡汁味,非饮料,肉干/豆制品/蛋,15.0,9
4,10g卫龙亲嘴烧香辣味,非饮料,肉干/豆制品/蛋,9.2,8
2,印尼芝士威化饼干,非饮料,饼干糕点,24.5,8
1,维他柠檬茶,饮料,茶饮料,24.5,8
4,180ml雀巢咖啡罐装,饮料,咖啡,45.0,8
3,45g双汇泡面拍挡,非饮料,肉干/豆制品/蛋,13.5,8
4,50g上好佳田园薯片番茄味,非饮料,膨化食品,36.0,8
2,芬达330ml,饮料,碳酸饮料,20.5,8
2,可口可乐最新款,饮料,碳酸饮料,24.5,8
3,58g丽芝士纳宝帝奶酪威化饼干,非饮料,饼干糕点,32.5,8
1,雪碧330ml,饮料,碳酸饮料,21.5,8
4,尖叫,饮料,功能饮料,32.0,8
2,37.5g费列罗榛果威化巧克力3颗,非饮料,糖果/巧克力,94.4,8
3,600ml雪碧,饮料,碳酸饮料,19.5,8
4,70g乐事薯片黄瓜味,非饮料,膨化食品,52.5,8
3,68g好丽友巧克力派2枚,非饮料,饼干糕点,35.0,8
4,统一来一桶香辣老坛酸菜牛肉面,非饮料,方便速食,55.0,8
2,优益C活菌型乳酸菌饮品,饮料,乳制品,56.0,8
2,50g上好佳田园薯片番茄味,非饮料,膨化食品,36.0,8
2,55g奥利奥原味夹心饼干,非饮料,饼干糕点,39.0,8
1,可口可乐最新款,饮料,碳酸饮料,23.5,8
1,70g乖媳妇野山泡椒凤爪,非饮料,肉干/豆制品/蛋,28.0,8
4,68g好丽友蛋黄派2枚,非饮料,饼干糕点,35.0,8
2,5片装益达绿箭口香糖,非饮料,糖果/巧克力,20.0,8
3,148g富甲一方紫薯仔,非饮料,蜜饯/果干,58.5,8
2,新麦潮天然酵母面包,非饮料,饼干糕点,36.0,7
2,370g泰奇八宝粥,非饮料,方便速食,41.0,7
2,30g元朗小蛋卷,非饮料,饼干糕点,27.5,7
2,34g公仔迷你杯牛肉味,非饮料,方便速食,28.0,7
4,103g康师傅红烧牛肉面,非饮料,方便速食,38.5,7
3,口味王槟榔（红）,非饮料,蜜饯/果干,90.0,7
1,250ml维他原味豆奶,饮料,植物蛋白,21.0,7
3,480ml小茗同学冷泡青柠红茶,饮料,茶饮料,34.0,7
2,250ml统一麦香奶茶,饮料,茶饮料,20.0,7
1,小鱼仔,非饮料,海味零食,9.0,7
3,91g徐福记凤梨酥,非饮料,饼干糕点,45.5,7
3,110g顺宝九制话梅,非饮料,蜜饯/果干,33.8,7
1,伊利优酸乳,饮料,乳制品,16.5,7
2,148g富甲一方紫薯仔,非饮料,蜜饯/果干,45.5,7
3,40g乐事薯片黄瓜味,非饮料,膨化食品,36.0,7
2,12g劲仔小鱼卤香味,非饮料,肉干/豆制品/蛋,30.0,7
2,手撕素肉排,非饮料,肉干/豆制品/蛋,7.8,7
2,70g乐事薯片黄瓜味,非饮料,膨化食品,45.5,7
2,40g呀土豆薯片滋香烤鸡味,非饮料,膨化食品,31.0,7
2,80g香飘飘椰果奶茶麦香味,饮料,茶饮料,31.5,7
4,咪咪,非饮料,膨化食品,7.0,7
4,椰树牌椰汁,饮料,植物蛋白,31.5,7
2,600ml可口可乐,饮料,碳酸饮料,24.0,7
4,40g乐事薯片墨西哥鸡汁番茄味,非饮料,膨化食品,31.5,7
2,好吃点,非饮料,饼干糕点,30.5,7
2,40g呀土豆番茄酱味,非饮料,膨化食品,31.5,7
4,无穷烤鸡小腿（蜂蜜）,非饮料,肉干/豆制品/蛋,21.0,7
4,百事可乐330ml,饮料,碳酸饮料,18.0,7
3,80g四洲粟一烧烧烤味,非饮料,膨化食品,51.5,7
4,30g元朗小蛋卷,非饮料,饼干糕点,17.5,7
1,百事可乐500ml,饮料,碳酸饮料,21.0,7
2,65g卫龙亲嘴豆皮,非饮料,肉干/豆制品/蛋,31.5,7
2,双汇玉米热狗肠,非饮料,肉干/豆制品/蛋,14.0,6
3,78g卫龙亲嘴语辣条,非饮料,肉干/豆制品/蛋,30.5,6
2,口味王槟榔（绿）,非饮料,蜜饯/果干,60.0,6
2,250ml维他奶黑豆奶饮品,饮料,植物蛋白,24.0,6
2,诗竹竹纤维面巾纸,非饮料,纸巾,33.6,6
2,口味王槟榔（红）,非饮料,蜜饯/果干,90.0,6
4,诗竹竹纤维面巾纸,非饮料,纸巾,33.6,6
1,芙蓉王,非饮料,香烟,148.0,6
4,70g乐事薯片原味,非饮料,膨化食品,39.0,6
2,80g马赛克香蕉片,非饮料,蜜饯/果干,42.0,6
1,268ml雀巢咖啡丝滑拿铁,饮料,咖啡,33.0,6
3,可乐可乐,饮料,碳酸饮料,35.0,6
3,70g乐事薯片黄瓜味,非饮料,膨化食品,36.5,6
2,劲仔小鱼,非饮料,肉干/豆制品/蛋,13.5,6
2,韩国海牌海苔,非饮料,海味零食,12.8,6
2,50g马赛克手撕鱿鱼条,非饮料,海味零食,54.0,6
4,40g呀土豆番茄酱味,非饮料,膨化食品,26.5,6
4,150抽诗竹竹纤维面巾纸,非饮料,纸巾,43.2,6
3,40g呀土豆番茄酱味,非饮料,膨化食品,27.0,6
4,80g香飘飘椰果奶茶原味,饮料,茶饮料,31.5,6
3,160g盼盼手撕面包,非饮料,饼干糕点,48.0,6
2,250ML东鹏特饮,饮料,功能饮料,27.0,6
3,茉莉蜜茶,饮料,茶饮料,18.0,6
4,鸡爪,非饮料,肉干/豆制品/蛋,12.0,6
4,统一阿萨姆奶茶,饮料,茶饮料,33.0,6
1,32g卫龙亲嘴烧红烧牛肉味,非饮料,肉干/豆制品/蛋,10.8,6
3,可口可乐最新款,饮料,碳酸饮料,17.5,6
1,86g合味道海鲜风味,非饮料,方便速食,36.0,6
3,55g奥利奥原味芝士饼干,非饮料,饼干糕点,26.0,6
3,250ml维他奶低糖原味,饮料,植物蛋白,20.8,6
2,68g好丽友蛋黄派2枚,非饮料,饼干糕点,27.0,6
3,85g嘉士利果乐果香夹心饼干蓝莓味,非饮料,饼干糕点,27.0,6
4,107g出前一丁桶面酱香牛肉王,非饮料,方便速食,36.0,6
2,68g好丽友巧克力派2枚,非饮料,饼干糕点,26.0,6
4,旺仔牛奶,饮料,乳制品,30.5,6
2,100g果王咸柑桔罐装,非饮料,蜜饯/果干,39.0,6
3,250ML东鹏特饮,饮料,功能饮料,30.5,6
4,250ml王老吉盒装,饮料,茶饮料,15.0,6
3,咪咪虾条马来西亚风味,非饮料,膨化食品,12.8,6
3,150g健能酸奶原味,饮料,乳制品,20.0,5
3,2g韩国海牌海苔,非饮料,海味零食,11.195,5
2,70g乐事薯片（黄瓜味）,非饮料,膨化食品,32.5,5
1,330ml伊利畅意乳酸菌原味,饮料,乳制品,36.0,5
4,55g奥利奥原味夹心饼干,非饮料,饼干糕点,21.0,5
4,32g卫龙亲嘴烧川香味,非饮料,肉干/豆制品/蛋,12.6,5
4,泰奇八宝粥,非饮料,方便速食,42.0,5
3,农夫果园,饮料,果蔬饮料,46.5,5
1,55g奥利奥原味芝士饼干,非饮料,饼干糕点,20.0,5
2,103g康师傅红烧牛肉面,非饮料,方便速食,27.5,5
2,86g合味道浓猪骨味,非饮料,方便速食,30.0,5
4,韩国海牌海苔,非饮料,海味零食,11.195,5
2,怡宝,饮料,水,10.0,5
2,乐虎,饮料,功能饮料,24.0,5
2,统一来一桶香辣老坛酸菜牛肉面,非饮料,方便速食,27.5,5
4,农夫果园,饮料,果蔬饮料,33.0,5
4,250ml统一麦香奶茶,饮料,茶饮料,17.5,5
3,手撕素肉排,非饮料,肉干/豆制品/蛋,5.6,5
2,百事可乐500ml,饮料,碳酸饮料,15.5,5
4,凤爪,非饮料,肉干/豆制品/蛋,9.5,5
1,78g卫龙亲嘴语辣条,非饮料,肉干/豆制品/蛋,22.5,5
4,维他原味豆奶,饮料,植物蛋白,21.0,5
3,50g上好佳日式鱼果,非饮料,膨化食品,27.0,5
4,劲仔小鱼（卤香味）,非饮料,肉干/豆制品/蛋,10.5,5
2,椰树牌椰汁,饮料,植物蛋白,23.5,5
4,劲仔小鱼（麻辣味）,非饮料,肉干/豆制品/蛋,16.5,5
4,可乐可乐,饮料,碳酸饮料,28.0,5
3,50g马赛克手撕鱿鱼条,非饮料,海味零食,45.0,5
1,250ml燕塘红枣牛奶,饮料,乳制品,21.5,5
2,新麦潮天然酵母面包（牛奶风味）,非饮料,饼干糕点,20.0,5
2,188g澳门永辉鸡仔饼,非饮料,饼干糕点,170.0,5
3,500ml农夫果园 (芒果+菠萝+番石榴),饮料,果蔬饮料,23.0,5
4,优益C活菌型乳酸菌饮品,饮料,乳制品,42.0,5
4,乐虎,饮料,功能饮料,19.5,5
3,印尼芝士威化饼干,非饮料,饼干糕点,15.0,5
4,美汁源果粒橙,饮料,果蔬饮料,24.0,5
2,阿萨姆煎茶奶绿,饮料,茶饮料,20.0,5
4,益力多100g*5瓶,饮料,乳制品,62.5,5
3,尖叫,饮料,功能饮料,20.0,5
4,丽芝士纳宝帝奶酪威化饼干,非饮料,饼干糕点,17.5,5
3,80g香飘飘椰果奶茶原味,饮料,茶饮料,36.0,5
4,四洲粟一烧烧烤味,非饮料,膨化食品,54.0,5
3,65g卫龙亲嘴豆皮,非饮料,肉干/豆制品/蛋,22.5,5
1,450ml美汁源果粒橙,饮料,果蔬饮料,20.0,4
4,40g上好佳日式鱼果,非饮料,膨化食品,22.5,4
3,48g好丽友薯愿香烤原味,非饮料,膨化食品,24.0,4
4,40g卫龙点心面黑椒牛排味,非饮料,肉干/豆制品/蛋,20.5,4
3,40g乐事美国经典原味,非饮料,膨化食品,18.0,4
4,34g公仔迷你杯牛肉味,非饮料,方便速食,14.0,4
3,52g旺旺仙贝,非饮料,膨化食品,18.0,4
1,430g泰奇八宝粥,非饮料,方便速食,26.0,4
4,50g双层百力滋特浓番茄味,非饮料,饼干糕点,18.0,4
1,冰糖雪梨,饮料,果蔬饮料,13.5,4
3,卫龙亲嘴烧红烧牛肉味,非饮料,肉干/豆制品/蛋,9.0,4
2,尖叫,饮料,功能饮料,16.5,4
1,卫龙亲嘴烧红烧牛肉味,非饮料,肉干/豆制品/蛋,6.0,4
2,四洲粟一烧烧烤味,非饮料,膨化食品,54.0,4
2,熊字饼,非饮料,饼干糕点,12.5,4
2,泰奇八宝粥,非饮料,方便速食,27.5,4
2,旺仔牛奶,饮料,乳制品,11.2,4
2,康师傅矿泉水,饮料,水,4.7,4
1,250ml燕塘甜牛奶,饮料,乳制品,22.5,4
3,旺仔牛奶,饮料,乳制品,16.81,4
2,天地一号,饮料,果蔬饮料,20.0,4
4,合味道（浓猪骨）,非饮料,方便速食,28.0,4
3,250ml统一麦香奶茶,饮料,茶饮料,10.0,4
2,燕塘红枣牛奶,饮料,乳制品,18.0,4
4,188g澳门永辉鸡仔饼,非饮料,饼干糕点,136.0,4
4,好吃点,非饮料,饼干糕点,17.5,4
1,20g咪咪虾条马来西亚风味,非饮料,膨化食品,11.2,4
1,145ml旺仔牛奶盒装,饮料,乳制品,79.0,4
2,冰红茶（罐）,饮料,茶饮料,10.0,4
4,150g洽洽原香瓜子,非饮料,坚果炒货,28.0,4
1,维他奶,饮料,植物蛋白,12.0,4
4,燕塘原味酸奶,饮料,乳制品,18.0,4
2,225g味之不规则饼干芝士味,非饮料,饼干糕点,40.0,4
3,雪力矿泉水,饮料,水,8.0,4
2,205ml安慕希蓝莓味,饮料,乳制品,23.2,4
1,可口可乐330ml,饮料,碳酸饮料,11.0,4
3,250ml王老吉盒装,饮料,茶饮料,15.0,4
1,雪力矿泉水,饮料,水,8.0,4
3,225g味之不规则饼干芝士味,非饮料,饼干糕点,40.0,4
1,香脆肠,非饮料,肉干/豆制品/蛋,6.5,4
2,107g出前一丁桶面酱香牛肉王,非饮料,方便速食,24.0,4
1,110g顺宝九制话梅,非饮料,蜜饯/果干,20.0,4
4,70g乐事薯片（黄瓜味）,非饮料,膨化食品,31.5,4
4,80g香飘飘椰果奶茶麦香味,饮料,茶饮料,17.5,4
1,2g韩国海牌海苔,非饮料,海味零食,10.9,4
1,可口可乐（500ml）,饮料,碳酸饮料,12.0,4
1,12g劲仔小鱼麻辣味,非饮料,肉干/豆制品/蛋,9.0,4
2,150g洽洽原香瓜子,非饮料,坚果炒货,28.0,4
3,香脆肠,非饮料,肉干/豆制品/蛋,6.5,4
2,美年达（罐）,饮料,碳酸饮料,10.0,4
2,维他柠檬茶,饮料,茶饮料,20.0,4
2,维他原味豆奶,饮料,植物蛋白,14.0,4
2,180g统一满汉全席台式半筋半肉牛肉面,非饮料,方便速食,138.6,4
2,480ml小茗同学冷泡溜溜哒茶,饮料,茶饮料,33.0,4
4,10g越南LIPO奶味面包干0015,非饮料,饼干糕点,2.5,3
3,阿萨姆煎茶奶绿,饮料,茶饮料,12.0,3
4,100g卫龙点心面黑椒牛排味,非饮料,肉干/豆制品/蛋,23.2,3
4,10g越南LIPO奶味面包干,非饮料,饼干糕点,5.0,3
1,70g乐事薯片黄瓜味,非饮料,膨化食品,20.0,3
4,20g咩咩世界虾味条,非饮料,膨化食品,3.2,3
4,117gUFO炒面铁板色拉鱿鱼风味,非饮料,方便速食,19.5,3
1,50g上好佳日式鱼果,非饮料,膨化食品,18.0,3
1,45g双汇泡面拍挡,非饮料,肉干/豆制品/蛋,4.5,3
4,260g马来西亚进口茱蒂丝口口香饼干,非饮料,饼干糕点,72.0,3
4,250ml维他椰子植物蛋白饮料9374,饮料,植物蛋白,12.0,3
4,250ml维他椰子植物蛋白饮料,饮料,植物蛋白,12.0,3
4,250ml维他奶黑豆奶饮品,饮料,植物蛋白,9.0,3
3,小茗同学,饮料,茶饮料,15.0,3
1,500ml统一阿萨姆奶茶,饮料,茶饮料,15.0,3
4,250ML东鹏特饮,饮料,功能饮料,13.5,3
3,美年达（罐）,饮料,碳酸饮料,8.0,3
3,双汇玉米热狗肠,非饮料,肉干/豆制品/蛋,6.0,3
3,燕塘红枣牛奶,饮料,乳制品,13.5,3
3,百事可乐330ml,饮料,碳酸饮料,7.5,3
3,百事可乐500ml,饮料,碳酸饮料,9.0,3
1,80g四洲粟一烧烧烤味,非饮料,膨化食品,24.0,3
4,13g雀巢咖啡1+2特浓,饮料,咖啡,7.5,3
1,75g新麦潮天然酵母面包（北海道牛奶风味）,非饮料,饼干糕点,6.0,3
1,奥利奥原味芝士,非饮料,饼干糕点,20.0,3
1,600ml脉动青柠,饮料,功能饮料,18.0,3
3,优益C活菌型乳酸菌饮品,饮料,乳制品,28.0,3
2,80g香飘飘椰果奶茶原味,饮料,茶饮料,13.5,3
1,熊字饼,非饮料,饼干糕点,9.0,3
4,燕塘红枣牛奶,饮料,乳制品,13.5,3
2,68g多力多玉米片爆香热辣味,非饮料,膨化食品,24.0,3
4,燕塘甜牛奶,饮料,乳制品,13.5,3
1,湘潭铺子(羽泉版),非饮料,蜜饯/果干,30.0,3
2,78g合味道杯面香菇炖鸡风味,非饮料,方便速食,18.0,3
1,205g伊利安慕希原味,饮料,乳制品,16.5,3
1,250ml燕塘原味酸奶,饮料,乳制品,12.5,3
2,上好佳田园薯片,非饮料,膨化食品,12.0,3
2,农夫果园,饮料,果蔬饮料,16.5,3
2,冰糖雪梨,饮料,果蔬饮料,10.0,3
4,拿铁咖啡（统一）,饮料,咖啡,15.0,3
1,雀巢咖啡,饮料,咖啡,19.5,3
4,多芙利香草奶油味蛋糕,非饮料,饼干糕点,18.0,3
2,55g奥利奥迷你杯夹心小饼干杯装原味,非饮料,饼干糕点,16.5,3
2,50g双层百力滋特浓番茄味,非饮料,饼干糕点,13.5,3
2,500ml营养快线原味,饮料,乳制品,13.5,3
4,盼盼手撕面包,非饮料,饼干糕点,12.0,3
1,王老吉（罐）,饮料,茶饮料,11.0,3
2,40g卫龙点心面黑椒牛排味,非饮料,肉干/豆制品/蛋,21.0,3
2,40g乐事薯片墨西哥鸡汁番茄味,非饮料,膨化食品,13.5,3
2,40g上好佳日式鱼果,非饮料,膨化食品,13.5,3
2,32g卫龙亲嘴烧川香味,非饮料,肉干/豆制品/蛋,5.4,3
1,148g富甲一方紫薯仔,非饮料,蜜饯/果干,26.0,3
4,维他奶黑豆奶饮品,饮料,植物蛋白,10.5,3
2,250ml维他椰子植物蛋白饮料,饮料,植物蛋白,20.0,3
2,250ml维他奶低糖原味,饮料,植物蛋白,9.0,3
1,茉莉蜜茶,饮料,茶饮料,9.0,3
4,脉动（青柠）,饮料,功能饮料,15.0,3
2,145g果王迷你山楂包装,非饮料,蜜饯/果干,21.0,3
4,雪碧,饮料,碳酸饮料,28.0,3
4,可口可乐330ml（罐）,饮料,碳酸饮料,7.5,3
2,劲仔小鱼（卤香味）,非饮料,肉干/豆制品/蛋,4.5,3
4,50g双层百力滋奶咖味,非饮料,饼干糕点,13.5,3
1,口味王槟榔（红）,非饮料,蜜饯/果干,45.0,3
4,劲仔小鱼,非饮料,肉干/豆制品/蛋,4.5,3
2,雪碧,饮料,碳酸饮料,10.5,3
4,500ML宝矿力,饮料,功能饮料,16.5,3
2,雀巢咖啡,饮料,咖啡,30.0,3
3,20g马来西亚风味咪咪蟹味粒0219,非饮料,膨化食品,13.6,3
2,百事可乐330ml,饮料,碳酸饮料,8.5,3
2,盼盼手撕面包,非饮料,饼干糕点,12.0,3
4,5片装益达绿箭口香糖,非饮料,糖果/巧克力,6.0,3
4,70g乐事薯片（原味）,非饮料,膨化食品,18.5,3
1,好吃点小饼干,非饮料,饼干糕点,3.0,3
4,220g宝丰龙龟苓膏,非饮料,果冻/龟苓膏,9.0,2
4,红利群（硬）,非饮料,香烟,30.0,2
4,经典奶茶,饮料,茶饮料,8.0,2
4,55g奥利奥迷你杯夹心小饼干杯装原味,非饮料,饼干糕点,11.0,2
1,37.5g费列罗榛果威化巧克力3颗,非饮料,糖果/巧克力,23.6,2
4,500ml营养快线原味,饮料,乳制品,9.0,2
4,500ml统一冰糖雪梨,饮料,果蔬饮料,10.5,2
4,维他奶（巧克力味）,饮料,植物蛋白,7.0,2
4,500ml康师傅冰糖雪梨,饮料,果蔬饮料,7.0,2
4,480ml小茗同学冷泡溜溜哒茶,饮料,茶饮料,11.5,2
1,40g上好佳日式鱼果,非饮料,膨化食品,8.0,2
1,40g乐事薯片黄瓜味,非饮料,膨化食品,8.5,2
4,40g上好佳田园薯片番茄味,非饮料,膨化食品,9.0,2
4,68g多力多玉米片爆香热辣味,非饮料,膨化食品,16.0,2
1,30g元朗小蛋卷,非饮料,饼干糕点,5.0,2
1,500ml农夫果园 (芒果+菠萝+番石榴),饮料,果蔬饮料,14.0,2
4,123gUFO炒面XO酱海鲜风味,非饮料,方便速食,13.0,2
1,52g旺旺仙贝,非饮料,膨化食品,9.0,2
4,奥利奥原味芝士,非饮料,饼干糕点,8.0,2
4,小茗同学,饮料,茶饮料,10.0,2
4,加多宝,饮料,茶饮料,18.0,2
4,180g统一满汉全席台式半筋半肉牛肉面,非饮料,方便速食,118.8,2
4,冰红茶（罐）,饮料,茶饮料,5.0,2
4,新麦潮北海道吐司,非饮料,饼干糕点,8.0,2
4,新麦潮天然酵母面包（牛奶风味）,非饮料,饼干糕点,20.0,2
1,250ml红牛,饮料,功能饮料,13.0,2
4,旺仔牛奶145ml,饮料,乳制品,6.0,2
1,250ml维他奶低糖原味,饮料,植物蛋白,9.0,2
4,乐虎（380ml）,饮料,功能饮料,8.0,2
4,上好佳田园薯片,非饮料,膨化食品,8.0,2
1,500ml加多宝,饮料,茶饮料,9.0,2
1,58g丽芝士纳宝帝奶酪威化饼干,非饮料,饼干糕点,5.5,2
4,20g士力架,非饮料,糖果/巧克力,4.0,2
1,188g澳门永辉鸡仔饼,非饮料,饼干糕点,68.0,2
1,阿萨姆煎茶奶绿,饮料,茶饮料,8.0,2
3,86g合味道浓猪骨味,非饮料,方便速食,12.0,2
2,新麦潮手撕面包（提子味）,非饮料,饼干糕点,7.5,2
2,500ml康师傅冰糖雪梨,饮料,果蔬饮料,7.0,2
2,70g乐事薯片（原味）,非饮料,膨化食品,13.0,2
3,68g多力多玉米片爆香热辣味,非饮料,膨化食品,16.0,2
2,70g乐事薯片原味,非饮料,膨化食品,13.0,2
3,70g乐事薯片（黄瓜味）,非饮料,膨化食品,13.0,2
2,可口可乐330ml（罐）,饮料,碳酸饮料,5.0,2
1,康师傅矿泉水,饮料,水,3.0,2
2,500ml统一冰糖雪梨,饮料,果蔬饮料,10.5,2
3,103g康师傅红烧牛肉面,非饮料,方便速食,11.0,2
1,乐虎（380ml）,饮料,功能饮料,8.0,2
3,劲仔小鱼（卤香味）,非饮料,肉干/豆制品/蛋,6.0,2
3,怡宝矿泉水,饮料,水,4.0,2
3,100g卫龙点心面黑椒牛排味,非饮料,肉干/豆制品/蛋,11.6,2
3,劲仔小鱼（麻辣味）,非饮料,肉干/豆制品/蛋,31.5,2
3,卫龙亲嘴烧麦辣鸡汁味,非饮料,肉干/豆制品/蛋,3.0,2
3,合味道（海鲜风味）,非饮料,方便速食,14.0,2
1,百事可乐330ml,饮料,碳酸饮料,5.0,2
3,四洲粟一烧烧烤味,非饮料,膨化食品,18.0,2
3,20g士力架,非饮料,糖果/巧克力,4.0,2
2,40g上好佳田园薯片番茄味,非饮料,膨化食品,9.0,2
2,雪力矿泉水,饮料,水,4.0,2
1,椰树牌椰汁,饮料,植物蛋白,9.0,2
2,83g汤达人酸辣豚骨拉面,非饮料,方便速食,19.5,2
3,130g果王玉带蚕豆,非饮料,坚果炒货,14.0,2
3,50g双层百力滋奶咖味,非饮料,饼干糕点,8.5,2
1,手撕素肉排,非饮料,肉干/豆制品/蛋,2.0,2
3,180ml雀巢咖啡罐装,饮料,咖啡,13.5,2
3,250ml维他奶黑豆奶饮品,饮料,植物蛋白,9.0,2
3,250ml维他椰子植物蛋白饮料,饮料,植物蛋白,16.0,2
3,250ml维他椰子植物蛋白饮料9374,饮料,植物蛋白,8.0,2
3,260g马来西亚进口茱蒂丝口口香饼干,非饮料,饼干糕点,72.0,2
2,凤爪,非饮料,肉干/豆制品/蛋,5.0,2
2,健能酸奶,饮料,乳制品,20.0,2
1,凤爪,非饮料,肉干/豆制品/蛋,4.5,2
3,37.5g费列罗榛果威化巧克力3颗,非饮料,糖果/巧克力,21.8,2
3,370g泰奇八宝粥,非饮料,方便速食,12.0,2
3,150g洽洽原香瓜子,非饮料,坚果炒货,12.5,2
3,40g乐事薯片墨西哥鸡汁番茄味,非饮料,膨化食品,13.5,2
1,口味王槟榔（绿）,非饮料,蜜饯/果干,20.0,2
3,40g呀土豆薯片滋香烤鸡味,非饮料,膨化食品,9.0,2
2,卫龙亲嘴烧麦辣鸡汁味,非饮料,肉干/豆制品/蛋,3.0,2
2,丽芝士纳宝帝奶酪威化饼干,非饮料,饼干糕点,7.0,2
1,无穷农场盐_鸡蛋,非饮料,肉干/豆制品/蛋,12.5,2
1,无穷烤鸡小腿（蜂蜜）,非饮料,肉干/豆制品/蛋,9.0,2
2,260g马来西亚进口茱蒂丝口口香饼干,非饮料,饼干糕点,72.0,2
3,奥利奥原味芝士,非饮料,饼干糕点,8.0,2
1,85g统一老坛酸菜牛肉面,非饮料,方便速食,10.0,2
1,85g嘉士利果乐果香夹心饼干蓝莓味,非饮料,饼干糕点,9.0,2
3,汤达人方便面,非饮料,方便速食,10.0,2
2,10g越南LIPO奶味面包干0046,非饮料,饼干糕点,4.0,2
3,泰奇八宝粥,非饮料,方便速食,14.0,2
3,芙蓉王,非饮料,香烟,46.0,2
2,脉动（青柠）,饮料,功能饮料,10.0,2
3,燕塘甜牛奶,饮料,乳制品,9.0,2
2,多芙利香草奶油味蛋糕,非饮料,饼干糕点,12.0,2
3,益力多100g*5瓶,饮料,乳制品,27.0,2
3,诗竹竹纤维面巾纸,非饮料,纸巾,9.6,2
2,威化饼干,非饮料,饼干糕点,7.0,2
1,威化饼干,非饮料,饼干糕点,7.0,2
2,130g果王玉带蚕豆,非饮料,坚果炒货,14.0,2
2,美汁源果粒橙,饮料,果蔬饮料,8.0,2
3,维他奶（巧克力味）,饮料,植物蛋白,6.0,2
2,维他奶黑豆奶饮品,饮料,植物蛋白,7.0,2
1,尖叫,饮料,功能饮料,8.0,2
2,150抽诗竹竹纤维面巾纸,非饮料,纸巾,9.6,2
2,珠江纯生啤酒,饮料,功能饮料,9.0,2
1,好吃点,非饮料,饼干糕点,9.5,2
3,新麦潮天然酵母面包（牛奶风味）,非饮料,饼干糕点,8.0,2
2,湘潭铺子(羽泉版),非饮料,蜜饯/果干,20.0,2
3,雪碧,饮料,碳酸饮料,24.5,2
3,新麦潮手撕面包（提子味）,非饮料,饼干糕点,7.5,2
3,无穷农场盐_鸡蛋,非饮料,肉干/豆制品/蛋,6.5,2
1,诗竹竹纤维面巾纸,非饮料,纸巾,9.6,2
2,10g卫龙亲嘴烧香辣味,非饮料,肉干/豆制品/蛋,1.2,2
3,无穷烤鸡小腿（蜂蜜）,非饮料,肉干/豆制品/蛋,6.0,2
3,日式鱼果,非饮料,膨化食品,8.0,2
2,芙蓉王,非饮料,香烟,48.0,2
2,燕塘甜牛奶,饮料,乳制品,9.0,2
1,安慕希酸奶,饮料,乳制品,12.0,2
1,85g新麦潮手撕面包（提子味）,非饮料,饼干糕点,5.5,2
3,椰树牌椰汁,饮料,植物蛋白,9.0,2
1,维他奶黑豆奶饮品,饮料,植物蛋白,7.0,2
2,新麦潮天然酵母面包（良品铺子）,非饮料,饼干糕点,4.0,1
4,巧克力奶油味蛋糕,非饮料,饼干糕点,3.0,1
4,康师傅拉面(袋),非饮料,方便速食,2.0,1
2,新麦潮北海道吐司,非饮料,饼干糕点,4.0,1
2,口味王槟榔（绿色）,非饮料,蜜饯/果干,10.0,1
2,巧克力奶油味蛋糕,非饮料,饼干糕点,3.0,1
2,和成天下（黄）,非饮料,香烟,10.0,1
4,合味道（海鲜风味）,非饮料,方便速食,7.0,1
1,225g味之不规则饼干芝士味,非饮料,饼干糕点,10.0,1
1,250ML东鹏特饮,饮料,功能饮料,4.5,1
4,味之不规则饼干（芝士味）,非饮料,饼干糕点,10.0,1
2,多力多滋（热辣味）,非饮料,膨化食品,7.5,1
2,奥利奥原味芝士,非饮料,饼干糕点,4.0,1
2,好吃点小饼干,非饮料,饼干糕点,1.0,1
4,口味王槟榔（绿色）,非饮料,蜜饯/果干,10.0,1
2,合味道（海鲜风味）,非饮料,方便速食,14.0,1
2,合味道（浓猪骨）,非饮料,方便速食,7.0,1
2,可乐可乐,饮料,碳酸饮料,3.5,1
4,娃哈哈红枣酸奶,饮料,乳制品,3.5,1
2,小茗同学,饮料,茶饮料,5.0,1
1,20g马来西亚风味咪咪蟹味粒0219,非饮料,膨化食品,4.0,1
2,劲仔小鱼（麻辣味）,非饮料,肉干/豆制品/蛋,3.0,1
3,韩国海牌海苔,非饮料,海味零食,4.8,1
2,劲仔小鱼（香辣味）,非饮料,肉干/豆制品/蛋,1.5,1
4,越南LIPO奶味面包干10g,非饮料,饼干糕点,2.0,1
1,美年达（罐）,饮料,碳酸饮料,3.0,1
1,芬达330ml,饮料,碳酸饮料,2.5,1
2,20g士力架,非饮料,糖果/巧克力,2.0,1
4,脉动（椰子菠萝口味）,饮料,功能饮料,10.0,1
2,14g德芙巧克力,非饮料,糖果/巧克力,2.5,1
1,12g劲仔小鱼卤香味,非饮料,肉干/豆制品/蛋,1.5,1
1,120g达利园蔓越莓提子面包,非饮料,饼干糕点,6.0,1
2,145ml旺仔牛奶罐装,饮料,乳制品,3.0,1
4,越南LIPO奶味面包干100g,非饮料,饼干糕点,8.0,1
1,越南LIPO奶味面包干100g,非饮料,饼干糕点,8.0,1
2,250ml香满楼纯牛奶,饮料,乳制品,3.5,1
1,10g越南LIPO奶味面包干0015,非饮料,饼干糕点,2.0,1
1,钙芝奶酪味高钙威化饼干,非饮料,饼干糕点,1.5,1
2,117gUFO炒面铁板色拉鱿鱼风味,非饮料,方便速食,6.5,1
1,10g越南LIPO奶味面包干,非饮料,饼干糕点,2.0,1
1,107g出前一丁桶面酱香牛肉王,非饮料,方便速食,6.0,1
1,103g康师傅红烧牛肉面,非饮料,方便速食,5.5,1
2,100g越南LIPO奶味面包干,非饮料,饼干糕点,8.0,1
1,100g果王咸柑桔罐装,非饮料,蜜饯/果干,6.5,1
1,鸡爪,非饮料,肉干/豆制品/蛋,2.0,1
4,维他柠檬茶330ml（罐）,饮料,茶饮料,3.0,1
1,统一来一桶香辣老坛酸菜牛肉面,非饮料,方便速食,5.5,1
1,205ml安慕希蓝莓味,饮料,乳制品,5.8,1
2,65g格力高百力滋饼干巧克力味,非饮料,饼干糕点,5.5,1
2,劲仔小鱼（酱汁味）,非饮料,肉干/豆制品/蛋,1.5,1
2,加多宝,饮料,茶饮料,4.5,1
1,新麦潮天然酵母面包,非饮料,饼干糕点,4.0,1
4,新麦潮手撕面包（提子味）,非饮料,饼干糕点,4.0,1
2,乐虎（380ml）,饮料,功能饮料,4.0,1
2,乐事薯片（青柠）,非饮料,膨化食品,8.0,1
1,日式鱼果,非饮料,膨化食品,4.0,1
1,旺仔牛奶,饮料,乳制品,2.8,1
2,日式鱼果,非饮料,膨化食品,4.0,1
2,58.5g钙芝奶酪味高钙威化饼干,非饮料,饼干糕点,3.0,1
1,红利群（硬）,非饮料,香烟,15.0,1
1,150抽诗竹竹纤维面巾纸,非饮料,纸巾,4.8,1
4,珠江纯生啤酒,饮料,功能饮料,4.0,1
2,50g双层百力滋奶咖味,非饮料,饼干糕点,9.0,1
1,燕塘红枣牛奶,饮料,乳制品,4.5,1
2,500ml恒大冰泉矿泉水,饮料,水,2.5,1
1,150g洽洽原香瓜子,非饮料,坚果炒货,7.0,1
2,500ML宝矿力,饮料,功能饮料,5.5,1
1,150g健能酸奶原味,饮料,乳制品,4.0,1
1,14g德芙巧克力,非饮料,糖果/巧克力,2.5,1
2,70g乐事薯片青柠味,非饮料,膨化食品,6.5,1
4,83g汤达人酸辣豚骨拉面,非饮料,方便速食,6.5,1
1,小茗同学冷泡茶（乳酸菌味）,饮料,茶饮料,5.5,1
4,220g宝丰龙龟苓膏菊花味,非饮料,果冻/龟苓膏,5.0,1
1,50g双层百力滋奶咖味,非饮料,饼干糕点,4.5,1
1,50g上好佳田园薯片番茄味,非饮料,膨化食品,4.5,1
3,新麦潮北海道吐司,非饮料,饼干糕点,4.0,1
3,康师傅矿泉水,饮料,水,1.5,1
1,86g合味道浓猪骨味,非饮料,方便速食,7.0,1
3,娃哈哈红枣酸奶,饮料,乳制品,3.5,1
3,好吃点,非饮料,饼干糕点,4.5,1
4,250ml香满楼纯牛奶,饮料,乳制品,3.5,1
3,咪咪,非饮料,膨化食品,1.0,1
1,91g徐福记凤梨酥,非饮料,饼干糕点,6.5,1
1,40g呀土豆薯片滋香烤鸡味,非饮料,膨化食品,4.5,1
1,40g呀土豆番茄酱味,非饮料,膨化食品,4.5,1
3,加多宝,饮料,茶饮料,4.5,1
4,34g公仔迷你杯风味排骨味,非饮料,方便速食,3.5,1
3,乐虎,饮料,功能饮料,5.5,1
3,上好佳田园薯片,非饮料,膨化食品,4.0,1
1,优益C活菌型乳酸菌饮品,饮料,乳制品,21.0,1
3,83g汤达人酸辣豚骨拉面,非饮料,方便速食,6.5,1
3,80g马赛克香蕉片,非饮料,蜜饯/果干,7.0,1
3,80g香飘飘椰果奶茶麦香味,饮料,茶饮料,4.5,1
3,70g乐事薯片（原味）,非饮料,膨化食品,5.5,1
1,50g双层百力滋特浓番茄味,非饮料,饼干糕点,4.5,1
4,20g洽洽每日坚果,非饮料,坚果炒货,5.5,1
4,劲仔小鱼（香辣味）,非饮料,肉干/豆制品/蛋,1.5,1
3,旺仔牛奶145ml,饮料,乳制品,3.0,1
3,鸡爪,非饮料,肉干/豆制品/蛋,2.0,1
1,600ml可口可乐,饮料,碳酸饮料,3.0,1
1,65g卫龙亲嘴豆皮,非饮料,肉干/豆制品/蛋,9.0,1
1,70g乐事薯片原味,非饮料,膨化食品,6.5,1
3,越南LIPO奶味面包干100g,非饮料,饼干糕点,8.0,1
3,贡美苹果数据线,非饮料,其他,19.0,1
3,贡美忆江南充电宝5000mAh,非饮料,其他,58.0,1
3,芦荟汁,饮料,果蔬饮料,6.0,1
3,美汁源果粒橙,饮料,果蔬饮料,4.0,1
3,维他柠檬茶330ml（罐）,饮料,茶饮料,3.0,1
3,维他原味豆奶,饮料,植物蛋白,3.5,1
4,130g果王玉带蚕豆,非饮料,坚果炒货,7.0,1
1,56g益达无糖口香糖,非饮料,糖果/巧克力,13.0,1
3,经典奶茶,饮料,茶饮料,4.0,1
1,55g奥利奥迷你杯夹心小饼干杯装原味,非饮料,饼干糕点,5.5,1
4,145ml旺仔牛奶罐装,饮料,乳制品,3.0,1
3,红利群（硬）,非饮料,香烟,15.0,1
3,盼盼手撕面包,非饮料,饼干糕点,4.0,1
3,燕塘原味酸奶,饮料,乳制品,4.5,1
1,55g奥利奥原味夹心饼干,非饮料,饼干糕点,4.5,1
4,205ml安慕希蓝莓味,饮料,乳制品,5.8,1
3,68g好丽友蛋黄派2枚,非饮料,饼干糕点,4.5,1
3,56g益达无糖口香糖,非饮料,糖果/巧克力,13.0,1
4,40g盼盼手撕面包,非饮料,饼干糕点,2.0,1
1,40g上好佳田园薯片番茄味,非饮料,膨化食品,9.0,1
3,10g越南LIPO奶味面包干,非饮料,饼干糕点,1.0,1
4,78g卫龙亲语,非饮料,肉干/豆制品/蛋,4.5,1
4,78g合味道杯面香菇炖鸡风味,非饮料,方便速食,12.0,1
3,107g出前一丁桶面酱香牛肉王,非饮料,方便速食,6.0,1
4,80g粤光宝盒芒果干,非饮料,蜜饯/果干,11.0,1
3,100g果王咸柑桔罐装,非饮料,蜜饯/果干,6.5,1
1,600ml雪碧,饮料,碳酸饮料,1.8,1
2,鸡爪,非饮料,肉干/豆制品/蛋,2.0,1
1,260g马来西亚进口茱蒂丝口口香饼干,非饮料,饼干糕点,18.0,1
1,250ml维他椰子植物蛋白饮料9374,饮料,植物蛋白,4.0,1
1,咪咪虾条马来西亚风味,非饮料,膨化食品,0.8,1
2,越南LIPO奶味面包干100g,非饮料,饼干糕点,8.0,1
1,多芙利香草奶油味蛋糕,非饮料,饼干糕点,6.0,1
1,250ml维他奶巧克力味,饮料,植物蛋白,3.0,1
4,乐事薯片（青柠）,非饮料,膨化食品,8.0,1
4,乐事薯片（黄瓜味）,非饮料,膨化食品,8.0,1
2,维他柠檬茶330ml（罐）,饮料,茶饮料,3.0,1
2,统一阿萨姆奶茶,饮料,茶饮料,5.5,1
2,经典奶茶,饮料,茶饮料,4.0,1
2,燕塘原味酸奶,饮料,乳制品,4.5,1
4,劲仔小鱼（酱汁味）,非饮料,肉干/豆制品/蛋,3.0,1
3,117gUFO炒面铁板色拉鱿鱼风味,非饮料,方便速食,6.5,1
3,12g劲仔小鱼卤香味,非饮料,肉干/豆制品/蛋,3.0,1
1,可乐可乐,饮料,碳酸饮料,3.5,1
3,40g上好佳日式鱼果,非饮料,膨化食品,9.0,1
3,55g奥利奥迷你杯夹心小饼干杯装原味,非饮料,饼干糕点,5.5,1
1,370g泰奇八宝粥,非饮料,方便速食,6.0,1
3,50g双层百力滋特浓番茄味,非饮料,饼干糕点,4.5,1
3,50g上好佳田园薯片番茄味,非饮料,膨化食品,4.5,1
3,500ml营养快线原味,饮料,乳制品,4.5,1
3,500ml恒大冰泉矿泉水,饮料,水,7.5,1
3,480ml小茗同学冷泡溜溜哒茶,饮料,茶饮料,6.0,1
4,500ml恒大冰泉矿泉水,饮料,水,2.5,1
3,40g卫龙点心面黑椒牛排味,非饮料,肉干/豆制品/蛋,7.0,1
1,劲仔小鱼,非饮料,肉干/豆制品/蛋,1.5,1
3,13g雀巢咖啡1+2特浓,饮料,咖啡,5.0,1
1,劲仔小鱼（麻辣味）,非饮料,肉干/豆制品/蛋,3.0,1
4,58.5g钙芝奶酪味高钙威化饼干,非饮料,饼干糕点,3.0,1
1,卫龙亲嘴烧麦辣鸡汁味,非饮料,肉干/豆制品/蛋,1.5,1
1,100g卫龙点心面黑椒牛排味,非饮料,肉干/豆制品/蛋,5.8,1
3,220g宝丰龙龟苓膏菊花味,非饮料,果冻/龟苓膏,5.0,1
3,205ml安慕希蓝莓味,饮料,乳制品,5.8,1
4,60g湖湘贡手撕鸭脖原味,非饮料,肉干/豆制品/蛋,6.0,1
3,182g徐福记凤梨酥,非饮料,饼干糕点,13.0,1
3,145g果王迷你山楂包装,非饮料,蜜饯/果干,7.0,1
1,100g*5瓶益力多,饮料,乳制品,12.5,1
