商品,订单号
怡宝纯净水,999
脉动,759
东鹏特饮,525
阿萨姆奶茶,456
营养快线,435
王老吉（罐）,402
统一冰红茶,394
果粒橙,328
芬达330ml,271
雪碧最新款,259
伊利优酸乳,258
250ml维他柠檬茶,253
统一绿茶,246
王老吉（500ml）,238
红牛,231
可口可乐330ml,219
250ml维他原味豆奶,217
怡宝,182
银鹭八宝粥,166
250ml燕塘原味酸奶,134
250ml燕塘红枣牛奶,129
250ml燕塘甜牛奶,128
145ml旺仔牛奶盒装,127
伊利纯牛奶,127
可口可乐最新款,125
250ml红牛,116
268ml雀巢咖啡丝滑拿铁,95
雪碧（500ml）,82
500ml统一阿萨姆奶茶,80
维他奶,79
阿萨姆煎茶奶绿,76
维他柠檬茶,73
雪碧330ml,70
茉莉蜜茶,70
600ml雪碧,68
330ml伊利畅意乳酸菌原味,65
450ml美汁源果粒橙,61
可口可乐（500ml）,60
冰糖雪梨,59
600ml可口可乐,56
250ml维他奶巧克力味,53
500ml加多宝,52
205g伊利安慕希原味,51
600ml脉动青柠,41
维他原味豆奶,39
480ml小茗同学冷泡青柠红茶,37
150g健能酸奶原味,37
100g*5瓶益力多,33
500ml农夫果园 (芒果+菠萝+番石榴),32
乐虎,31
雀巢咖啡,30
燕塘原味酸奶,29
可乐可乐,29
美汁源果粒橙,26
250ml维他奶低糖原味,26
椰树牌椰汁,24
500ml康师傅冰糖雪梨,24
康师傅矿泉水,24
250ml统一麦香奶茶,23
250ml王老吉盒装,22
尖叫,22
燕塘甜牛奶,21
250ML东鹏特饮,20
180ml雀巢咖啡罐装,19
脉动（青柠）,18
80g香飘飘椰果奶茶麦香味,17
燕塘红枣牛奶,16
旺仔牛奶145ml,16
80g香飘飘椰果奶茶原味,16
百事可乐500ml,15
维他柠檬茶330ml（罐）,13
小茗同学,12
统一阿萨姆奶茶,12
旺仔牛奶,12
250ml维他椰子植物蛋白饮料,11
250ml维他椰子味豆奶7716,11
145ml旺仔牛奶罐装,11
冰红茶（罐）,10
维他奶（巧克力味）,10
加多宝,10
雪碧,8
480ml小茗同学冷泡溜溜哒茶,8
怡宝矿泉水,7
农夫果园,7
美年达（罐）,7
乐虎（380ml）,6
13g雀巢咖啡1+2特浓,5
205ml安慕希蓝莓味,5
小茗同学冷泡茶（乳酸菌味）,5
500ml营养快线原味,5
珠江纯生啤酒,5
250ml香满楼纯牛奶,4
500ml统一冰糖雪梨,4
500ML宝矿力,4
益力多100g*5瓶,4
安慕希酸奶,4
250ml维他奶黑豆奶饮品,3
可口可乐330ml（罐）,3
小茗同学（青柠红茶）,3
天地一号,3
脉动（椰子菠萝口味）,2
维他奶黑豆奶饮品,2
330ml伊利畅意乳酸菌草莓味,2
百事可乐330ml,2
健能酸奶,2
500ml恒大冰泉矿泉水,2
拿铁咖啡（统一）,2
雪力矿泉水,2
娃哈哈红枣酸奶,2
优益C活菌型乳酸菌饮品,2
芦荟汁,1
250ml维他椰子植物蛋白饮料9374,1
