商品,订单号
怡宝纯净水,1342
东鹏特饮,488
阿萨姆奶茶,457
脉动,431
营养快线,425
统一冰红茶,334
王老吉（500ml）,310
果粒橙,245
250ml维他柠檬茶,236
250ml维他原味豆奶,228
可口可乐330ml,212
统一绿茶,209
王老吉（罐）,201
红牛,198
芬达330ml,198
伊利优酸乳,179
伊利纯牛奶,175
145ml旺仔牛奶盒装,171
雪碧最新款,139
雪碧（500ml）,137
250ml燕塘甜牛奶,130
250ml燕塘原味酸奶,130
银鹭八宝粥,120
可口可乐最新款,116
250ml燕塘红枣牛奶,114
雪碧330ml,103
百事可乐500ml,102
250ml红牛,98
250ml维他奶巧克力味,95
268ml雀巢咖啡丝滑拿铁,94
维他奶,93
330ml伊利畅意乳酸菌原味,91
600ml可口可乐,87
450ml美汁源果粒橙,87
维他柠檬茶,79
500ml统一阿萨姆奶茶,78
205g伊利安慕希原味,66
冰糖雪梨,59
可口可乐（500ml）,57
600ml雪碧,51
100g*5瓶益力多,42
500ml加多宝,40
480ml小茗同学冷泡青柠红茶,39
600ml脉动青柠,38
怡宝,38
茉莉蜜茶,35
150g健能酸奶原味,35
雀巢咖啡,33
250ML东鹏特饮,27
500ml农夫果园 (芒果+菠萝+番石榴),25
美年达（罐）,22
180ml雀巢咖啡罐装,22
250ml王老吉盒装,21
阿萨姆煎茶奶绿,19
250ml维他奶低糖原味,18
维他原味豆奶,17
康师傅矿泉水,17
80g香飘飘椰果奶茶原味,17
椰树牌椰汁,17
可乐可乐,15
尖叫,15
250ml统一麦香奶茶,14
500ml营养快线原味,14
美汁源果粒橙,13
80g香飘飘椰果奶茶麦香味,13
500ml康师傅冰糖雪梨,13
250ml维他奶黑豆奶饮品,12
经典奶茶,12
乐虎（380ml）,12
燕塘甜牛奶,11
安慕希酸奶,11
燕塘红枣牛奶,9
益力多100g*5瓶,8
乐虎,8
健能酸奶,8
天地一号,8
脉动（青柠）,8
雪力矿泉水,7
可口可乐330ml（罐）,6
统一阿萨姆奶茶,6
250ml维他椰子植物蛋白饮料,6
加多宝,6
旺仔牛奶,6
冰红茶（罐）,6
500ML宝矿力,6
芦荟汁,5
340ml蒙牛优益C乳酸菌,5
205ml安慕希蓝莓味,5
优益C活菌型乳酸菌饮品,5
农夫果园,4
维他奶（巧克力味）,4
旺仔牛奶145ml,4
百事可乐330ml,4
珠江纯生啤酒,4
480ml小茗同学冷泡溜溜哒茶,4
燕塘原味酸奶,4
维他柠檬茶330ml（罐）,3
145ml旺仔牛奶罐装,3
13g雀巢咖啡1+2特浓,3
雪碧,3
怡宝矿泉水,3
小茗同学,2
500ml统一冰糖雪梨,2
250ml香满楼纯牛奶,2
330ml伊利畅意乳酸菌草莓味,2
小茗同学（青柠红茶）,2
500ml恒大冰泉矿泉水,1
娃哈哈红枣酸奶,1
脉动（椰子菠萝口味）,1
小茗同学冷泡茶（乳酸菌味）,1
250ml维他椰子植物蛋白饮料9374,1
拿铁咖啡（统一）,1
