商品,订单号
怡宝纯净水,1705
脉动,996
营养快线,805
阿萨姆奶茶,792
东鹏特饮,709
统一冰红茶,626
统一绿茶,490
果粒橙,470
王老吉（500ml）,417
王老吉（罐）,410
250ml维他柠檬茶,396
250ml维他原味豆奶,391
芬达330ml,382
伊利优酸乳,375
雪碧最新款,309
红牛,289
250ml燕塘原味酸奶,248
可口可乐330ml,244
伊利纯牛奶,241
250ml燕塘甜牛奶,232
145ml旺仔牛奶盒装,227
银鹭八宝粥,220
250ml燕塘红枣牛奶,206
可口可乐（500ml）,202
268ml雀巢咖啡丝滑拿铁,196
雪碧330ml,173
雪碧（500ml）,172
250ml红牛,172
维他柠檬茶,169
500ml统一阿萨姆奶茶,157
330ml伊利畅意乳酸菌原味,149
600ml可口可乐,145
冰糖雪梨,143
可口可乐最新款,142
600ml雪碧,140
450ml美汁源果粒橙,140
250ml维他奶巧克力味,138
美年达（罐）,133
维他奶,132
600ml脉动青柠,127
500ml加多宝,116
雀巢咖啡,97
维他原味豆奶,93
205g伊利安慕希原味,87
茉莉蜜茶,83
480ml小茗同学冷泡青柠红茶,77
可乐可乐,71
尖叫,67
100g*5瓶益力多,64
500ml农夫果园 (芒果+菠萝+番石榴),63
150g健能酸奶原味,58
250ml维他奶低糖原味,57
椰树牌椰汁,54
康师傅矿泉水,54
250ML东鹏特饮,49
旺仔牛奶,47
乐虎,47
燕塘红枣牛奶,47
加多宝,46
芦荟汁,44
250ml统一麦香奶茶,44
维他奶（巧克力味）,41
脉动（青柠）,40
燕塘甜牛奶,39
统一阿萨姆奶茶,38
雪碧,38
怡宝,37
雪力矿泉水,35
益力多100g*5瓶,34
农夫果园,29
旺仔牛奶145ml,29
燕塘原味酸奶,29
优益C活菌型乳酸菌饮品,28
美汁源果粒橙,27
健能酸奶,27
180ml雀巢咖啡罐装,24
500ml康师傅冰糖雪梨,23
145ml旺仔牛奶罐装,21
80g香飘飘椰果奶茶原味,20
250ml王老吉盒装,20
怡宝矿泉水,19
480ml小茗同学冷泡溜溜哒茶,15
百事可乐500ml,14
250ml维他椰子植物蛋白饮料,12
阿萨姆煎茶奶绿,11
80g香飘飘椰果奶茶麦香味,11
小茗同学,10
205ml安慕希蓝莓味,10
500ml营养快线原味,10
脉动（椰子菠萝口味）,9
500ml恒大冰泉矿泉水,9
拿铁咖啡（统一）,8
500ML宝矿力,7
250ml维他奶黑豆奶饮品,5
安慕希酸奶,5
13g雀巢咖啡1+2特浓,4
可口可乐330ml（罐）,3
330ml伊利畅意乳酸菌草莓味,3
500ml统一冰糖雪梨,3
250ml维他椰子味豆奶7716,3
乐虎（380ml）,2
经典奶茶,2
维他柠檬茶330ml（罐）,2
250ml维他椰子植物蛋白饮料9374,2
百事可乐330ml,2
冰红茶（罐）,2
340ml蒙牛优益C乳酸菌,2
珠江纯生啤酒,1
小茗同学（青柠红茶）,1
维他奶黑豆奶饮品,1
小茗同学冷泡茶（乳酸菌味）,1
