商品,订单号
怡宝纯净水,4964
脉动,2778
东鹏特饮,2581
阿萨姆奶茶,2396
营养快线,2239
统一冰红茶,1891
果粒橙,1356
统一绿茶,1284
王老吉（罐）,1258
250ml维他柠檬茶,1173
王老吉（500ml）,1160
250ml维他原味豆奶,1107
红牛,1064
伊利优酸乳,1057
雪碧最新款,963
芬达330ml,907
可口可乐330ml,783
145ml旺仔牛奶盒装,737
伊利纯牛奶,714
250ml燕塘原味酸奶,695
250ml燕塘甜牛奶,693
银鹭八宝粥,692
雪碧（500ml）,646
250ml燕塘红枣牛奶,641
可口可乐（500ml）,596
可口可乐最新款,582
268ml雀巢咖啡丝滑拿铁,529
250ml红牛,524
维他柠檬茶,444
雪碧330ml,432
维他奶,422
330ml伊利畅意乳酸菌原味,416
500ml统一阿萨姆奶茶,414
600ml可口可乐,391
250ml维他奶巧克力味,384
450ml美汁源果粒橙,382
怡宝,326
600ml雪碧,317
冰糖雪梨,316
600ml脉动青柠,292
205g伊利安慕希原味,289
500ml加多宝,275
美年达（罐）,264
茉莉蜜茶,261
480ml小茗同学冷泡青柠红茶,222
雀巢咖啡,218
100g*5瓶益力多,204
150g健能酸奶原味,189
维他原味豆奶,177
500ml农夫果园 (芒果+菠萝+番石榴),162
百事可乐500ml,161
可乐可乐,146
阿萨姆煎茶奶绿,140
250ML东鹏特饮,137
250ml维他奶低糖原味,135
尖叫,129
康师傅矿泉水,124
椰树牌椰汁,118
180ml雀巢咖啡罐装,115
250ml统一麦香奶茶,99
乐虎,99
250ml王老吉盒装,96
燕塘红枣牛奶,88
美汁源果粒橙,82
旺仔牛奶,82
雪力矿泉水,80
燕塘甜牛奶,80
80g香飘飘椰果奶茶原味,77
燕塘原味酸奶,74
加多宝,73
脉动（青柠）,72
80g香飘飘椰果奶茶麦香味,71
500ml康师傅冰糖雪梨,67
统一阿萨姆奶茶,66
维他奶（巧克力味）,61
雪碧,60
益力多100g*5瓶,58
农夫果园,55
百事可乐330ml,55
旺仔牛奶145ml,53
芦荟汁,52
优益C活菌型乳酸菌饮品,52
健能酸奶,47
怡宝矿泉水,44
480ml小茗同学冷泡溜溜哒茶,41
乐虎（380ml）,40
250ml维他椰子植物蛋白饮料,39
145ml旺仔牛奶罐装,38
500ml营养快线原味,38
250ml维他奶黑豆奶饮品,34
小茗同学,30
205ml安慕希蓝莓味,29
安慕希酸奶,26
冰红茶（罐）,26
500ML宝矿力,22
维他柠檬茶330ml（罐）,21
可口可乐330ml（罐）,19
经典奶茶,19
13g雀巢咖啡1+2特浓,16
500ml恒大冰泉矿泉水,16
250ml维他椰子味豆奶7716,16
500ml统一冰糖雪梨,15
天地一号,15
脉动（椰子菠萝口味）,14
拿铁咖啡（统一）,14
珠江纯生啤酒,13
250ml维他椰子植物蛋白饮料9374,11
维他奶黑豆奶饮品,10
小茗同学冷泡茶（乳酸菌味）,9
250ml香满楼纯牛奶,9
340ml蒙牛优益C乳酸菌,7
330ml伊利畅意乳酸菌草莓味,7
小茗同学（青柠红茶）,6
娃哈哈红枣酸奶,5
可乐（500ml）,2
