商品,订单号
东鹏特饮,411
怡宝纯净水,387
阿萨姆奶茶,365
营养快线,319
统一冰红茶,309
脉动,283
统一绿茶,188
红牛,180
雪碧最新款,178
王老吉（罐）,177
可口可乐（500ml）,176
果粒橙,168
可口可乐最新款,144
雪碧（500ml）,132
250ml维他柠檬茶,108
伊利优酸乳,102
250ml维他原味豆奶,96
王老吉（500ml）,87
美年达（罐）,83
银鹭八宝粥,83
伊利纯牛奶,81
145ml旺仔牛奶盒装,81
250ml燕塘甜牛奶,77
250ml燕塘原味酸奶,72
250ml红牛,67
维他柠檬茶,65
250ml燕塘红枣牛奶,64
600ml可口可乐,61
维他奶,56
可口可乐330ml,54
268ml雀巢咖啡丝滑拿铁,53
330ml伊利畅意乳酸菌原味,40
500ml统一阿萨姆奶茶,35
600ml脉动青柠,35
480ml小茗同学冷泡青柠红茶,33
百事可乐330ml,32
205g伊利安慕希原味,32
150g健能酸奶原味,31
茉莉蜜茶,31
250ml维他奶巧克力味,29
180ml雀巢咖啡罐装,28
100g*5瓶益力多,25
450ml美汁源果粒橙,25
250ML东鹏特饮,25
雀巢咖啡,24
500ml加多宝,23
雪碧330ml,19
600ml雪碧,19
维他原味豆奶,18
可乐可乐,18
80g香飘飘椰果奶茶麦香味,18
冰糖雪梨,16
乐虎（380ml）,15
怡宝,14
阿萨姆煎茶奶绿,14
250ml王老吉盒装,11
500ml农夫果园 (芒果+菠萝+番石榴),11
80g香飘飘椰果奶茶原味,10
康师傅矿泉水,10
250ml维他奶低糖原味,9
芬达330ml,9
健能酸奶,8
美汁源果粒橙,8
480ml小茗同学冷泡溜溜哒茶,7
雪力矿泉水,7
椰树牌椰汁,7
加多宝,7
尖叫,6
燕塘原味酸奶,6
益力多100g*5瓶,5
百事可乐500ml,5
燕塘红枣牛奶,5
怡宝矿泉水,4
安慕希酸奶,4
500ml康师傅冰糖雪梨,3
500ml营养快线原味,3
250ml维他奶黑豆奶饮品,3
统一阿萨姆奶茶,3
雪碧,3
250ml统一麦香奶茶,2
维他奶（巧克力味）,2
205ml安慕希蓝莓味,2
250ml维他椰子味豆奶7716,2
乐虎,2
250ml维他椰子植物蛋白饮料,2
燕塘甜牛奶,2
农夫果园,2
冰红茶（罐）,2
可乐（500ml）,2
可口可乐330ml（罐）,2
500ml统一冰糖雪梨,2
旺仔牛奶,2
旺仔牛奶145ml,1
250ml维他椰子植物蛋白饮料9374,1
小茗同学冷泡茶（乳酸菌味）,1
500ml恒大冰泉矿泉水,1
芦荟汁,1
脉动（青柠）,1
脉动（椰子菠萝口味）,1
经典奶茶,1
250ml香满楼纯牛奶,1
145ml旺仔牛奶罐装,1
500ML宝矿力,1
