商品,订单号
怡宝纯净水,531
东鹏特饮,448
阿萨姆奶茶,326
脉动,309
营养快线,255
统一冰红茶,228
250ml维他柠檬茶,180
250ml维他原味豆奶,175
红牛,166
统一绿茶,151
果粒橙,145
伊利优酸乳,143
145ml旺仔牛奶盒装,131
250ml燕塘红枣牛奶,128
250ml燕塘甜牛奶,126
雪碧（500ml）,123
250ml燕塘原味酸奶,111
王老吉（500ml）,108
银鹭八宝粥,103
可口可乐（500ml）,101
268ml雀巢咖啡丝滑拿铁,91
伊利纯牛奶,90
雪碧最新款,78
330ml伊利畅意乳酸菌原味,71
250ml红牛,71
250ml维他奶巧克力味,69
450ml美汁源果粒橙,69
王老吉（罐）,68
雪碧330ml,67
500ml统一阿萨姆奶茶,64
维他奶,62
维他柠檬茶,58
怡宝,55
可口可乐最新款,55
可口可乐330ml,54
205g伊利安慕希原味,53
600ml脉动青柠,51
芬达330ml,47
500ml加多宝,44
茉莉蜜茶,42
600ml可口可乐,42
100g*5瓶益力多,40
冰糖雪梨,39
600ml雪碧,39
480ml小茗同学冷泡青柠红茶,36
雀巢咖啡,34
500ml农夫果园 (芒果+菠萝+番石榴),31
雪力矿泉水,29
150g健能酸奶原味,28
百事可乐500ml,25
250ml维他奶低糖原味,25
250ml王老吉盒装,22
180ml雀巢咖啡罐装,22
阿萨姆煎茶奶绿,20
康师傅矿泉水,19
尖叫,19
美年达（罐）,19
优益C活菌型乳酸菌饮品,17
250ml统一麦香奶茶,16
250ML东鹏特饮,16
椰树牌椰汁,16
百事可乐330ml,15
旺仔牛奶,15
80g香飘飘椰果奶茶原味,14
可乐可乐,13
农夫果园,13
80g香飘飘椰果奶茶麦香味,12
250ml维他奶黑豆奶饮品,11
燕塘红枣牛奶,11
乐虎,11
怡宝矿泉水,11
维他原味豆奶,10
雪碧,8
美汁源果粒橙,8
250ml维他椰子植物蛋白饮料,8
480ml小茗同学冷泡溜溜哒茶,7
维他奶黑豆奶饮品,7
燕塘甜牛奶,7
统一阿萨姆奶茶,7
205ml安慕希蓝莓味,7
益力多100g*5瓶,7
燕塘原味酸奶,6
小茗同学,6
250ml维他椰子植物蛋白饮料9374,6
500ml营养快线原味,6
冰红茶（罐）,6
脉动（青柠）,5
乐虎（380ml）,5
可口可乐330ml（罐）,5
500ml康师傅冰糖雪梨,4
加多宝,4
13g雀巢咖啡1+2特浓,4
天地一号,4
经典奶茶,4
500ML宝矿力,4
维他奶（巧克力味）,4
500ml统一冰糖雪梨,4
珠江纯生啤酒,3
维他柠檬茶330ml（罐）,3
拿铁咖啡（统一）,3
旺仔牛奶145ml,3
500ml恒大冰泉矿泉水,3
安慕希酸奶,2
娃哈哈红枣酸奶,2
健能酸奶,2
250ml香满楼纯牛奶,2
145ml旺仔牛奶罐装,2
脉动（椰子菠萝口味）,1
芦荟汁,1
小茗同学冷泡茶（乳酸菌味）,1
